{
  "type": "FeatureCollection",
  "crs": {
    "type": "name",
    "properties": { "name": "urn:ogc:def:crs:OGC:1.3:CRS84" }
  },
  "features": [
    {
      "type": "Feature",
      "properties": {
        "shapeName": "Baden-Württemberg",
        "shapeISO": "DE-BW",
        "shapeID": "10402087B60055985875400",
        "shapeGroup": "DEU",
        "shapeType": "ADM1"
      },
      "geometry": {
        "type": "MultiPolygon",
        "coordinates": [
          [
            [
              [9.125932381000041, 47.668641198000046],
              [9.125664785000026, 47.669151467000063],
              [9.125444154000036, 47.669491113000049],
              [9.125137474000041, 47.669886744000053],
              [9.12451264300006, 47.670574883000029],
              [9.124252457000068, 47.671070976000067],
              [9.123952459000066, 47.671733025000037],
              [9.123726138000052, 47.672277105000035],
              [9.123620150000022, 47.672806783000055],
              [9.123518285000046, 47.673433289000059],
              [9.123335110000028, 47.673944622000079],
              [9.123116022000033, 47.674227213000052],
              [9.120986455000036, 47.675753575000044],
              [9.120834047000073, 47.674746096000035],
              [9.120527624000033, 47.674242830000026],
              [9.120316059000061, 47.673873935000074],
              [9.120727603000034, 47.673512108000068],
              [9.120948285000054, 47.673172471000044],
              [9.120792023000035, 47.672713913000052],
              [9.120676413000069, 47.672312943000065],
              [9.120895505000021, 47.672030358000029],
              [9.121292241000049, 47.67143612600006],
              [9.12181329200007, 47.670929074000071],
              [9.122332749000066, 47.670479073000081],
              [9.122979685000075, 47.670002147000048],
              [9.123584376000053, 47.669524683000077],
              [9.124016178000034, 47.669187711000063],
              [9.124447974000077, 47.668850736000081],
              [9.124610496000059, 47.668764295000074],
              [9.124919627000054, 47.668599872000073],
              [9.125304443000061, 47.66843351700004],
              [9.125769772000069, 47.668410857000026],
              [9.125932381000041, 47.668641198000046]
            ]
          ],
          [
            [
              [9.20114538200005, 47.705859296000028],
              [9.200583954000024, 47.705942478000054],
              [9.200285928000028, 47.706136654000034],
              [9.19985172500003, 47.706446046000053],
              [9.199430122000024, 47.706782550000071],
              [9.199078840000027, 47.706976087000044],
              [9.198777032000066, 47.70731401900008],
              [9.198342810000042, 47.707623405000049],
              [9.197871004000035, 47.707842462000031],
              [9.197319794000066, 47.708042592000027],
              [9.196811111000045, 47.708144361000052],
              [9.196129135000035, 47.708253042000081],
              [9.195342786000026, 47.708279578000031],
              [9.193074019000051, 47.707964769000057],
              [9.191935595000075, 47.707708432000061],
              [9.191287584000065, 47.707538868000029],
              [9.191025378000063, 47.707382924000058],
              [9.190926943000022, 47.707076154000049],
              [9.190778819000059, 47.706633969000052],
              [9.190283654000041, 47.706223564000027],
              [9.190140075000045, 47.70611398300008],
              [9.18974737700006, 47.705857601000048],
              [9.189310953000074, 47.705744496000079],
              [9.188775892000024, 47.70583692200006],
              [9.188280763000023, 47.705929827000034],
              [9.18796319300003, 47.705854099000078],
              [9.187832456000024, 47.705762646000039],
              [9.187810585000022, 47.70558262600008],
              [9.187928714000066, 47.705143645000078],
              [9.188120759000071, 47.704426932000047],
              [9.188319461000049, 47.703961958000036],
              [9.189033713000072, 47.703638008000041],
              [9.190043664000029, 47.703713074000063],
              [9.192627360000074, 47.703690190000032],
              [9.193174992000024, 47.703624860000048],
              [9.19368694700006, 47.703397318000043],
              [9.193945287000076, 47.703193697000074],
              [9.194246630000066, 47.702873749000048],
              [9.194568445000073, 47.702787729000079],
              [9.195886653000059, 47.70278554500004],
              [9.198598810000021, 47.702431510000054],
              [9.200340117000053, 47.70254218000008],
              [9.200840739000057, 47.70274588400008],
              [9.201219218000062, 47.703038007000032],
              [9.201545400000043, 47.703293555000073],
              [9.201830713000049, 47.703584565000028],
              [9.201824837000061, 47.703809190000072],
              [9.201697519000049, 47.704095282000026],
              [9.201340151000068, 47.704522436000047],
              [9.201077601000065, 47.704887805000055],
              [9.201068665000037, 47.705229235000047],
              [9.201153612000041, 47.705544821000046],
              [9.20114538200005, 47.705859296000028]
            ]
          ],
          [
            [
              [8.701282288000073, 47.715224234000061],
              [8.700498433000064, 47.71497344900007],
              [8.698593913000025, 47.715013322000061],
              [8.697391388000028, 47.713806189000081],
              [8.689686977000065, 47.711772712000027],
              [8.689784719000045, 47.710863723000045],
              [8.690292943000031, 47.710455950000039],
              [8.69032892000007, 47.709469517000059],
              [8.687194374000057, 47.708941715000037],
              [8.686361775000023, 47.708582988000046],
              [8.683961416000045, 47.708697587000074],
              [8.683418377000066, 47.709092858000076],
              [8.682794687000069, 47.709284617000037],
              [8.681885773000033, 47.709566748000043],
              [8.681117718000053, 47.709851225000079],
              [8.680663995000032, 47.710212298000044],
              [8.679943082000023, 47.710652149000055],
              [8.680263874000048, 47.711513732000071],
              [8.681052365000028, 47.711633930000062],
              [8.681326271000046, 47.711852559000079],
              [8.681417551000038, 47.712246520000065],
              [8.678110783000022, 47.713047485000061],
              [8.677507689000038, 47.713156316000038],
              [8.676911578000045, 47.713074989000063],
              [8.676318092000031, 47.712922350000042],
              [8.675266323000073, 47.712773924000032],
              [8.67432109300006, 47.71260348800007],
              [8.673679604000029, 47.712319218000061],
              [8.673110308000048, 47.711988587000064],
              [8.672512807000032, 47.711467206000066],
              [8.671962015000076, 47.711113096000076],
              [8.671419204000074, 47.711020740000038],
              [8.670854404000067, 47.711046933000034],
              [8.670117396000023, 47.711137266000037],
              [8.669543453000074, 47.711238966000053],
              [8.669114697000055, 47.711398249000069],
              [8.666208008000069, 47.712812074000055],
              [8.664634630000023, 47.713427746000036],
              [8.664843925000071, 47.71250512000006],
              [8.665881302000059, 47.707931583000061],
              [8.673181791000047, 47.705043198000055],
              [8.673814524000022, 47.704792824000037],
              [8.676489971000024, 47.697942984000065],
              [8.676374512000052, 47.697550941000031],
              [8.674077951000072, 47.697878152000044],
              [8.674092844000029, 47.696193025000071],
              [8.673765522000053, 47.695487946000071],
              [8.673041021000074, 47.694696705000069],
              [8.67248565400007, 47.69506898000003],
              [8.669723655000041, 47.693667506000054],
              [8.668073007000032, 47.693298162000076],
              [8.668274120000035, 47.692177908000076],
              [8.664590803000067, 47.692052958000033],
              [8.658439713000064, 47.691337836000059],
              [8.658526450000068, 47.690652573000079],
              [8.659546757000044, 47.690565513000081],
              [8.659509231000072, 47.689423262000048],
              [8.661905434000062, 47.688349095000035],
              [8.663821275000032, 47.688021860000049],
              [8.66386349000004, 47.687240522000081],
              [8.66351478200005, 47.686324372000058],
              [8.663354238000068, 47.685892562000049],
              [8.665820079000071, 47.685470529000042],
              [8.667565589000048, 47.685128899000063],
              [8.669053435000023, 47.684897070000034],
              [8.670616283000072, 47.684923343000037],
              [8.672126391000063, 47.685234110000067],
              [8.673752745000058, 47.685832209000068],
              [8.675962120000065, 47.686668373000032],
              [8.677672003000055, 47.687296353000079],
              [8.678956371000027, 47.688002808000078],
              [8.680361229000027, 47.688882503000059],
              [8.681933021000077, 47.689822048000053],
              [8.683594581000023, 47.690620367000065],
              [8.68504288400004, 47.691472186000055],
              [8.686106856000038, 47.692431745000079],
              [8.686958593000043, 47.693416300000081],
              [8.687812447000056, 47.694343803000038],
              [8.688843654000038, 47.695045927000081],
              [8.690226399000039, 47.695382860000052],
              [8.691156902000046, 47.695369781000068],
              [8.692220384000052, 47.695187661000034],
              [8.693633262000048, 47.694697384000051],
              [8.694961617000047, 47.694205687000078],
              [8.698631191000061, 47.693232697000042],
              [8.700582310000073, 47.692500687000063],
              [8.701958983000054, 47.691838467000025],
              [8.702781272000038, 47.691309782000076],
              [8.703688030000023, 47.690782483000078],
              [8.704506155000047, 47.690367878000075],
              [8.705446874000074, 47.690069446000052],
              [8.706457577000037, 47.689861606000079],
              [8.707655556000077, 47.68961524100007],
              [8.708270184000071, 47.689553445000058],
              [8.709310247000076, 47.689507633000062],
              [8.71014943800003, 47.689494465000053],
              [8.711187232000043, 47.689511521000043],
              [8.711598718000062, 47.689545247000069],
              [8.71220881000005, 47.689609200000064],
              [8.712620298000047, 47.689642923000065],
              [8.713033403000054, 47.689631726000073],
              [8.713859612000022, 47.689609327000028],
              [8.714498580000054, 47.689610819000052],
              [8.71491071500003, 47.689626566000072],
              [8.715321236000023, 47.689687229000072],
              [8.715690550000033, 47.689783171000045],
              [8.716058251000049, 47.689924031000032],
              [8.717719626000076, 47.69074226500004],
              [8.717234976000043, 47.69148189100008],
              [8.717125303000046, 47.691721318000077],
              [8.716990449000036, 47.692405436000058],
              [8.717494095000063, 47.692603948000055],
              [8.71745962600005, 47.693533571000046],
              [8.717454991000068, 47.694879401000037],
              [8.717439463000062, 47.695556973000066],
              [8.715461439000023, 47.695702950000054],
              [8.711427706000052, 47.696683240000027],
              [8.711675112000023, 47.697638640000037],
              [8.711949780000054, 47.701163937000047],
              [8.711693757000035, 47.701536645000033],
              [8.710778493000021, 47.702869007000061],
              [8.710229500000025, 47.703192956000066],
              [8.708994854000025, 47.704149180000059],
              [8.709192410000071, 47.704532967000034],
              [8.708827404000033, 47.704883719000065],
              [8.707987052000021, 47.707664474000069],
              [8.707128564000072, 47.709481692000054],
              [8.706335748000072, 47.709480531000054],
              [8.705990863000068, 47.710247823000032],
              [8.706566800000076, 47.710400010000058],
              [8.706477032000066, 47.710933666000074],
              [8.706122694000044, 47.711474858000031],
              [8.705620177000071, 47.711728203000064],
              [8.704607344000067, 47.713423947000081],
              [8.702976819000071, 47.714657604000081],
              [8.701282288000073, 47.715224234000061]
            ]
          ],
          [
            [
              [8.682067707000044, 49.618909913000039],
              [8.683707192000043, 49.619110543000033],
              [8.683972737000033, 49.619965448000073],
              [8.684052727000051, 49.620222967000075],
              [8.682327388000033, 49.620250488000067],
              [8.680116544000043, 49.62028571500008],
              [8.680067486000041, 49.618665103000069],
              [8.682067707000044, 49.618909913000039]
            ]
          ],
          [
            [
              [9.602077153000039, 47.584337997000034],
              [9.604643518000046, 47.585350590000075],
              [9.605029451000064, 47.585458737000067],
              [9.605885715000056, 47.585702290000029],
              [9.606516618000057, 47.58459319800005],
              [9.60725082700003, 47.583646703000056],
              [9.608107907000033, 47.582512503000032],
              [9.609796255000049, 47.583164361000058],
              [9.611353455000028, 47.583725259000062],
              [9.614055646000054, 47.581150338000043],
              [9.615295568000022, 47.58162771700006],
              [9.616576150000071, 47.582060481000042],
              [9.617712433000065, 47.582393212000056],
              [9.619756272000075, 47.583227522000072],
              [9.619814647000055, 47.584432133000064],
              [9.620718258000068, 47.585158336000063],
              [9.620297041000072, 47.585694095000065],
              [9.620167348000052, 47.586268157000063],
              [9.62015813000005, 47.586789277000037],
              [9.620266056000048, 47.587446138000075],
              [9.620497166000064, 47.587897316000067],
              [9.620912467000039, 47.588448830000061],
              [9.62398306800003, 47.590735780000045],
              [9.626340586000026, 47.592491436000046],
              [9.631390872000054, 47.593116013000042],
              [9.633101282000041, 47.594064230000072],
              [9.633256854000024, 47.594019126000035],
              [9.633915742000056, 47.593828096000038],
              [9.634463294000057, 47.593661720000057],
              [9.635706523000067, 47.593213319000029],
              [9.636431413000025, 47.592778759000055],
              [9.63756113900007, 47.591978976000064],
              [9.638595990000056, 47.591286264000075],
              [9.639269565000063, 47.590743446000033],
              [9.639886426000032, 47.590406856000072],
              [9.640690305000021, 47.590008839000063],
              [9.641398411000068, 47.589771810000059],
              [9.641998244000035, 47.589650741000071],
              [9.642543090000061, 47.589637069000048],
              [9.643284836000021, 47.589759738000055],
              [9.644205568000075, 47.590288186000066],
              [9.644543317000057, 47.590731165000079],
              [9.645213582000054, 47.591922608000061],
              [9.645233661000077, 47.592300183000077],
              [9.644857283000022, 47.592557821000071],
              [9.644296031000067, 47.592751099000054],
              [9.642973851000022, 47.593313902000034],
              [9.642689002000054, 47.593502257000068],
              [9.642729836000058, 47.593713008000066],
              [9.642826780000064, 47.593958119000035],
              [9.642918671000075, 47.594222468000055],
              [9.642752901000051, 47.594419349000077],
              [9.642337420000047, 47.594631739000079],
              [9.642158147000032, 47.594777910000062],
              [9.642184647000022, 47.595016938000072],
              [9.642272668000032, 47.595305190000033],
              [9.642266780000057, 47.595646618000046],
              [9.642048362000025, 47.595986369000059],
              [9.641537226000025, 47.59640386500007],
              [9.641057910000029, 47.596694168000056],
              [9.640876439000067, 47.59692066100007],
              [9.640931039000066, 47.597174403000054],
              [9.640906356000073, 47.597496013000068],
              [9.640687765000052, 47.597844746000078],
              [9.640616535000049, 47.598122755000077],
              [9.640596419000076, 47.598517988000026],
              [9.640710850000062, 47.598815437000042],
              [9.640971715000035, 47.599096071000076],
              [9.640470512000036, 47.600422067000068],
              [9.64020894600003, 47.600950184000055],
              [9.639979227000026, 47.601173023000058],
              [9.637889096000038, 47.60218089600005],
              [9.637411818000032, 47.602252975000056],
              [9.635966981000024, 47.602455486000053],
              [9.636679522000065, 47.603113183000062],
              [9.637691060000066, 47.604395041000032],
              [9.639400580000029, 47.603900256000031],
              [9.641835489000073, 47.603703834000044],
              [9.646759498000051, 47.604021164000073],
              [9.647642872000063, 47.605196303000071],
              [9.65381499700004, 47.605577008000068],
              [9.653349395000021, 47.607611391000034],
              [9.654229916000077, 47.607932090000077],
              [9.656107002000056, 47.609978370000078],
              [9.656669902000033, 47.610591967000062],
              [9.657709588000046, 47.611725250000063],
              [9.65891933000006, 47.611745236000047],
              [9.671443791000058, 47.611374111000032],
              [9.67645625800003, 47.608388031000061],
              [9.677539313000068, 47.60680147100004],
              [9.678102239000054, 47.604900654000062],
              [9.683887789000039, 47.604557833000058],
              [9.686872478000055, 47.606125138000039],
              [9.687804115000063, 47.607202022000081],
              [9.68897987500003, 47.607624282000074],
              [9.692151557000045, 47.610423472000036],
              [9.692594540000073, 47.60967712300004],
              [9.692327877000025, 47.608475935000058],
              [9.69269564700005, 47.607103779000056],
              [9.69503652700007, 47.60532390000003],
              [9.694582153000056, 47.604664545000048],
              [9.697562799000025, 47.603572302000032],
              [9.699049758000058, 47.60281944500008],
              [9.701409008000041, 47.603178275000062],
              [9.703060501000039, 47.602103071000045],
              [9.704846127000053, 47.601774674000069],
              [9.706293734000042, 47.601812211000038],
              [9.709496221000052, 47.602617338000073],
              [9.709250376000057, 47.603037898000025],
              [9.709389798000075, 47.603461260000074],
              [9.71110034000003, 47.604516078000074],
              [9.711481915000036, 47.604752486000052],
              [9.712022724000064, 47.606679444000065],
              [9.71510485500005, 47.60587501200007],
              [9.717957789000025, 47.607809622000048],
              [9.719587642000022, 47.608099904000028],
              [9.722675440000046, 47.60778055000003],
              [9.726917416000049, 47.606723472000056],
              [9.728155328000071, 47.608295856000041],
              [9.728540541000029, 47.609161260000064],
              [9.730030117000069, 47.611652001000039],
              [9.731581746000074, 47.613406686000076],
              [9.732740693000039, 47.61471720600008],
              [9.734340392000036, 47.616525992000049],
              [9.735304347000067, 47.615202818000057],
              [9.737049299000034, 47.613211156000034],
              [9.737457799000026, 47.611704345000078],
              [9.739545081000074, 47.613381404000052],
              [9.741725249000069, 47.615077045000078],
              [9.745651920000057, 47.617296986000042],
              [9.746882808000066, 47.616757360000065],
              [9.746799776000046, 47.615220147000059],
              [9.746899428000063, 47.613028211000028],
              [9.743146026000034, 47.609919899000033],
              [9.743810175000021, 47.608190196000066],
              [9.742414801000052, 47.60645514600003],
              [9.740399300000036, 47.606180486000028],
              [9.740357990000064, 47.604535739000028],
              [9.742433137000035, 47.604379483000059],
              [9.74771849900003, 47.603688311000042],
              [9.749870322000049, 47.605491412000049],
              [9.751011166000069, 47.606496735000064],
              [9.754047231000072, 47.608719205000057],
              [9.756066114000021, 47.60966759400003],
              [9.753379718000076, 47.611581200000046],
              [9.754884841000035, 47.614008799000032],
              [9.755416365000031, 47.614012440000067],
              [9.756130966000057, 47.614215026000068],
              [9.756657656000073, 47.614542130000075],
              [9.757074153000076, 47.615129077000063],
              [9.757597505000035, 47.615680807000047],
              [9.758453890000055, 47.616180890000066],
              [9.759548153000026, 47.616772448000063],
              [9.760407117000057, 47.617101796000043],
              [9.761174938000067, 47.617304711000031],
              [9.762131746000023, 47.617311208000046],
              [9.762901575000058, 47.617379332000041],
              [9.763959908000061, 47.61771000300007],
              [9.764617586000043, 47.618172747000074],
              [9.765601403000062, 47.619051056000046],
              [9.76793458700007, 47.620360798000036],
              [9.771376608000025, 47.624014341000077],
              [9.774775831000056, 47.625169324000069],
              [9.774470573000031, 47.626047938000056],
              [9.776185759000043, 47.626931031000026],
              [9.778235633000065, 47.628571163000061],
              [9.778175418000046, 47.629056021000054],
              [9.778160299000035, 47.629181728000049],
              [9.77782157200005, 47.630536404000054],
              [9.778684676000069, 47.630605035000031],
              [9.780212023000047, 47.630705015000046],
              [9.785447121000061, 47.630892298000049],
              [9.787566764000076, 47.632335017000059],
              [9.789146510000023, 47.633423704000052],
              [9.794859286000076, 47.635572660000037],
              [9.795256066000036, 47.635719012000038],
              [9.795359487000042, 47.635926367000081],
              [9.798895337000033, 47.642572119000079],
              [9.79948085500007, 47.643483510000067],
              [9.800141870000061, 47.644700920000048],
              [9.794909704000077, 47.647012579000034],
              [9.795646056000066, 47.647601463000058],
              [9.796781728000042, 47.648165963000054],
              [9.798951658000021, 47.649308565000069],
              [9.799322498000038, 47.649564010000063],
              [9.799738669000021, 47.649994621000076],
              [9.800196676000041, 47.650454256000046],
              [9.800909980000029, 47.650772466000035],
              [9.801668798000037, 47.650862979000067],
              [9.80247139100004, 47.650839550000057],
              [9.803939077000052, 47.650818035000043],
              [9.807974549000051, 47.651355998000042],
              [9.808426312000051, 47.651385829000048],
              [9.809025856000062, 47.651308760000063],
              [9.809746079000035, 47.651160563000076],
              [9.810695234000036, 47.650807124000039],
              [9.813730152000062, 47.649649092000061],
              [9.814529752000055, 47.649528323000027],
              [9.815234902000043, 47.649505804000057],
              [9.816176937000023, 47.649664496000071],
              [9.816930338000077, 47.650001724000049],
              [9.817178675000036, 47.650317805000043],
              [9.817373576000023, 47.650651524000068],
              [9.817529819000072, 47.650895136000031],
              [9.818029820000049, 47.652255214000036],
              [9.818652126000075, 47.653427342000043],
              [9.819071651000058, 47.65387030200003],
              [9.819811837000032, 47.654207427000074],
              [9.821880222000061, 47.654678642000079],
              [9.822818824000024, 47.655097861000058],
              [9.825227077000022, 47.656011461000048],
              [9.826046646000066, 47.656384982000077],
              [9.82716883300003, 47.657003001000078],
              [9.827472051000029, 47.657202577000078],
              [9.82855328200003, 47.657901207000066],
              [9.829381840000053, 47.658598270000027],
              [9.829720491000046, 47.659130555000047],
              [9.829925659000025, 47.659697963000042],
              [9.829772565000042, 47.660200260000067],
              [9.829357820000041, 47.660377434000054],
              [9.828944529000069, 47.66044677800005],
              [9.82870463200004, 47.660481244000039],
              [9.828369078000037, 47.660703835000049],
              [9.828284413000063, 47.661062770000058],
              [9.828398289000063, 47.661494822000066],
              [9.828841901000033, 47.662135596000041],
              [9.829433900000026, 47.662624513000026],
              [9.830330389000039, 47.663223139000081],
              [9.83079097500007, 47.66359441700007],
              [9.830919148000021, 47.663954663000027],
              [9.830979726000066, 47.664395372000058],
              [9.831235476000074, 47.665160793000041],
              [9.831394132000071, 47.665233660000069],
              [9.831535858000052, 47.665576016000045],
              [9.831616517000043, 47.666502118000039],
              [9.831670817000031, 47.667410086000075],
              [9.831625347000056, 47.667823185000032],
              [9.831396662000031, 47.668010497000068],
              [9.831275969000046, 47.668081648000054],
              [9.831129640000029, 47.668080749000069],
              [9.830890917000033, 47.668025363000027],
              [9.830653528000028, 47.667871133000062],
              [9.830347542000027, 47.668857765000041],
              [9.830482709000023, 47.670673871000076],
              [9.830606296000042, 47.671375579000028],
              [9.830854947000034, 47.671682649000047],
              [9.831462320000071, 47.672027869000033],
              [9.834162345000038, 47.67328985000006],
              [9.834607728000037, 47.672613291000062],
              [9.835657056000059, 47.672745511000073],
              [9.836398547000044, 47.670027121000032],
              [9.836602417000051, 47.669704849000027],
              [9.836977544000035, 47.669509432000041],
              [9.837310961000071, 47.669448557000067],
              [9.837816239000063, 47.669469605000074],
              [9.837827745000027, 47.66960447200006],
              [9.837937770000053, 47.670333048000032],
              [9.837923875000058, 47.671375398000066],
              [9.838014749000024, 47.674539206000077],
              [9.839754885000048, 47.674756464000041],
              [9.841187838000053, 47.675061700000072],
              [9.840993652000066, 47.675672992000045],
              [9.84033585800006, 47.677096486000039],
              [9.842190840000058, 47.677691836000065],
              [9.843495353000037, 47.677654777000043],
              [9.844051672000035, 47.676840355000081],
              [9.846074110000075, 47.675837042000069],
              [9.847042053000052, 47.67609447500007],
              [9.848040509000043, 47.676055526000027],
              [9.848747552000077, 47.675915974000077],
              [9.849521234000065, 47.675767828000062],
              [9.849853618000054, 47.675787786000058],
              [9.850196251000057, 47.676041455000075],
              [9.85084493200003, 47.677312426000071],
              [9.850969998000039, 47.677924257000029],
              [9.850910198000065, 47.678427147000036],
              [9.851545460000068, 47.67869154300007],
              [9.852286580000055, 47.678086877000055],
              [9.85289042200003, 47.677594200000044],
              [9.852982589000021, 47.675626697000041],
              [9.855239966000056, 47.675981577000073],
              [9.856653376000054, 47.67780521800006],
              [9.85828533800003, 47.677140860000065],
              [9.86006371600007, 47.677501802000052],
              [9.861526142000059, 47.677600253000037],
              [9.862035784000057, 47.677288712000063],
              [9.863174794000031, 47.676666324000053],
              [9.864164316000029, 47.676285687000075],
              [9.864658094000049, 47.676171745000033],
              [9.865470499000025, 47.67611357800007],
              [9.866069793000065, 47.676072137000062],
              [9.866709918000026, 47.675959037000041],
              [9.867484234000074, 47.675756849000038],
              [9.868086381000069, 47.675490751000041],
              [9.868593675000056, 47.675358896000034],
              [9.869192958000042, 47.675317438000036],
              [9.869671928000059, 47.675320212000031],
              [9.871308179000039, 47.675347647000081],
              [9.873356539000042, 47.67540438900005],
              [9.874328012000035, 47.67539200300007],
              [9.874861671000076, 47.675278244000026],
              [9.875195985000062, 47.675145366000038],
              [9.875398720000021, 47.674894908000056],
              [9.87578344700006, 47.673926573000074],
              [9.875999365000041, 47.673685176000049],
              [9.876453516000026, 47.673543994000056],
              [9.87695885200003, 47.673564860000056],
              [9.878099191000047, 47.673876921000044],
              [9.878563156000041, 47.67401436800003],
              [9.879121266000027, 47.674071471000047],
              [9.879562107000027, 47.673930201000076],
              [9.880083781000053, 47.673708511000029],
              [9.880380175000028, 47.67341364400005],
              [9.88046571700005, 47.672955821000073],
              [9.880623830000047, 47.672013141000036],
              [9.880844645000025, 47.671376358000032],
              [9.881050695000056, 47.670856315000037],
              [9.881454278000035, 47.670499151000058],
              [9.882766167000057, 47.669850586000052],
              [9.883874797000033, 47.66949740900003],
              [9.884490195000069, 47.669222310000066],
              [9.884893183000031, 47.668910063000055],
              [9.885123561000057, 47.668569880000064],
              [9.885234990000072, 47.668166119000034],
              [9.88548600300004, 47.667232948000049],
              [9.885690210000064, 47.666856671000062],
              [9.885921240000073, 47.666462572000057],
              [9.886377850000031, 47.666114677000053],
              [9.888356766000072, 47.665299065000056],
              [9.889223720000075, 47.665115218000039],
              [9.890022392000049, 47.665074765000043],
              [9.89059437800006, 47.665077969000038],
              [9.890767524000069, 47.665060966000055],
              [9.890900654000063, 47.665052724000077],
              [9.891274431000056, 47.664946978000046],
              [9.891702955000028, 47.664715728000033],
              [9.892081677000022, 47.664205619000029],
              [9.892675085000064, 47.663543938000032],
              [9.893277498000032, 47.663232774000051],
              [9.894171111000048, 47.663040052000042],
              [9.895569841000054, 47.662877087000027],
              [9.896635046000029, 47.662793133000037],
              [9.897355720000064, 47.662599426000043],
              [9.89838340600005, 47.662317547000043],
              [9.899023280000051, 47.662204259000077],
              [9.900115175000053, 47.662111433000064],
              [9.900713622000069, 47.662123716000053],
              [9.901352730000042, 47.662073315000043],
              [9.901860340000042, 47.661896378000051],
              [9.902087433000077, 47.661816749000081],
              [9.90290225900003, 47.661533658000053],
              [9.903701618000071, 47.661430204000055],
              [9.904590418000055, 47.66163277000004],
              [9.905902390000051, 47.662044326000057],
              [9.90662065500004, 47.662048244000061],
              [9.907555169000034, 47.661765771000034],
              [9.908835500000066, 47.661485169000059],
              [9.909940876000064, 47.66137434500007],
              [9.912110646000031, 47.66124230500003],
              [9.913761986000054, 47.661080472000037],
              [9.914481932000058, 47.660940566000079],
              [9.915040254000075, 47.660970527000075],
              [9.915691259000027, 47.661036928000044],
              [9.916303314000061, 47.661022240000079],
              [9.916997178000031, 47.660837245000039],
              [9.918000115000041, 47.66038431000004],
              [9.920118273000071, 47.659201086000053],
              [9.922525448000044, 47.65785629800007],
              [9.923377019000043, 47.657638961000032],
              [9.924083296000049, 47.657428713000058],
              [9.924650461000056, 47.65707506800004],
              [9.925006758000052, 47.656696530000033],
              [9.925507928000059, 47.655962111000065],
              [9.926113276000024, 47.655347121000034],
              [9.926854696000021, 47.655137043000082],
              [9.927945525000041, 47.655142782000041],
              [9.928755671000033, 47.655075709000073],
              [9.929427246000046, 47.654817693000041],
              [9.930170826000051, 47.654417393000074],
              [9.930596347000062, 47.654134305000071],
              [9.931482291000066, 47.653904555000054],
              [9.93262549800005, 47.653955453000037],
              [9.933567786000026, 47.654131101000075],
              [9.934745478000025, 47.654658428000062],
              [9.935366765000026, 47.654994146000035],
              [9.935657412000069, 47.655166393000059],
              [9.936691709000058, 47.655441340000039],
              [9.937673023000059, 47.655698031000043],
              [9.93831536700003, 47.655913926000039],
              [9.938770133000048, 47.656154036000032],
              [9.939151842000058, 47.656631529000038],
              [9.939357610000059, 47.657108115000028],
              [9.939669757000047, 47.657513919000053],
              [9.940299155000048, 47.65787380300003],
              [9.940860857000075, 47.657995572000061],
              [9.941355122000061, 47.657855452000035],
              [9.941569470000047, 47.65757123700007],
              [9.941751030000034, 47.657072866000078],
              [9.941932319000045, 47.656598270000075],
              [9.942218103000073, 47.656219315000044],
              [9.942714747000025, 47.655865215000063],
              [9.943316950000053, 47.655511654000065],
              [9.943883423000045, 47.655205459000058],
              [9.944518671000026, 47.655042270000081],
              [9.94522269600003, 47.655022084000052],
              [9.945749456000044, 47.655119874000036],
              [9.946379927000066, 47.655384621000053],
              [9.947081841000056, 47.655554624000047],
              [9.947679514000072, 47.655605211000079],
              [9.948348095000028, 47.655608602000029],
              [9.948945507000076, 47.655682958000057],
              [9.950833896000063, 47.656054778000055],
              [9.951228614000058, 47.656119673000035],
              [9.951550457000053, 47.656172697000045],
              [9.952219188000072, 47.655949701000054],
              [9.952612096000053, 47.655635721000067],
              [9.953250825000055, 47.655153942000027],
              [9.954395645000034, 47.65473176200004],
              [9.95536867800007, 47.65456535800007],
              [9.956300469000041, 47.654313280000054],
              [9.95706423200005, 47.653974807000054],
              [9.957661647000066, 47.653407159000039],
              [9.958005652000054, 47.652838246000044],
              [9.95834714700004, 47.652497660000051],
              [9.958897426000021, 47.65230099300004],
              [9.959522463000042, 47.652304099000048],
              [9.96007856600005, 47.652531516000067],
              [9.960473723000064, 47.652883939000048],
              [9.96086839700007, 47.653281290000052],
              [9.961316274000069, 47.65367890300007],
              [9.961779599000067, 47.653878893000069],
              [9.962442804000034, 47.654043923000074],
              [9.963108441000031, 47.653984306000041],
              [9.96369515400005, 47.653843419000054],
              [9.96454987900006, 47.653515137000056],
              [9.965202788000056, 47.653401526000039],
              [9.966160604000038, 47.653379270000073],
              [9.967117841000061, 47.653410921000045],
              [9.968472222000059, 47.653615242000058],
              [9.969348615000058, 47.653745326000035],
              [9.970053178000057, 47.653775718000077],
              [9.970746357000053, 47.653626326000051],
              [9.973033323000038, 47.65525148200004],
              [9.975419399000032, 47.65694690600003],
              [9.976030707000064, 47.658213597000042],
              [9.976635827000052, 47.659467401000029],
              [9.977723419000029, 47.661720715000058],
              [9.97536086100007, 47.66374924400003],
              [9.976022662000048, 47.665325038000049],
              [9.97760740700005, 47.666048047000061],
              [9.978652552000028, 47.666388883000081],
              [9.980659236000065, 47.667043248000027],
              [9.981930929000043, 47.668104868000057],
              [9.987569015000076, 47.672810874000049],
              [9.989868235000074, 47.675161281000044],
              [9.991277551000053, 47.676055222000059],
              [9.993252763000044, 47.676774359000035],
              [9.993902615000025, 47.676984069000071],
              [9.995988177000072, 47.67732624100006],
              [9.997064478000027, 47.678787016000058],
              [9.997936121000066, 47.679438060000052],
              [9.998345610000058, 47.679736500000047],
              [9.999841141000047, 47.680543171000068],
              [10.00105620000005, 47.681456375000039],
              [10.001902410000071, 47.681999436000069],
              [10.003030600000045, 47.682292157000063],
              [10.004253924000068, 47.682387598000048],
              [10.005691952000063, 47.682304271000078],
              [10.007422367000061, 47.682258195000031],
              [10.009071250000034, 47.682382465000046],
              [10.011010679000037, 47.682732677000047],
              [10.012364099000024, 47.683134149000068],
              [10.013877754000021, 47.683482402000038],
              [10.015526167000075, 47.683660491000069],
              [10.017426556000032, 47.68392953700004],
              [10.01910248300004, 47.684017830000073],
              [10.020285959000034, 47.684112914000082],
              [10.021176160000039, 47.684260615000028],
              [10.022064722000039, 47.684579044000031],
              [10.024438226000029, 47.685479094000073],
              [10.025489566000033, 47.686069647000068],
              [10.028645217000076, 47.686983018000035],
              [10.029237702000046, 47.685973457000046],
              [10.028982356000029, 47.68484283500004],
              [10.029439420000074, 47.68439459700005],
              [10.031171839000024, 47.682695543000079],
              [10.03021820400005, 47.680813273000069],
              [10.02840632300007, 47.679637209000077],
              [10.028288531000044, 47.679430011000079],
              [10.027738310000075, 47.678520001000038],
              [10.02955266400005, 47.678024618000052],
              [10.02989946100007, 47.677936253000041],
              [10.029062304000036, 47.676413937000063],
              [10.029551166000033, 47.675373633000049],
              [10.030491263000044, 47.674452097000028],
              [10.033470384000054, 47.676001571000029],
              [10.034618329000068, 47.675611084000082],
              [10.036700593000035, 47.676329888000055],
              [10.036283684000068, 47.676804390000029],
              [10.03647873500006, 47.677290484000025],
              [10.037381999000047, 47.677456081000059],
              [10.038736323000023, 47.677767364000033],
              [10.039607768000053, 47.677061129000037],
              [10.040144061000035, 47.676623064000069],
              [10.043366091000053, 47.677849785000035],
              [10.042686530000026, 47.676507964000052],
              [10.041980561000059, 47.675148057000058],
              [10.045515140000077, 47.67565711900005],
              [10.047039973000039, 47.67623860100008],
              [10.045989188000021, 47.677654068000038],
              [10.048156748000054, 47.679262659000074],
              [10.048338928000021, 47.681177515000059],
              [10.048337620000041, 47.681321292000064],
              [10.050827003000052, 47.681214767000029],
              [10.051079925000067, 47.679733057000078],
              [10.054859834000069, 47.679640740000082],
              [10.059116046000042, 47.680585198000074],
              [10.059312463000026, 47.680628778000028],
              [10.06073314300005, 47.677638684000044],
              [10.062437033000037, 47.676047769000036],
              [10.064257170000076, 47.67476322300007],
              [10.064347185000031, 47.67208566000005],
              [10.066287575000047, 47.667753030000029],
              [10.06738632400004, 47.665322125000046],
              [10.068396067000037, 47.663425542000027],
              [10.070406924000054, 47.661895145000074],
              [10.071622331000071, 47.661348330000067],
              [10.075161682000044, 47.658334511000078],
              [10.073413687000027, 47.654337810000072],
              [10.07188693300003, 47.650935049000054],
              [10.071626, 47.650349923000078],
              [10.073201141000027, 47.649664180000059],
              [10.075029822000033, 47.648871572000076],
              [10.074092392000068, 47.646102327000051],
              [10.073823640000057, 47.645308356000044],
              [10.072017981000045, 47.643441148000079],
              [10.07427980500006, 47.640179094000075],
              [10.077292399000044, 47.639274263000061],
              [10.078558539000028, 47.640483306000078],
              [10.076940816000047, 47.641528396000069],
              [10.076004887000067, 47.642135805000066],
              [10.076308629000039, 47.64237961300006],
              [10.081326041000068, 47.646568578000029],
              [10.081139768000071, 47.646713085000044],
              [10.079666232000022, 47.64785617800004],
              [10.081142310000075, 47.64943444000005],
              [10.082327271000054, 47.649268259000053],
              [10.082945112000061, 47.650124310000081],
              [10.082273627000063, 47.650903528000072],
              [10.081656073000033, 47.651593088000027],
              [10.082032435000031, 47.652699829000028],
              [10.082473195000034, 47.654058430000077],
              [10.08176379400004, 47.654594876000033],
              [10.081362313000056, 47.654889875000038],
              [10.082516199000054, 47.65527172700007],
              [10.083298690000049, 47.655535325000073],
              [10.085322141000063, 47.656908952000038],
              [10.085359866000033, 47.657169694000061],
              [10.085557044000041, 47.657449017000033],
              [10.086033230000055, 47.657765346000076],
              [10.088206507000052, 47.658735112000045],
              [10.088748854000073, 47.659096611000052],
              [10.089251603000037, 47.65942201200005],
              [10.090215663000038, 47.660261362000028],
              [10.088385066000058, 47.662869442000044],
              [10.090806263000047, 47.662842626000042],
              [10.093214156000045, 47.66281570700005],
              [10.093423672000029, 47.663220870000032],
              [10.093656929000076, 47.663976584000068],
              [10.093821110000022, 47.665046558000029],
              [10.093881744000043, 47.665765683000075],
              [10.093943481000053, 47.666350019000049],
              [10.093631713000036, 47.66705876900005],
              [10.093146630000035, 47.667811802000074],
              [10.092941194000048, 47.668529935000038],
              [10.093334477000042, 47.669241319000037],
              [10.093530497000074, 47.66967339200005],
              [10.093527261000077, 47.670068776000051],
              [10.093312049000076, 47.670355533000077],
              [10.092924107000044, 47.670614685000032],
              [10.091963359000033, 47.670961553000041],
              [10.091736529000059, 47.671041579000075],
              [10.09130895800007, 47.671264632000032],
              [10.091121075000046, 47.671461624000074],
              [10.089245367000046, 47.673045137000031],
              [10.089975253000034, 47.673272546000078],
              [10.090779006000048, 47.673671530000036],
              [10.092651229000069, 47.672023722000063],
              [10.094647285000065, 47.671393935000026],
              [10.095775264000054, 47.670686332000059],
              [10.096791601000064, 47.669469850000041],
              [10.097542928000053, 47.668690826000045],
              [10.098827558000039, 47.66835364700006],
              [10.099890811000023, 47.667890718000081],
              [10.101328473000024, 47.667779172000053],
              [10.102153906000069, 47.667701315000045],
              [10.102966105000064, 47.667614418000028],
              [10.103791747000059, 47.667509592000044],
              [10.104804056000035, 47.667351519000078],
              [10.105403541000044, 47.667245859000047],
              [10.106202923000069, 47.667095988000028],
              [10.107988478000038, 47.66672501100004],
              [10.108574930000032, 47.666583342000081],
              [10.110134586000072, 47.666175572000043],
              [10.110720956000023, 47.666042878000042],
              [10.111120453000069, 47.665990388000068],
              [10.111924999000053, 47.666701486000079],
              [10.113580914000067, 47.666493392000064],
              [10.113289692000023, 47.669296067000062],
              [10.116689121000036, 47.670116853000081],
              [10.117623439000056, 47.671450106000066],
              [10.120595019000064, 47.672574800000064],
              [10.123051673000077, 47.673194401000046],
              [10.124199301000033, 47.674501379000048],
              [10.12661158700007, 47.675731815000063],
              [10.129336189000071, 47.676136523000025],
              [10.130059543000073, 47.677271257000029],
              [10.129973214000074, 47.678142635000029],
              [10.130732454000054, 47.679825654000069],
              [10.130066859000067, 47.681647620000035],
              [10.132471855000063, 47.683929309000064],
              [10.132769417000077, 47.685080567000057],
              [10.131735197000069, 47.686362125000073],
              [10.130373634000023, 47.686914667000053],
              [10.130498891000059, 47.687966499000026],
              [10.129809911000052, 47.689339077000056],
              [10.128322275000073, 47.69071791500005],
              [10.131558706000021, 47.692211671000052],
              [10.131735307000042, 47.69352428600007],
              [10.139250553000068, 47.697880903000055],
              [10.13966528800006, 47.69942794800005],
              [10.139231221000045, 47.700540833000048],
              [10.139456734000021, 47.702482661000033],
              [10.139437678000036, 47.703273409000076],
              [10.138476165000043, 47.70368360100008],
              [10.137621335000063, 47.704067180000038],
              [10.137153681000029, 47.704299272000071],
              [10.136711924000053, 47.704630301000066],
              [10.13652363500006, 47.704890282000065],
              [10.136240046000069, 47.70543751200006],
              [10.135998762000042, 47.70566136900004],
              [10.135691768000072, 47.705768181000053],
              [10.135465113000066, 47.705812355000035],
              [10.135251640000035, 47.705874546000075],
              [10.133853155000054, 47.705950734000055],
              [10.133280420000062, 47.705984753000052],
              [10.132533547000037, 47.706161967000071],
              [10.131932516000063, 47.70642054700005],
              [10.131184163000057, 47.706795450000072],
              [10.129379799000048, 47.70773291200004],
              [10.126224430000036, 47.709492481000041],
              [10.122519792000048, 47.711663442000031],
              [10.120899232000056, 47.712897962000056],
              [10.120308555000065, 47.71352496600008],
              [10.11993063400007, 47.714188656000033],
              [10.119484679000038, 47.715040826000063],
              [10.119200222000075, 47.715668895000078],
              [10.118834758000048, 47.716440465000062],
              [10.118511857000044, 47.716870692000043],
              [10.11797499100004, 47.717416995000065],
              [10.117290106000041, 47.718160481000041],
              [10.11673899300007, 47.718823554000039],
              [10.116428889000076, 47.719316727000034],
              [10.116291968000041, 47.719801524000047],
              [10.116275176000045, 47.720250796000073],
              [10.116310333000058, 47.720870999000056],
              [10.116439059000072, 47.721446597000067],
              [10.116646721000052, 47.722148287000039],
              [10.116708589000041, 47.722759597000049],
              [10.11669984100007, 47.723891886000047],
              [10.116875746000062, 47.725258479000047],
              [10.117015380000055, 47.726148651000074],
              [10.117275375000077, 47.726976340000078],
              [10.118123256000047, 47.729297883000072],
              [10.118538976000025, 47.730665319000082],
              [10.118651947000046, 47.731564386000059],
              [10.118725513000072, 47.732391422000035],
              [10.118638682000039, 47.733289792000051],
              [10.11840552700005, 47.734160690000067],
              [10.11785425100004, 47.734823778000077],
              [10.117264592000026, 47.735280033000038],
              [10.11606193700004, 47.735761088000061],
              [10.115700245000028, 47.736020429000064],
              [10.115619342000059, 47.736145959000055],
              [10.115470926000057, 47.736388078000061],
              [10.115255205000039, 47.736719827000059],
              [10.114644917000021, 47.738110621000033],
              [10.114089002000071, 47.739357816000052],
              [10.113801889000058, 47.740300412000067],
              [10.113663764000023, 47.740928999000062],
              [10.113633619000041, 47.741378232000045],
              [10.113657674000024, 47.741710829000056],
              [10.113735441000074, 47.741989695000029],
              [10.113880804000075, 47.742142986000033],
              [10.113999731000035, 47.742269223000051],
              [10.114874163000025, 47.742901392000078],
              [10.115178294000032, 47.743199031000074],
              [10.115334897000025, 47.743621964000056],
              [10.115514387000076, 47.744530266000027],
              [10.115838009000072, 47.745753616000059],
              [10.116113777000066, 47.746275824000065],
              [10.116191774000072, 47.746527730000025],
              [10.116189687000031, 47.746797327000081],
              [10.116080589000035, 47.747120470000027],
              [10.115971699000056, 47.747416652000027],
              [10.116022978000046, 47.747677451000072],
              [10.116234778000035, 47.747857934000081],
              [10.116619868000043, 47.748030039000071],
              [10.117418091000047, 47.748194606000027],
              [10.117656756000031, 47.748348220000025],
              [10.117880712000044, 47.748681519000058],
              [10.118090101000064, 47.749176529000067],
              [10.118230793000066, 47.749940905000074],
              [10.118252462000044, 47.750588035000078],
              [10.118183414000043, 47.750902334000045],
              [10.117994853000027, 47.75116229300005],
              [10.117806635000022, 47.751377318000038],
              [10.116333121000025, 47.752369686000065],
              [10.117493496000066, 47.752238960000057],
              [10.116192213000033, 47.753357748000042],
              [10.115375077000067, 47.753903069000046],
              [10.114025224000045, 47.75440156500008],
              [10.115150770000071, 47.755331195000053],
              [10.116092984000034, 47.755846770000062],
              [10.115460430000041, 47.756644376000054],
              [10.115349493000053, 47.757201173000055],
              [10.115371406000065, 47.757812361000049],
              [10.115541105000034, 47.758271293000064],
              [10.11904949500007, 47.759586711000054],
              [10.118272686000068, 47.760078276000058],
              [10.116183259000024, 47.761401010000043],
              [10.110095040000033, 47.762727455000061],
              [10.105373210000039, 47.76483139700008],
              [10.103095746000065, 47.764598457000034],
              [10.099702861000026, 47.765493742000046],
              [10.088304865000055, 47.769271261000029],
              [10.086602604000063, 47.770415191000041],
              [10.082513094000035, 47.771180988000026],
              [10.082676936000041, 47.772304996000059],
              [10.083004944000038, 47.77451706800008],
              [10.084848102000024, 47.775710392000065],
              [10.084840349000046, 47.776636032000056],
              [10.082799636000061, 47.778317819000051],
              [10.080801617000077, 47.780165089000036],
              [10.079614724000066, 47.781262351000066],
              [10.077103144000034, 47.780264061000025],
              [10.071517849000031, 47.781544544000042],
              [10.071910466000077, 47.782206873000064],
              [10.070396351000056, 47.781801615000063],
              [10.067390653000075, 47.782436811000025],
              [10.066731941000057, 47.783755813000028],
              [10.068164891000038, 47.783868835000078],
              [10.068610898000031, 47.784715392000066],
              [10.065069828000048, 47.785004707000041],
              [10.064681025000027, 47.785887719000073],
              [10.06612195200006, 47.786235670000053],
              [10.068525798000053, 47.786816090000059],
              [10.068062659000077, 47.787948603000075],
              [10.070667999000023, 47.788793412000075],
              [10.072189779000041, 47.789084732000049],
              [10.074976082000035, 47.790411280000058],
              [10.074385579000023, 47.792395150000061],
              [10.076474598000061, 47.793067732000054],
              [10.077825952000069, 47.793500985000037],
              [10.080745767000053, 47.793740519000039],
              [10.082837787000074, 47.794378016000053],
              [10.085536018000028, 47.795484739000074],
              [10.085816591000025, 47.797022620000064],
              [10.087892479000061, 47.797434426000052],
              [10.089606736000064, 47.798376038000072],
              [10.091902459000039, 47.801431326000056],
              [10.090134546000058, 47.803905188000044],
              [10.091900260000045, 47.804440465000027],
              [10.093683742000053, 47.802051353000081],
              [10.094017148000034, 47.802708934000066],
              [10.094182377000038, 47.803222991000041],
              [10.09417933800006, 47.803593975000069],
              [10.096261048000031, 47.804656427000054],
              [10.097840647000055, 47.803121387000033],
              [10.101994589000071, 47.80048],
              [10.102696779000041, 47.80107571700006],
              [10.105992387000072, 47.800970831000029],
              [10.107983701000023, 47.800492691000045],
              [10.111068385000067, 47.801761942000041],
              [10.116879806000043, 47.800623143000053],
              [10.117542709000077, 47.802136429000029],
              [10.11901544400007, 47.802176426000074],
              [10.119430489000024, 47.803714695000053],
              [10.117951702000028, 47.804021145000036],
              [10.116151200000047, 47.803415618000031],
              [10.114678679000065, 47.80579205600003],
              [10.113731815000051, 47.805752760000075],
              [10.112518574000035, 47.805658587000039],
              [10.111158527000043, 47.805572864000055],
              [10.109210250000046, 47.805646792000061],
              [10.108782376000022, 47.805771081000046],
              [10.110216241000046, 47.806647978000058],
              [10.110415427000021, 47.80676552400007],
              [10.112258053000062, 47.808263976000035],
              [10.115712697000049, 47.810073654000064],
              [10.115746516000058, 47.810873644000026],
              [10.119609596000032, 47.811660084000039],
              [10.119697122000048, 47.812424312000076],
              [10.12337721800003, 47.812733653000066],
              [10.128015961000074, 47.813315761000069],
              [10.128490552000073, 47.812301809000076],
              [10.130510790000073, 47.811433212000054],
              [10.131833425000025, 47.811315544000081],
              [10.131846050000036, 47.809616986000037],
              [10.138022984000031, 47.809637645000066],
              [10.137789315000077, 47.810530228000061],
              [10.13462349100007, 47.813801176000027],
              [10.133460304000039, 47.813559486000031],
              [10.132328795000035, 47.814678472000026],
              [10.132033770000021, 47.815504568000051],
              [10.133134098000028, 47.81584054800004],
              [10.132617510000046, 47.817717988000027],
              [10.131928341000048, 47.820087509000075],
              [10.13147, 47.822503569000048],
              [10.127388257000064, 47.822659613000042],
              [10.126154815000064, 47.82264211100005],
              [10.125199168000051, 47.822947964000036],
              [10.124017939000055, 47.82506025400005],
              [10.12375740300007, 47.826819023000041],
              [10.122374291000028, 47.827029107000044],
              [10.120610788000022, 47.82726565400003],
              [10.120646763000025, 47.827796038000031],
              [10.119363061000058, 47.828115119000074],
              [10.119201457000031, 47.828303291000054],
              [10.115968274000068, 47.832174550000047],
              [10.113527813000076, 47.835320547000038],
              [10.112845934000063, 47.837169558000028],
              [10.109871904000045, 47.840205745000048],
              [10.108811057000025, 47.840992854000035],
              [10.106399293000038, 47.840417974000047],
              [10.104043404000038, 47.841209349000053],
              [10.10396269000006, 47.841765140000064],
              [10.10277097200003, 47.842374326000026],
              [10.102103147000037, 47.843431212000041],
              [10.105793704000064, 47.845072086000073],
              [10.106433717000073, 47.845512231000043],
              [10.110072234000029, 47.846974092000039],
              [10.108198354000024, 47.849250236000046],
              [10.10818327100003, 47.851155555000048],
              [10.107531029000029, 47.852582245000065],
              [10.10715465800007, 47.852895459000081],
              [10.106753290000029, 47.852992879000055],
              [10.105620023000029, 47.852773090000028],
              [10.105353399000023, 47.852718202000062],
              [10.105034297000032, 47.852546284000027],
              [10.103637955000067, 47.851831204000064],
              [10.102000174000068, 47.849596320000046],
              [10.100240711000026, 47.847567685000058],
              [10.099247333000051, 47.84493068300003],
              [10.098270300000024, 47.845924814000057],
              [10.098665592000032, 47.846839408000051],
              [10.097832607000043, 47.847168964000048],
              [10.09782948700007, 47.847552902000075],
              [10.097651172000042, 47.847906447000071],
              [10.097384613000031, 47.848318894000045],
              [10.096455853000066, 47.847501855000075],
              [10.095578257000057, 47.846265297000059],
              [10.09442281500003, 47.843888291000042],
              [10.092848662000051, 47.843738633000044],
              [10.091604866000068, 47.845621382000047],
              [10.094103904000065, 47.846960860000081],
              [10.095187451000072, 47.848339984000063],
              [10.094495479000045, 47.849685558000033],
              [10.095376095000063, 47.851396471000044],
              [10.099353490000055, 47.851608859000066],
              [10.100023132000047, 47.853013383000075],
              [10.098151700000074, 47.853258169000071],
              [10.096837997000023, 47.853882463000048],
              [10.098266187000036, 47.855604365000033],
              [10.100521541000035, 47.854129674000035],
              [10.101911563000044, 47.853972970000029],
              [10.101775573000054, 47.854278054000076],
              [10.101771668000026, 47.854763373000026],
              [10.101861381000049, 47.855231058000072],
              [10.102165041000035, 47.855663571000036],
              [10.102669226000046, 47.85606985000004],
              [10.103161940000064, 47.856242407000082],
              [10.103681149000067, 47.856442020000031],
              [10.104280700000061, 47.856614959000069],
              [10.104639887000076, 47.856787024000027],
              [10.104839476000052, 47.856877623000059],
              [10.10510447300004, 47.857139223000047],
              [10.10518273200006, 47.857373185000029],
              [10.105324393000046, 47.858029797000029],
              [10.105318013000044, 47.858829676000028],
              [10.105249234000041, 47.859081083000035],
              [10.104834242000038, 47.859205410000072],
              [10.104526228000054, 47.859312148000072],
              [10.103870708000045, 47.859453576000078],
              [10.103362083000036, 47.859595533000061],
              [10.103171228000065, 47.860080175000064],
              [10.10323591100007, 47.86034105300007],
              [10.103354951000028, 47.860485288000064],
              [10.104126582000049, 47.860856582000054],
              [10.104232702000047, 47.860946843000079],
              [10.10429825500006, 47.861099871000079],
              [10.104322737000075, 47.861378578000028],
              [10.104242304000024, 47.863085950000027],
              [10.104277267000043, 47.863724203000061],
              [10.104565130000026, 47.864471226000035],
              [10.104617333000022, 47.86462420600003],
              [10.104456559000027, 47.864686538000058],
              [10.10414901300004, 47.864730363000035],
              [10.103816194000046, 47.864594341000043],
              [10.103549436000037, 47.864548434000028],
              [10.103175327000031, 47.864565052000046],
              [10.102906550000057, 47.864770793000048],
              [10.102078887000062, 47.865482611000061],
              [10.100161253000067, 47.864014801000053],
              [10.097676153000066, 47.862477769000066],
              [10.096290646000057, 47.862050236000073],
              [10.09275672800004, 47.859781210000051],
              [10.09073158700005, 47.859198431000038],
              [10.087966213000072, 47.857705070000065],
              [10.084646870000029, 47.857000450000044],
              [10.082961688000069, 47.855717781000067],
              [10.080727221000075, 47.859385189000079],
              [10.080036150000069, 47.860559924000029],
              [10.081685383000035, 47.861366156000031],
              [10.080391260000056, 47.862781252000048],
              [10.079290234000041, 47.863469073000033],
              [10.078894432000027, 47.864465186000075],
              [10.080315046000067, 47.865468290000081],
              [10.077862749000076, 47.866411545000062],
              [10.076755534000029, 47.867809351000062],
              [10.078852390000065, 47.867835428000035],
              [10.080918305000068, 47.869756921000032],
              [10.082365889000073, 47.869928924000078],
              [10.084385738000037, 47.869294560000071],
              [10.085420187000068, 47.868157042000064],
              [10.087526323000077, 47.867221395000058],
              [10.09159875000006, 47.867398471000058],
              [10.096255618000043, 47.871253548000027],
              [10.097729187000027, 47.872382453000057],
              [10.097787964000076, 47.873654719000058],
              [10.098753102000046, 47.874308855000038],
              [10.097857459000068, 47.875158924000061],
              [10.097922307000033, 47.876562486000068],
              [10.101368963000027, 47.876575112000069],
              [10.104181197000059, 47.877403223000044],
              [10.104834226000037, 47.87760331800007],
              [10.105362365000076, 47.878387166000039],
              [10.105704629000059, 47.879026536000026],
              [10.105768562000037, 47.879386279000073],
              [10.105764694000072, 47.87987160800003],
              [10.105472162000069, 47.881371519000027],
              [10.105458971000076, 47.883025235000048],
              [10.104374080000071, 47.883353864000071],
              [10.103962985000067, 47.882965897000076],
              [10.101680999000052, 47.884278820000077],
              [10.100141600000029, 47.883236027000066],
              [10.098951267000075, 47.883545568000045],
              [10.098949771000036, 47.883730054000068],
              [10.098946639000076, 47.884116281000047],
              [10.097264675000076, 47.88422317900006],
              [10.095551030000024, 47.884332062000055],
              [10.095332148000068, 47.885158811000053],
              [10.099395543000071, 47.886005126000043],
              [10.101799463000077, 47.887820473000033],
              [10.103447322000022, 47.890621697000029],
              [10.104174066000041, 47.893320704000075],
              [10.102301185000044, 47.896882118000065],
              [10.101963775000058, 47.900610894000067],
              [10.101384738000036, 47.902801852000039],
              [10.101539745000025, 47.904212003000055],
              [10.101696086000061, 47.905634207000048],
              [10.104940459000034, 47.906122340000081],
              [10.103795796000043, 47.90884157000005],
              [10.106847530000039, 47.910047992000045],
              [10.110414155000058, 47.910657227000058],
              [10.10980356500005, 47.912728747000074],
              [10.108314410000048, 47.915571922000026],
              [10.109751687000028, 47.915715452000029],
              [10.111105704000067, 47.91595938100005],
              [10.109011700000053, 47.917003522000073],
              [10.109497232000024, 47.91816472000005],
              [10.109221795000053, 47.919179391000057],
              [10.109325919000071, 47.919539287000077],
              [10.108333064000021, 47.919967166000049],
              [10.107379949000062, 47.920440118000045],
              [10.106423880000023, 47.921281565000072],
              [10.105681149000077, 47.922195679000026],
              [10.105288280000025, 47.922832419000031],
              [10.105083468000032, 47.923361980000038],
              [10.105012802000033, 47.923838096000054],
              [10.10504968500004, 47.924242695000032],
              [10.105167233000032, 47.924593657000059],
              [10.10539054000003, 47.925097799000071],
              [10.106688146000067, 47.926720339000042],
              [10.107666024000025, 47.928197908000072],
              [10.107848326000067, 47.928818746000047],
              [10.10798488000006, 47.930149485000072],
              [10.108034168000074, 47.930679964000035],
              [10.108310956000025, 47.931193282000038],
              [10.108842071000026, 47.931680544000073],
              [10.110436894000031, 47.932962558000042],
              [10.110805501000073, 47.933709890000046],
              [10.111041503000024, 47.934312939000051],
              [10.111010296000075, 47.934879085000034],
              [10.110831892000022, 47.935453697000071],
              [10.110449312000071, 47.936476992000053],
              [10.11013636000007, 47.937149994000038],
              [10.109299829000065, 47.938063810000074],
              [10.108222426000054, 47.938985747000061],
              [10.107107500000041, 47.939574973000049],
              [10.106034181000041, 47.93997558500007],
              [10.104733877000058, 47.940321438000069],
              [10.101825192000035, 47.941056918000072],
              [10.100162788000034, 47.941509258000053],
              [10.098391731000049, 47.942158917000029],
              [10.096727351000027, 47.942844893000029],
              [10.095034843000064, 47.943692529000032],
              [10.093811008000046, 47.944478963000051],
              [10.092761563000067, 47.945203115000027],
              [10.091509411000061, 47.946169184000041],
              [10.090579629000047, 47.946974658000045],
              [10.089487633000033, 47.947977258000037],
              [10.088542308000058, 47.949034330000075],
              [10.087609797000027, 47.950154362000035],
              [10.086957834000032, 47.951320387000067],
              [10.086305012000025, 47.952585278000072],
              [10.08580046700007, 47.953715903000045],
              [10.084990809000033, 47.956121719000066],
              [10.084736960000043, 47.957666758000073],
              [10.084673157000054, 47.95888893700004],
              [10.084893700000066, 47.961307655000041],
              [10.085217758000056, 47.96255827300007],
              [10.086011856000027, 47.965212866000059],
              [10.086266404000071, 47.965827019000074],
              [10.086418527000035, 47.966194143000052],
              [10.08687814700005, 47.96724752700004],
              [10.087524260000066, 47.968409474000055],
              [10.088719085000037, 47.969582469000045],
              [10.089902299000073, 47.970548673000053],
              [10.09148762500007, 47.971453447000044],
              [10.09320708100006, 47.972331731000054],
              [10.094836072000021, 47.972823149000078],
              [10.097135169000069, 47.97321813700006],
              [10.100544053000021, 47.973769935000064],
              [10.10154665500005, 47.973935381000047],
              [10.10420705100006, 47.974358500000051],
              [10.105300724000074, 47.974638369000047],
              [10.107388289000028, 47.973783772000047],
              [10.114954569000076, 47.976257437000072],
              [10.114886797000054, 47.976365060000035],
              [10.115457291000041, 47.977023225000039],
              [10.115244378000057, 47.978577489000031],
              [10.114643785000055, 47.98005848300005],
              [10.114466242000049, 47.980507284000055],
              [10.115019045000054, 47.981722681000065],
              [10.115288557000042, 47.983215725000036],
              [10.115690173000075, 47.986659752000037],
              [10.114791141000069, 47.988625092000063],
              [10.117011003000073, 47.992444041000056],
              [10.118299387000036, 47.993805818000055],
              [10.119122824000044, 47.994689569000059],
              [10.120896939000033, 47.995594585000049],
              [10.121185202000049, 47.996422536000068],
              [10.121639551000044, 47.998287713000082],
              [10.120532445000038, 47.999219698000047],
              [10.120942308000053, 48.001218850000043],
              [10.119550393000054, 48.003499933000057],
              [10.120368206000023, 48.00513871000004],
              [10.124148428000069, 48.006500047000031],
              [10.124439614000039, 48.006959469000037],
              [10.125553835000062, 48.008401476000074],
              [10.125182410000036, 48.009685592000039],
              [10.125258548000033, 48.010243153000033],
              [10.125842627000054, 48.010946270000034],
              [10.126325586000064, 48.011248197000043],
              [10.127042587000062, 48.011696425000025],
              [10.129136260000053, 48.012961954000048],
              [10.131041348000053, 48.014379618000078],
              [10.132386824000037, 48.015399868000031],
              [10.133211275000065, 48.016229596000073],
              [10.13380933600007, 48.016878787000053],
              [10.134326495000039, 48.017599615000051],
              [10.134615711000038, 48.018346648000033],
              [10.134941537000032, 48.019579196000052],
              [10.135517539000034, 48.022642656000073],
              [10.135727945000042, 48.023761603000025],
              [10.13343093800006, 48.026333736000026],
              [10.130004989000042, 48.029206348000059],
              [10.127429903000063, 48.031365236000056],
              [10.127156717000048, 48.032047462000037],
              [10.127111484000068, 48.032712484000058],
              [10.127243460000045, 48.032982599000036],
              [10.127655515000072, 48.033433444000082],
              [10.128175604000035, 48.033776786000033],
              [10.130044027000054, 48.034825818000058],
              [10.133974144000035, 48.038003102000062],
              [10.134974999000065, 48.040406479000069],
              [10.135869913000022, 48.042647698000053],
              [10.136846528000035, 48.044727383000065],
              [10.138021195000022, 48.045405439000035],
              [10.139576034000072, 48.045428538000067],
              [10.141255833000059, 48.046701490000032],
              [10.141228238000053, 48.046809267000071],
              [10.140717307000045, 48.048857079000072],
              [10.141227249000053, 48.050629578000041],
              [10.141266618000031, 48.050746564000065],
              [10.140970893000031, 48.050853464000056],
              [10.139156160000027, 48.051512693000063],
              [10.139729430000045, 48.053788796000049],
              [10.141290799000046, 48.054617620000045],
              [10.142737256000032, 48.055012152000074],
              [10.142526887000031, 48.056287908000058],
              [10.142603424000072, 48.056827499000065],
              [10.142961014000036, 48.057439917000067],
              [10.143901697000047, 48.059007068000028],
              [10.143951500000071, 48.059537583000065],
              [10.143260953000038, 48.060461212000064],
              [10.141899186000046, 48.062457026000061],
              [10.141269024000053, 48.063313238000035],
              [10.140739556000028, 48.064201423000043],
              [10.140640574000031, 48.064902247000077],
              [10.141032405000033, 48.066341785000077],
              [10.14161443200004, 48.067449347000036],
              [10.142816976000063, 48.069916284000044],
              [10.143502739000041, 48.071527568000079],
              [10.143905651000068, 48.073308725000061],
              [10.143954949000033, 48.073911157000055],
              [10.143736707000073, 48.07441384100008],
              [10.143507194000051, 48.074619845000029],
              [10.143210028000055, 48.074906532000057],
              [10.142350295000028, 48.075083516000063],
              [10.141733036000062, 48.075117459000069],
              [10.141129189000026, 48.075151442000049],
              [10.140239031000021, 48.075239737000061],
              [10.138672762000056, 48.075395076000063],
              [10.137494709000066, 48.075734744000044],
              [10.136965130000021, 48.075955756000042],
              [10.136008541000024, 48.076527893000048],
              [10.135415027000022, 48.076975381000068],
              [10.134081880000053, 48.079478924000057],
              [10.13402327700004, 48.081950757000072],
              [10.136033561000033, 48.084428475000038],
              [10.137745797000036, 48.086538619000066],
              [10.138680969000063, 48.09073967900008],
              [10.138009993000026, 48.09266384700004],
              [10.137572215000034, 48.093720460000043],
              [10.139644255000064, 48.094788018000031],
              [10.14055171800004, 48.095474179000064],
              [10.140392398000074, 48.098916559000031],
              [10.136661343000071, 48.100783040000067],
              [10.135799392000024, 48.104825387000062],
              [10.135837861000027, 48.105068227000061],
              [10.13753308500003, 48.106332347000034],
              [10.136457059000065, 48.108459269000036],
              [10.13630657300007, 48.110661170000071],
              [10.136247105000052, 48.111443050000048],
              [10.132280033000029, 48.114207562000047],
              [10.125612067000077, 48.115479506000042],
              [10.12443055500006, 48.115916818000073],
              [10.122604012000068, 48.116957078000041],
              [10.120420115000059, 48.120280025000056],
              [10.118353155000023, 48.121935913000073],
              [10.114831457000037, 48.124170989000049],
              [10.114182202000052, 48.124779996000029],
              [10.113909865000039, 48.125264472000026],
              [10.113758363000045, 48.12574937200003],
              [10.113402913000073, 48.126557177000052],
              [10.113063423000028, 48.127041415000065],
              [10.112292767000042, 48.12771291100006],
              [10.112036302000035, 48.127882806000059],
              [10.110626840000066, 48.128813351000076],
              [10.108000193000066, 48.130547355000033],
              [10.107074311000076, 48.132144185000072],
              [10.107558265000023, 48.13376403500007],
              [10.107648398000038, 48.134249794000027],
              [10.107852950000051, 48.135545022000031],
              [10.107753857000034, 48.136182928000039],
              [10.106727530000057, 48.138570488000028],
              [10.105512826000052, 48.139312269000072],
              [10.104891993000024, 48.139687601000048],
              [10.104280896000034, 48.14052143400005],
              [10.104044544000033, 48.14151842900003],
              [10.104307239000036, 48.142256524000061],
              [10.104794811000033, 48.143426930000032],
              [10.103741107000076, 48.145841346000054],
              [10.102482250000037, 48.147032421000063],
              [10.102268264000031, 48.148577867000029],
              [10.101827853000032, 48.149589418000062],
              [10.101239670000041, 48.149801352000054],
              [10.100862520000021, 48.150287580000054],
              [10.100930326000025, 48.150692175000074],
              [10.100516947000074, 48.151261519000059],
              [10.099678967000045, 48.151591462000056],
              [10.099413526000035, 48.152720726000041],
              [10.099003249000077, 48.153609209000081],
              [10.100157636000063, 48.153924161000077],
              [10.099224350000043, 48.155038670000067],
              [10.098316272000034, 48.155237529000033],
              [10.097561413000051, 48.155779446000054],
              [10.097179935000042, 48.156425308000053],
              [10.09685233600004, 48.157053387000076],
              [10.096879419000061, 48.157717624000043],
              [10.096161234000022, 48.158595046000073],
              [10.094800654000039, 48.159832657000038],
              [10.095568513000046, 48.16085269000007],
              [10.096533776000058, 48.161493146000055],
              [10.096545, 48.161762879000037],
              [10.095357457000034, 48.164014942000051],
              [10.094581757000071, 48.165198733000068],
              [10.093082607000042, 48.166110150000065],
              [10.090345755000044, 48.170406096000079],
              [10.090151093000031, 48.171187484000029],
              [10.090181823000023, 48.172338295000031],
              [10.090400713000065, 48.176717160000067],
              [10.089604425000061, 48.17871892900007],
              [10.08748904600003, 48.180922520000081],
              [10.085717415000033, 48.182192422000071],
              [10.085098957000071, 48.185390494000046],
              [10.085121899000058, 48.18585805500004],
              [10.085480270000062, 48.18799900700003],
              [10.084478520000062, 48.188813310000057],
              [10.08377702000007, 48.197036468000078],
              [10.083662598000046, 48.197845133000044],
              [10.084357784000076, 48.198324232000061],
              [10.085258043000067, 48.199999770000034],
              [10.084902738000039, 48.202263912000035],
              [10.084846374000051, 48.20416059400003],
              [10.085198729000069, 48.205683339000075],
              [10.084489575000021, 48.206595546000074],
              [10.083710628000063, 48.209640229000058],
              [10.082690610000043, 48.209580647000053],
              [10.081219777000058, 48.209494714000073],
              [10.078279513000041, 48.209322870000051],
              [10.077004189000036, 48.210603554000045],
              [10.07628150000005, 48.211742513000047],
              [10.077787718000025, 48.214903826000068],
              [10.07784711000005, 48.21738532300003],
              [10.078320370000029, 48.220237008000026],
              [10.076318738000055, 48.22302525300006],
              [10.069454398000062, 48.223358215000076],
              [10.069213631000025, 48.224732768000081],
              [10.068975610000052, 48.225792676000026],
              [10.06846762400005, 48.226950418000058],
              [10.068053718000044, 48.228117519000079],
              [10.068022065000036, 48.22865680600006],
              [10.068272414000035, 48.229260132000036],
              [10.069475724000029, 48.230136895000044],
              [10.070144239000058, 48.230624979000027],
              [10.066195102000052, 48.232892998000068],
              [10.064644227000031, 48.234792803000062],
              [10.064435285000059, 48.235592107000059],
              [10.064442205000034, 48.236329334000061],
              [10.064645485000028, 48.237687666000056],
              [10.064745655000024, 48.238533146000066],
              [10.064740637000057, 48.239099513000042],
              [10.062923366000064, 48.239146253000058],
              [10.061240991000034, 48.239157541000054],
              [10.060721236000063, 48.240090455000029],
              [10.061568503000046, 48.241667132000032],
              [10.062252220000062, 48.243689070000073],
              [10.062178881000023, 48.24477614400007],
              [10.063896965000026, 48.246804850000046],
              [10.06659641400006, 48.248629263000055],
              [10.066583751000053, 48.249850188000039],
              [10.067589158000033, 48.252171478000037],
              [10.069026271000041, 48.253761583000028],
              [10.06712151000005, 48.254509300000052],
              [10.062250852000034, 48.257223115000045],
              [10.061960035000027, 48.258129987000075],
              [10.063868081000066, 48.26013109400003],
              [10.065981126000054, 48.261993139000026],
              [10.063140177000037, 48.266217051000069],
              [10.063768849000041, 48.268206430000077],
              [10.063638431000072, 48.26904868500003],
              [10.063663276000057, 48.270261934000075],
              [10.062202412000033, 48.271715482000047],
              [10.062409624000054, 48.27264232400006],
              [10.06413733200003, 48.273671540000066],
              [10.066752985000051, 48.274916103000066],
              [10.066569492000042, 48.275868373000037],
              [10.066805385000066, 48.278134906000048],
              [10.06571701300004, 48.279362320000075],
              [10.065923210000051, 48.280415023000046],
              [10.065915179000058, 48.281323033000035],
              [10.065816520000055, 48.281817123000053],
              [10.062200536000034, 48.284005494000041],
              [10.059193098000037, 48.284363841000072],
              [10.057291236000026, 48.286582731000067],
              [10.055231826000067, 48.287288063000062],
              [10.05406898800004, 48.288168261000067],
              [10.053935290000027, 48.289312733000031],
              [10.052334420000022, 48.290537950000044],
              [10.050102130000028, 48.291634645000045],
              [10.046507005000024, 48.29184826900007],
              [10.044057471000031, 48.293065605000038],
              [10.04254942700004, 48.294229710000081],
              [10.041846350000071, 48.296224959000028],
              [10.041960524000046, 48.297777714000063],
              [10.043081012000073, 48.300443598000072],
              [10.041281240000046, 48.301760410000043],
              [10.039740494000057, 48.301742334000039],
              [10.039245737000044, 48.304203711000071],
              [10.038093290000063, 48.304945114000077],
              [10.037835727000072, 48.305105867000066],
              [10.035418220000054, 48.307082647000072],
              [10.032753653000043, 48.309507866000047],
              [10.030505683000058, 48.31203369900004],
              [10.028182911000044, 48.315305404000071],
              [10.025906005000024, 48.320839020000051],
              [10.023372774000052, 48.323430364000046],
              [10.022922309000023, 48.324003828000059],
              [10.021853193000027, 48.324421765000068],
              [10.020407552000052, 48.324739156000078],
              [10.015927974000022, 48.327839399000027],
              [10.012286806000077, 48.330637491000061],
              [10.009738197000047, 48.334708048000039],
              [10.009037940000042, 48.340000576000079],
              [10.010194366000064, 48.341687021000041],
              [10.010403135000047, 48.342389241000035],
              [10.009502893000047, 48.343401217000064],
              [10.008429092000029, 48.344232595000051],
              [10.003237700000057, 48.344119426000077],
              [10.002525801000047, 48.346489831000042],
              [10.001661894000051, 48.346557859000029],
              [9.999365407000028, 48.346907099000077],
              [9.998131809000029, 48.347512879000078],
              [9.997580701000061, 48.348643234000065],
              [9.997606051000048, 48.350117871000066],
              [9.996821444000034, 48.351651755000034],
              [9.99623071700006, 48.352692016000049],
              [9.995954930000039, 48.353275172000053],
              [9.995134148000034, 48.354111924000051],
              [9.994870705000039, 48.354738742000052],
              [9.994822286000044, 48.35528090400004],
              [9.995066908000069, 48.356480981000061],
              [9.995825227000068, 48.357711953000035],
              [9.996723100000054, 48.358601367000063],
              [9.997736671000041, 48.35974784900003],
              [9.999033234000024, 48.360931572000027],
              [9.999486238000031, 48.361491073000082],
              [9.999735412000064, 48.36219350600004],
              [9.999850870000046, 48.362778448000029],
              [9.999597425000047, 48.363229313000033],
              [9.998913832000028, 48.36374956800006],
              [9.997555383000076, 48.363933702000054],
              [9.994987129000037, 48.363731666000035],
              [9.993339461000062, 48.363566929000058],
              [9.992631836000044, 48.364148097000054],
              [9.992906979000054, 48.36624428500005],
              [9.992995103000055, 48.368159794000064],
              [9.991364920000024, 48.369213242000058],
              [9.990223619000062, 48.369963230000053],
              [9.989951782000048, 48.370150787000057],
              [9.98913916500004, 48.370434744000079],
              [9.988449484000057, 48.370575407000047],
              [9.987733752000054, 48.370626034000054],
              [9.984859232000076, 48.369513152000081],
              [9.983797990000028, 48.368908372000078],
              [9.982768418000035, 48.368028452000033],
              [9.983632323000052, 48.365133348000029],
              [9.984127686000022, 48.363227539000036],
              [9.981397625000056, 48.362387562000038],
              [9.979533679000042, 48.362385570000072],
              [9.977741454000068, 48.362658597000063],
              [9.976986150000073, 48.363209513000072],
              [9.975130853000053, 48.364246058000049],
              [9.973309782000058, 48.365749731000051],
              [9.972380884000074, 48.366516684000032],
              [9.970498404000068, 48.368404793000082],
              [9.96942043100006, 48.37075529100008],
              [9.968554427000072, 48.372216681000054],
              [9.967275615000062, 48.37440435700006],
              [9.971299560000034, 48.377214467000044],
              [9.969632323000042, 48.378605594000078],
              [9.96993436200006, 48.37938028700006],
              [9.971838308000031, 48.380549278000046],
              [9.973249925000061, 48.381068522000078],
              [9.974782658000038, 48.381624289000058],
              [9.976933019000057, 48.38248866400005],
              [9.978667338000037, 48.383135244000073],
              [9.980441622000058, 48.383835932000068],
              [9.982013304000077, 48.384553624000034],
              [9.983140080000055, 48.385224255000026],
              [9.984091223000064, 48.385912037000026],
              [9.984912613000063, 48.386104688000046],
              [9.985000481000043, 48.386734483000055],
              [9.98566642000003, 48.387591754000027],
              [9.986223262000067, 48.388556408000056],
              [9.986778806000075, 48.389646932000062],
              [9.987522142000046, 48.39085521100003],
              [9.988134183000057, 48.391712218000066],
              [9.988946209000062, 48.392812912000068],
              [9.989868428000023, 48.39370731200006],
              [9.991131085000063, 48.394324544000028],
              [9.992314915000065, 48.394734601000039],
              [9.993257152000069, 48.39500866700007],
              [9.996151891000068, 48.395786172000044],
              [10.003750448000062, 48.398715774000038],
              [10.010998674000064, 48.401661285000046],
              [10.012422579000031, 48.40240486700003],
              [10.013470148000067, 48.402975939000044],
              [10.014408917000026, 48.403627444000051],
              [10.015279482000039, 48.404350573000045],
              [10.016014686000062, 48.40510906600008],
              [10.01647851000007, 48.406001237000055],
              [10.016796294000073, 48.406641011000033],
              [10.016922814000054, 48.407504730000028],
              [10.017030069000043, 48.408952802000044],
              [10.016963277000059, 48.410247261000052],
              [10.016920740000046, 48.411820558000045],
              [10.016843187000063, 48.412836241000036],
              [10.016859016000069, 48.41396922000007],
              [10.016782523000074, 48.414877012000034],
              [10.016841799000076, 48.415713468000035],
              [10.017065461000072, 48.416316867000035],
              [10.017370257000039, 48.416911630000072],
              [10.017958169000053, 48.417561576000026],
              [10.018815882000069, 48.418248660000074],
              [10.019782293000048, 48.418873270000063],
              [10.020802318000051, 48.419543062000059],
              [10.021849649000046, 48.420185989000061],
              [10.022882712000069, 48.420909766000079],
              [10.024198858000034, 48.421697694000045],
              [10.025596182000072, 48.422476963000065],
              [10.026844872000026, 48.423264570000072],
              [10.028295710000066, 48.424106975000029],
              [10.029680005000046, 48.424850172000049],
              [10.030929942000057, 48.425520850000055],
              [10.032166919000076, 48.426137511000036],
              [10.033512002000066, 48.42675461500005],
              [10.035006236000072, 48.427318382000067],
              [10.036675192000075, 48.427981767000063],
              [10.037995316000035, 48.428391909000027],
              [10.039395928000033, 48.428865311000038],
              [10.040810837000038, 48.429257832000076],
              [10.042414153000038, 48.429732038000054],
              [10.042183244000057, 48.429992104000064],
              [10.04159487000004, 48.43065475800006],
              [10.040925777000041, 48.431407261000061],
              [10.039860538000028, 48.43261667400003],
              [10.038850224000043, 48.433727401000056],
              [10.040789679000056, 48.434391854000069],
              [10.037450407000051, 48.435799708000047],
              [10.037522556000056, 48.434099493000076],
              [10.034854838000058, 48.433297047000053],
              [10.033774012000038, 48.434704150000073],
              [10.032818593000059, 48.435707158000071],
              [10.031258196000067, 48.436383901000056],
              [10.028050577000045, 48.43691872800008],
              [10.028480786000046, 48.43997508800004],
              [10.030252219000033, 48.441671725000049],
              [10.031687310000052, 48.443785718000072],
              [10.033448779000025, 48.443921534000026],
              [10.034665444000041, 48.444438069000057],
              [10.035274557000037, 48.443555641000046],
              [10.038226774000066, 48.44445300700005],
              [10.037142739000046, 48.445647493000081],
              [10.037392902000022, 48.446419340000034],
              [10.036870694000072, 48.447187953000025],
              [10.035450055000069, 48.447667309000053],
              [10.036203226000055, 48.449697394000054],
              [10.035887671000069, 48.451294769000071],
              [10.035151358000064, 48.452005382000038],
              [10.030887521000068, 48.453586071000075],
              [10.03178246300007, 48.454246476000037],
              [10.032188203000032, 48.45555895900003],
              [10.03269444600005, 48.457196448000047],
              [10.03402668800004, 48.457780548000073],
              [10.039128632000029, 48.459694475000049],
              [10.039044314000023, 48.457874085000071],
              [10.041260859000033, 48.459510561000059],
              [10.042817218000039, 48.458317978000025],
              [10.046295309000072, 48.458161017000066],
              [10.046432010000046, 48.45730512800003],
              [10.049127285000054, 48.457618371000081],
              [10.051169439000034, 48.457246037000061],
              [10.054533584000069, 48.457021743000041],
              [10.057808152000064, 48.457542464000028],
              [10.061953692000031, 48.458053505000066],
              [10.062398114000075, 48.457340936000037],
              [10.059621485000037, 48.455832314000077],
              [10.064009813000041, 48.456389202000025],
              [10.065068021000059, 48.45748135000008],
              [10.070846070000073, 48.458367122000027],
              [10.071183627000039, 48.458413390000032],
              [10.074967593000054, 48.460109427000077],
              [10.083951825000042, 48.462391496000066],
              [10.087154247000058, 48.463488398000038],
              [10.086422761000051, 48.465961436000043],
              [10.090245882000033, 48.466344326000069],
              [10.090357396000059, 48.467558605000079],
              [10.09231502800003, 48.467475771000068],
              [10.094376749000048, 48.467123844000071],
              [10.093455626000036, 48.468954748000044],
              [10.096419621000052, 48.469489217000046],
              [10.096540637000032, 48.470431757000028],
              [10.100575647000028, 48.470503504000078],
              [10.101387984000041, 48.472850024000081],
              [10.10351690400006, 48.472554832000071],
              [10.10343259800004, 48.475349107000056],
              [10.105026946000066, 48.477504356000054],
              [10.107868633000066, 48.477008760000047],
              [10.11251018400003, 48.476210682000044],
              [10.114353871000048, 48.47589272700003],
              [10.11736673200005, 48.475387569000077],
              [10.116527665000035, 48.473550959000079],
              [10.119073641000057, 48.473074211000039],
              [10.117251760000045, 48.468135872000062],
              [10.120955352000067, 48.466635569000061],
              [10.123319170000059, 48.460705609000058],
              [10.125248259000045, 48.461026195000045],
              [10.127768833000061, 48.456952322000063],
              [10.131514892000041, 48.457368668000072],
              [10.132423882000069, 48.455397117000075],
              [10.133531515000072, 48.455543535000061],
              [10.133895409000047, 48.454871417000049],
              [10.141678110000043, 48.456512965000059],
              [10.154204470000025, 48.457380754000042],
              [10.155500907000032, 48.458060912000064],
              [10.160457290000068, 48.458759602000043],
              [10.164338880000059, 48.458501710000064],
              [10.171846421000055, 48.457786948000034],
              [10.172711933000073, 48.459647901000039],
              [10.173272303000033, 48.460866266000039],
              [10.172981914000047, 48.461836492000032],
              [10.172772750000036, 48.462788974000034],
              [10.177862981000033, 48.463801983000053],
              [10.177365655000074, 48.465410017000067],
              [10.176840115000061, 48.466302577000079],
              [10.175689981000062, 48.467320314000062],
              [10.175507211000024, 48.467702294000048],
              [10.174647377000042, 48.467890089000036],
              [10.175611219000075, 48.468202194000071],
              [10.176217329000053, 48.468513243000075],
              [10.176249480000024, 48.469060511000066],
              [10.17546022700003, 48.469391261000055],
              [10.17702594900004, 48.469760937000046],
              [10.183457597000029, 48.466393091000043],
              [10.18460095000006, 48.467211219000035],
              [10.181254371000023, 48.469622227000059],
              [10.186002988000041, 48.471110808000049],
              [10.18452449800003, 48.472914660000072],
              [10.177707304000023, 48.470420813000032],
              [10.176413082000067, 48.471368644000052],
              [10.182944425000073, 48.473814170000026],
              [10.180098201000021, 48.475524478000068],
              [10.18067968500003, 48.475526159000026],
              [10.184676608000075, 48.476445779000073],
              [10.191072328000075, 48.478720722000048],
              [10.194904669000039, 48.480080102000045],
              [10.198966587000029, 48.481529891000037],
              [10.202594419000036, 48.482858852000049],
              [10.217915369000025, 48.48846743200005],
              [10.225462509000067, 48.488603312000066],
              [10.227748096000028, 48.488680895000073],
              [10.235443310000051, 48.48896032500005],
              [10.236129869000024, 48.489573396000026],
              [10.237248777000048, 48.490286400000059],
              [10.238516999000069, 48.490909829000032],
              [10.239583587000027, 48.491298986000061],
              [10.24140630100004, 48.491959653000038],
              [10.240380324000057, 48.494106258000045],
              [10.237506683000049, 48.50019584100005],
              [10.24247267800007, 48.500099611000053],
              [10.241043486000024, 48.505644693000079],
              [10.240825951000033, 48.506158062000054],
              [10.240329607000035, 48.506585131000065],
              [10.234691577000035, 48.50534138300003],
              [10.234500675000049, 48.50561067700005],
              [10.233163389000026, 48.505828827000073],
              [10.231752905000064, 48.50584292700006],
              [10.228049715000054, 48.504974581000056],
              [10.226631163000036, 48.506994227000064],
              [10.231602957000064, 48.508436086000074],
              [10.236887381000031, 48.507162957000048],
              [10.237966397000037, 48.507821915000079],
              [10.233787065000058, 48.509925002000045],
              [10.230779588000075, 48.510511183000062],
              [10.23468133700004, 48.512211059000037],
              [10.237038419000044, 48.511785080000038],
              [10.239757782000027, 48.511935376000054],
              [10.240379967000024, 48.511999780000053],
              [10.242016516000035, 48.512183443000026],
              [10.243804582000053, 48.511863893000054],
              [10.245511942000064, 48.511445219000052],
              [10.247056647000022, 48.511071107000078],
              [10.248273718000064, 48.51124472500004],
              [10.247165599000027, 48.51355308400008],
              [10.248894900000039, 48.513913785000057],
              [10.250694120000048, 48.514289423000037],
              [10.249831598000071, 48.516220710000027],
              [10.250776425000026, 48.516726382000058],
              [10.251729405000049, 48.51563152600005],
              [10.252682297000035, 48.514545653000027],
              [10.255477214000052, 48.515864664000048],
              [10.254631278000033, 48.517220552000026],
              [10.253880765000076, 48.518432778000033],
              [10.257462407000048, 48.519465750000052],
              [10.261091359000034, 48.51915893000006],
              [10.264661577000027, 48.519796004000057],
              [10.265219417000026, 48.519194738000067],
              [10.266243410000072, 48.517344596000044],
              [10.269419910000067, 48.518223463000027],
              [10.272508981000044, 48.517555471000037],
              [10.272975510000038, 48.516189678000046],
              [10.275774700000056, 48.516716908000035],
              [10.277559722000035, 48.517053206000071],
              [10.278226326000038, 48.516094524000039],
              [10.285615719000077, 48.517890590000036],
              [10.286794508000071, 48.516091277000044],
              [10.295883522000054, 48.517538105000028],
              [10.296265004000077, 48.516936359000056],
              [10.302309530000059, 48.519241129000079],
              [10.31202316200006, 48.522943783000073],
              [10.309262094000076, 48.52632897400008],
              [10.310290491000046, 48.526438643000063],
              [10.314838712000039, 48.526509287000067],
              [10.313806190000037, 48.527478672000029],
              [10.312374783000053, 48.530074896000031],
              [10.309630231000028, 48.52912606700005],
              [10.30593519100006, 48.528921831000048],
              [10.303183365000052, 48.529825149000033],
              [10.301556174000041, 48.537132630000031],
              [10.304002338000032, 48.538278957000045],
              [10.301674519000073, 48.54133205800008],
              [10.301522678000026, 48.542042147000075],
              [10.300846790000037, 48.54507121100005],
              [10.302742268000031, 48.54518250600006],
              [10.304651297000021, 48.545293794000031],
              [10.302382890000047, 48.546980253000072],
              [10.303000995000048, 48.548186274000045],
              [10.303636075000043, 48.548547080000048],
              [10.304040350000037, 48.549051345000066],
              [10.304214754000043, 48.549465283000075],
              [10.304428424000037, 48.550220985000067],
              [10.304899110000065, 48.551058067000042],
              [10.307568146000051, 48.550837938000029],
              [10.307700574000023, 48.551602484000057],
              [10.308146256000043, 48.551926968000032],
              [10.30916185600006, 48.551982674000044],
              [10.30959327000005, 48.552495959000055],
              [10.310363060000043, 48.553072766000071],
              [10.313643931000058, 48.555811895000033],
              [10.314183926000055, 48.556289377000041],
              [10.313154237000049, 48.556350589000033],
              [10.313632807000033, 48.558725282000069],
              [10.313267358000076, 48.56572944800007],
              [10.31300460600005, 48.567122771000072],
              [10.309787108000023, 48.572269744000039],
              [10.310787701000038, 48.572810982000078],
              [10.309301831000028, 48.575092424000047],
              [10.308647453000049, 48.576098410000043],
              [10.310082235000039, 48.576514515000042],
              [10.309124485000041, 48.578859808000061],
              [10.307288694000022, 48.580457227000068],
              [10.306253487000049, 48.581777264000038],
              [10.304752751000024, 48.584265451000078],
              [10.303424146000054, 48.584362016000057],
              [10.296655638000061, 48.588917818000027],
              [10.293114313000046, 48.589765521000061],
              [10.295175601000039, 48.59276374500007],
              [10.295856542000024, 48.595807446000038],
              [10.295742562000044, 48.59732991900006],
              [10.295201330000054, 48.598090264000064],
              [10.295230108000055, 48.599779546000036],
              [10.298063801000069, 48.599808536000069],
              [10.297851816000048, 48.601185367000028],
              [10.297386665000033, 48.60219164800003],
              [10.297108769000033, 48.603809743000056],
              [10.298826180000049, 48.604909927000051],
              [10.301563863000069, 48.605211605000079],
              [10.302899524000054, 48.604684748000068],
              [10.305013301000031, 48.603850904000069],
              [10.305096629000047, 48.603356477000034],
              [10.305185128000062, 48.601567177000049],
              [10.307219067000062, 48.60150778700006],
              [10.30686630200006, 48.604996162000077],
              [10.307964607000031, 48.604989078000074],
              [10.308534081000062, 48.604990063000059],
              [10.310893641000064, 48.604913182000075],
              [10.314664750000077, 48.604460946000074],
              [10.318910206000055, 48.604045326000062],
              [10.320212233000063, 48.603939538000077],
              [10.32073566300005, 48.605397129000039],
              [10.318957297000054, 48.60596974300006],
              [10.318197045000034, 48.606220282000038],
              [10.318774912000038, 48.607615028000055],
              [10.321309211000028, 48.607987824000077],
              [10.322459135000031, 48.608718045000046],
              [10.323094952000076, 48.609132705000036],
              [10.322578557000043, 48.609437617000026],
              [10.313907737000022, 48.614522029000057],
              [10.308776133000038, 48.617447674000061],
              [10.297810682000033, 48.624187578000033],
              [10.299056552000025, 48.62468442100004],
              [10.299909741000022, 48.625018681000029],
              [10.298700499000063, 48.625502080000047],
              [10.297219527000038, 48.62608388600006],
              [10.297783091000042, 48.627568656000051],
              [10.296167248000074, 48.631189628000072],
              [10.296510056000045, 48.633564250000063],
              [10.294691154000077, 48.633785709000051],
              [10.291134432000035, 48.634291637000047],
              [10.289545614000076, 48.634630346000051],
              [10.289430977000052, 48.636041937000073],
              [10.284109484000055, 48.636715133000052],
              [10.283566456000074, 48.636786015000041],
              [10.285052084000029, 48.638335601000051],
              [10.281584789000021, 48.639983438000058],
              [10.280048979000071, 48.640546928000049],
              [10.279528809000055, 48.641553049000038],
              [10.279253029000074, 48.642523686000061],
              [10.280335807000029, 48.646149799000057],
              [10.280522997000048, 48.646770650000065],
              [10.278634517000057, 48.646387452000056],
              [10.277770973000031, 48.646785441000077],
              [10.276091192000024, 48.646653585000081],
              [10.276295401000027, 48.645368374000043],
              [10.274449325000035, 48.645481539000059],
              [10.273785434000047, 48.648177931000077],
              [10.273647010000047, 48.648762161000036],
              [10.272355911000034, 48.649155190000045],
              [10.27206525500003, 48.647464005000074],
              [10.271972364000021, 48.64701419000005],
              [10.270230782000056, 48.646784360000026],
              [10.269931266000071, 48.646341197000027],
              [10.268310237000037, 48.646601942000075],
              [10.268499767000037, 48.647991322000053],
              [10.270384297000021, 48.651921034000054],
              [10.26754758900006, 48.651891336000062],
              [10.26721883700003, 48.653056491000029],
              [10.264871466000045, 48.653348077000032],
              [10.26321420000005, 48.653641306000054],
              [10.263144545000046, 48.654009851000069],
              [10.262991792000037, 48.65471993400007],
              [10.261639319000039, 48.654787300000066],
              [10.260389791000023, 48.654849524000042],
              [10.259529865000047, 48.654892338000082],
              [10.259511675000056, 48.655827521000049],
              [10.261210572000039, 48.655887994000068],
              [10.262470110000038, 48.655932810000081],
              [10.262442043000021, 48.65612159300008],
              [10.262355428000035, 48.657182527000032],
              [10.262200326000027, 48.658369211000036],
              [10.266623163000077, 48.658837218000031],
              [10.265462717000048, 48.660219625000082],
              [10.264744282000038, 48.660011276000034],
              [10.264025199000059, 48.659937809000041],
              [10.263713211000038, 48.659892182000078],
              [10.263020492000066, 48.659980631000053],
              [10.262517503000026, 48.660132429000043],
              [10.262095736000049, 48.660329362000027],
              [10.260707980000063, 48.660973843000079],
              [10.260014088000048, 48.661296077000031],
              [10.259456689000046, 48.661465730000032],
              [10.258328705000054, 48.661724064000055],
              [10.257186596000054, 48.662090266000064],
              [10.256410901000038, 48.662475247000032],
              [10.255757279000022, 48.66287847600006],
              [10.255075772000055, 48.663425522000068],
              [10.254379812000025, 48.664143390000049],
              [10.254600218000064, 48.666203179000036],
              [10.254667644000051, 48.666293254000038],
              [10.255504702000053, 48.667221338000047],
              [10.25757681400006, 48.669032756000036],
              [10.264848610000058, 48.672142493000081],
              [10.262387840000031, 48.672497900000053],
              [10.26061517200003, 48.673550502000069],
              [10.259097986000029, 48.67523176800006],
              [10.255371664000052, 48.677490616000057],
              [10.256188639000072, 48.679758562000075],
              [10.256347050000045, 48.68066716800007],
              [10.26148119100003, 48.680489469000065],
              [10.264880419000065, 48.679615439000031],
              [10.26876291700006, 48.679893372000038],
              [10.26468806500003, 48.682888360000049],
              [10.266801507000025, 48.683962947000055],
              [10.27095124300007, 48.685248544000046],
              [10.273039775000029, 48.685891312000081],
              [10.271590313000047, 48.69087928700003],
              [10.270509049000054, 48.693735554000057],
              [10.268556398000044, 48.698892817000058],
              [10.268116476000046, 48.701573444000076],
              [10.268706813000051, 48.703547119000064],
              [10.275570548000076, 48.702476218000072],
              [10.277212843000029, 48.701794274000065],
              [10.280838123000024, 48.701373205000039],
              [10.282522166000035, 48.70097678500008],
              [10.283244821000039, 48.69994932700007],
              [10.283888762000061, 48.698727568000038],
              [10.286518198000067, 48.697015040000053],
              [10.290143737000051, 48.69422521100006],
              [10.292405540000061, 48.692610773000069],
              [10.292015966000065, 48.69159386900003],
              [10.293906783000068, 48.690940926000053],
              [10.294339268000044, 48.691454312000076],
              [10.294596130000059, 48.691742554000029],
              [10.29549359300006, 48.691510400000027],
              [10.296188396000048, 48.691017078000073],
              [10.296678881000048, 48.690658269000039],
              [10.297277607000069, 48.690398576000064],
              [10.29782173600006, 48.690201728000034],
              [10.29847452000007, 48.690005075000045],
              [10.29922171000004, 48.689970458000062],
              [10.300158906000036, 48.689972148000038],
              [10.300647878000063, 48.689973027000065],
              [10.301109942000039, 48.689910907000069],
              [10.301504642000054, 48.689713773000051],
              [10.301859397000044, 48.689318729000036],
              [10.302296042000023, 48.688824909000061],
              [10.302855171000033, 48.688268356000037],
              [10.303958470000055, 48.687487946000033],
              [10.301377439000021, 48.687600265000071],
              [10.302657199000066, 48.68684716100006],
              [10.303269938000028, 48.68646156300008],
              [10.304263779000053, 48.68586980300006],
              [10.306215314000042, 48.686925369000051],
              [10.307475675000035, 48.68761999700007],
              [10.307597699000041, 48.687674164000043],
              [10.30840087200005, 48.687207934000071],
              [10.309244458000023, 48.68682270100004],
              [10.309870058000058, 48.686607950000052],
              [10.310400547000029, 48.686402025000064],
              [10.310809077000044, 48.686123949000034],
              [10.311653147000072, 48.685603809000042],
              [10.312184276000039, 48.685227017000045],
              [10.312402269000074, 48.685047532000056],
              [10.313147612000023, 48.685471444000029],
              [10.315651510000066, 48.684171693000053],
              [10.317503170000066, 48.68293376500003],
              [10.318302277000043, 48.683510605000038],
              [10.318650654000066, 48.684779139000057],
              [10.31861622200006, 48.686730491000048],
              [10.31740006800004, 48.688697895000075],
              [10.318214732000058, 48.688771172000031],
              [10.319328174000077, 48.688853924000057],
              [10.319749523000041, 48.688773674000061],
              [10.321004709000022, 48.687246949000041],
              [10.323786505000044, 48.687934841000072],
              [10.32346939100006, 48.689238276000026],
              [10.324172719000046, 48.690057726000077],
              [10.326574274000052, 48.690780917000041],
              [10.330282533000059, 48.690741682000066],
              [10.333243838000044, 48.689786501000071],
              [10.335490079000067, 48.688676330000078],
              [10.337429497000073, 48.689021808000064],
              [10.338683591000063, 48.687967221000065],
              [10.336787138000034, 48.68767893100005],
              [10.338215164000076, 48.68658092000004],
              [10.338856209000028, 48.68576352000008],
              [10.340258191000032, 48.684821316000068],
              [10.341755331000059, 48.683834268000055],
              [10.345622190000029, 48.68071926500005],
              [10.347422983000058, 48.67910738300003],
              [10.34717349400006, 48.678464628000029],
              [10.347780368000031, 48.676711535000038],
              [10.347606431000031, 48.67588397600008],
              [10.345971794000036, 48.674215662000051],
              [10.348302623000052, 48.673305221000078],
              [10.348176765000062, 48.672191540000028],
              [10.349299278000046, 48.671650591000059],
              [10.348873686000047, 48.669879819000073],
              [10.35034037500003, 48.669539188000044],
              [10.350797699000054, 48.666931697000052],
              [10.351883032000046, 48.665717997000058],
              [10.350267391000045, 48.665477901000031],
              [10.348291982000035, 48.665427634000025],
              [10.347321119000071, 48.665759402000049],
              [10.347902556000065, 48.66336876500003],
              [10.349195593000047, 48.663370529000076],
              [10.348251991000041, 48.661884572000076],
              [10.347967480000023, 48.660273374000042],
              [10.349515061000034, 48.660239513000079],
              [10.350636679000047, 48.659208515000046],
              [10.351460927000062, 48.658686428000067],
              [10.352779630000043, 48.658013746000051],
              [10.351097614000025, 48.656211598000027],
              [10.351017332000026, 48.654676861000041],
              [10.356202443000029, 48.654433876000041],
              [10.359365023000066, 48.65360518600005],
              [10.361128680000036, 48.652826843000071],
              [10.361222661000056, 48.653186660000074],
              [10.361894795000069, 48.653708168000037],
              [10.361803832000021, 48.655392577000043],
              [10.364473840000073, 48.655411823000065],
              [10.364686937000045, 48.656909346000077],
              [10.365721939000025, 48.656653642000038],
              [10.366791747000036, 48.659424405000038],
              [10.366486151000061, 48.660851603000026],
              [10.366569767000044, 48.661793899000031],
              [10.366884501000072, 48.662329985000042],
              [10.368441434000033, 48.663878558000079],
              [10.370140313000036, 48.663143170000069],
              [10.371781166000062, 48.663199057000043],
              [10.373591781000073, 48.663058376000038],
              [10.376287117000061, 48.664220303000036],
              [10.378685757000028, 48.666454214000055],
              [10.379998270000044, 48.667677516000026],
              [10.383693576000042, 48.666620328000079],
              [10.38427527500005, 48.667493213000057],
              [10.385578918000022, 48.667359676000046],
              [10.386339547000034, 48.667207584000039],
              [10.386842223000031, 48.66705522500007],
              [10.387180336000029, 48.667613107000079],
              [10.389421374000051, 48.667201704000036],
              [10.389569107000057, 48.668222040000046],
              [10.388918887000045, 48.669815514000049],
              [10.389755426000022, 48.669567080000036],
              [10.389711702000056, 48.670888944000069],
              [10.389135405000047, 48.67242533700005],
              [10.387051626000073, 48.672494616000051],
              [10.386757991000025, 48.674087330000077],
              [10.390818839000076, 48.674663542000076],
              [10.391174801000034, 48.676139054000032],
              [10.390093766000064, 48.677565568000034],
              [10.392777784000032, 48.678139976000068],
              [10.392695951000064, 48.678301764000025],
              [10.392464030000042, 48.678787141000043],
              [10.392272744000024, 48.679317519000051],
              [10.392026875000056, 48.679964749000078],
              [10.391861801000061, 48.680917806000082],
              [10.391939549000028, 48.682599503000063],
              [10.391978734000077, 48.683300967000037],
              [10.393113136000068, 48.684264118000044],
              [10.392809853000074, 48.684920515000044],
              [10.391742803000056, 48.68557587600003],
              [10.392032311000037, 48.687160856000048],
              [10.393608991000065, 48.689208587000053],
              [10.399244067000041, 48.690043293000031],
              [10.398847854000053, 48.69115802400006],
              [10.400502214000028, 48.692508420000081],
              [10.402319399000021, 48.693993826000053],
              [10.403175530000055, 48.69381472200007],
              [10.404383752000058, 48.694184469000049],
              [10.405388769000069, 48.694279722000033],
              [10.40788776900007, 48.694502175000025],
              [10.40653941000005, 48.696353543000043],
              [10.407204033000028, 48.696884670000031],
              [10.407786958000031, 48.697523637000074],
              [10.408437822000053, 48.698162658000058],
              [10.408871360000035, 48.698792504000039],
              [10.411644491000061, 48.697814539000035],
              [10.413585646000058, 48.69864339600008],
              [10.417229849000023, 48.697034692000045],
              [10.420252806000065, 48.694728961000067],
              [10.423772180000071, 48.696539716000075],
              [10.424824899000043, 48.695773906000056],
              [10.425931029000026, 48.695018412000081],
              [10.428408865000051, 48.696447629000033],
              [10.429054714000074, 48.697209427000075],
              [10.429413208000028, 48.697852073000035],
              [10.429771439000035, 48.698685063000028],
              [10.430345859000056, 48.699161290000063],
              [10.431747642000062, 48.699492362000058],
              [10.432072406000032, 48.698282009000081],
              [10.432850578000057, 48.69765852200004],
              [10.433639008000057, 48.697281302000079],
              [10.43521583200004, 48.69652684700003],
              [10.436657466000042, 48.695232730000043],
              [10.437106333000031, 48.694774358000075],
              [10.437283619000027, 48.694234897000058],
              [10.437352360000034, 48.693596455000034],
              [10.437393747000044, 48.693101881000075],
              [10.437006119000046, 48.690980405000062],
              [10.433797405000064, 48.690689759000065],
              [10.434939682000049, 48.68970124100008],
              [10.435236976000056, 48.689093339000067],
              [10.434635232000062, 48.687608295000075],
              [10.431416714000022, 48.686673665000058],
              [10.429635277000045, 48.686025378000068],
              [10.429070872000068, 48.687148077000074],
              [10.426916691000031, 48.686845580000067],
              [10.426612083000066, 48.687688962000038],
              [10.427257346000033, 48.688745801000039],
              [10.427125281000031, 48.690544475000081],
              [10.426519975000076, 48.691571941000063],
              [10.424450445000048, 48.69196974700003],
              [10.422781643000064, 48.690754588000061],
              [10.422160299000041, 48.68858692200007],
              [10.422574801000053, 48.684162830000048],
              [10.419679813000073, 48.682742191000045],
              [10.418720957000062, 48.682271623000076],
              [10.421520776000023, 48.680879781000044],
              [10.423110992000034, 48.680026595000072],
              [10.424468920000038, 48.679321887000071],
              [10.422744214000033, 48.679377805000058],
              [10.423479151000038, 48.678122044000077],
              [10.423394360000032, 48.677208335000046],
              [10.422836734000043, 48.675409201000036],
              [10.423855511000056, 48.675248889000045],
              [10.426527262000036, 48.674903126000061],
              [10.426109293000025, 48.672951458000057],
              [10.425865754000029, 48.672384763000082],
              [10.425174300000037, 48.671727841000063],
              [10.424441701000035, 48.671349657000064],
              [10.422622986000022, 48.670934746000057],
              [10.42221574000007, 48.670889499000054],
              [10.421686067000053, 48.670988045000058],
              [10.421047540000075, 48.671230392000041],
              [10.420653371000071, 48.671490895000034],
              [10.420027746000073, 48.672137912000039],
              [10.419306776000042, 48.672955714000068],
              [10.419116791000022, 48.672892628000056],
              [10.41758328700007, 48.672423886000047],
              [10.416430247000051, 48.671802537000076],
              [10.414788940000051, 48.670902032000072],
              [10.415809677000027, 48.669490978000056],
              [10.412186676000033, 48.668364101000066],
              [10.411019420000059, 48.668183321000072],
              [10.408698476000041, 48.667839719000028],
              [10.408753304000072, 48.667560995000031],
              [10.408876938000049, 48.66678773700005],
              [10.408456213000022, 48.666715451000073],
              [10.407384043000036, 48.666534711000054],
              [10.407932338000023, 48.663756472000046],
              [10.409560887000055, 48.664018594000026],
              [10.409727743000076, 48.662497481000059],
              [10.409837055000025, 48.661500911000076],
              [10.410638818000052, 48.661033948000068],
              [10.411507163000067, 48.66126845000008],
              [10.411913880000043, 48.661556534000056],
              [10.412239267000075, 48.661781604000055],
              [10.413174962000028, 48.66232189200008],
              [10.414870879000034, 48.662862757000028],
              [10.415210365000064, 48.66280006900007],
              [10.41641891200004, 48.662585165000053],
              [10.416579748000061, 48.663790285000061],
              [10.419335309000076, 48.663927210000054],
              [10.419771290000028, 48.662974317000078],
              [10.421577440000021, 48.662561952000033],
              [10.423478046000071, 48.662491338000052],
              [10.424278632000039, 48.662707708000028],
              [10.424455051000052, 48.662743798000065],
              [10.424807723000072, 48.66292388800008],
              [10.42650333000006, 48.663770322000062],
              [10.427941925000027, 48.664032048000081],
              [10.428362972000059, 48.663888440000051],
              [10.428757985000061, 48.662980449000031],
              [10.428867531000037, 48.662333058000058],
              [10.42941127000006, 48.661820831000057],
              [10.431149117000075, 48.661624087000064],
              [10.432751179000036, 48.661445219000029],
              [10.432815406000032, 48.664089060000038],
              [10.433575137000048, 48.664449219000062],
              [10.435149521000028, 48.664728918000037],
              [10.436846699000057, 48.664550046000045],
              [10.438557440000068, 48.664371155000026],
              [10.438611380000054, 48.664658946000031],
              [10.438705797000068, 48.665144595000072],
              [10.441380465000066, 48.664930219000041],
              [10.441853368000068, 48.666809909000051],
              [10.446728294000025, 48.665814183000066],
              [10.449172635000025, 48.665158874000042],
              [10.452088629000059, 48.667983829000036],
              [10.454084463000072, 48.667885755000043],
              [10.452847056000053, 48.669899568000062],
              [10.454190512000025, 48.670610543000066],
              [10.464998023000021, 48.670533543000033],
              [10.469408392000048, 48.67405993400007],
              [10.475044159000049, 48.677688782000075],
              [10.477026499000033, 48.679602165000063],
              [10.478150027000027, 48.680087037000078],
              [10.480213846000026, 48.680869781000069],
              [10.480729742000051, 48.681238569000072],
              [10.480987695000067, 48.681418466000025],
              [10.48119113100006, 48.682110932000057],
              [10.480689915000028, 48.683171815000037],
              [10.481465641000057, 48.684256909000055],
              [10.481746283000064, 48.686499429000037],
              [10.485690500000032, 48.687255461000063],
              [10.487070684000059, 48.68625632100003],
              [10.489012628000069, 48.685745004000069],
              [10.490132215000074, 48.68674201400006],
              [10.491063135000047, 48.687309908000032],
              [10.492547152000043, 48.686056961000077],
              [10.495083373000057, 48.687247210000066],
              [10.495748779000053, 48.688434267000048],
              [10.49164662000004, 48.69043040400004],
              [10.49110326300007, 48.690691149000031],
              [10.48713691100005, 48.691347225000072],
              [10.485595622000062, 48.691603330000078],
              [10.486328529000048, 48.692459975000077],
              [10.48753524600005, 48.69574357700003],
              [10.487257767000074, 48.696661913000071],
              [10.48386167600006, 48.696580538000035],
              [10.479542570000035, 48.694799274000047],
              [10.480057161000047, 48.698702197000046],
              [10.480260346000023, 48.70015905200006],
              [10.476958231000026, 48.701956959000029],
              [10.473694129000023, 48.702671258000066],
              [10.471509766000054, 48.702810004000071],
              [10.471250460000022, 48.704788338000071],
              [10.474483675000045, 48.70560746700005],
              [10.477839999000025, 48.704852797000058],
              [10.479225787000075, 48.704996949000076],
              [10.478868999000042, 48.706041498000047],
              [10.48016298500005, 48.706498569000075],
              [10.481889245000048, 48.704671535000045],
              [10.483528291000027, 48.705242830000032],
              [10.482146279000062, 48.706822983000052],
              [10.483382300000073, 48.708064174000071],
              [10.482294797000066, 48.709412920000034],
              [10.481587893000039, 48.710276110000052],
              [10.482447824000076, 48.710810313000081],
              [10.481641374000048, 48.712587260000078],
              [10.47373224200004, 48.711979231000043],
              [10.473664773000053, 48.71241479300005],
              [10.47120396400004, 48.714482522000026],
              [10.47021135600005, 48.71542650300006],
              [10.469314067000028, 48.716010790000041],
              [10.468607127000041, 48.716424261000043],
              [10.468457602000058, 48.716478176000066],
              [10.468104168000025, 48.716621960000055],
              [10.468185120000044, 48.717521263000037],
              [10.468306460000065, 48.719014103000063],
              [10.467993815000057, 48.719103941000071],
              [10.465492622000056, 48.719804632000034],
              [10.46735360200006, 48.721262030000048],
              [10.467598126000041, 48.721441958000071],
              [10.466605807000064, 48.721657492000077],
              [10.462052166000035, 48.722303514000032],
              [10.462295066000024, 48.724560797000038],
              [10.465448701000071, 48.724238080000077],
              [10.464956863000054, 48.727736142000026],
              [10.462781732000053, 48.72803219900004],
              [10.461761342000045, 48.72917394500007],
              [10.461489236000034, 48.729470615000025],
              [10.457738019000033, 48.728749824000033],
              [10.456433275000052, 48.728497520000076],
              [10.455739515000062, 48.729045810000059],
              [10.457410682000045, 48.729999706000058],
              [10.458511127000065, 48.730764516000079],
              [10.46064410300005, 48.732348037000065],
              [10.461676734000037, 48.733040849000076],
              [10.463049204000072, 48.733814702000075],
              [10.464381437000043, 48.734705258000076],
              [10.464281234000055, 48.735137085000076],
              [10.463081727000031, 48.735525648000078],
              [10.461704263000058, 48.735941642000057],
              [10.460140434000039, 48.736105401000032],
              [10.457567007000023, 48.735222677000081],
              [10.456096887000058, 48.734309927000027],
              [10.454647666000028, 48.733730655000045],
              [10.450731255000051, 48.734817128000032],
              [10.450064919000056, 48.734987695000029],
              [10.449633878000043, 48.731120563000047],
              [10.447883535000074, 48.728044197000031],
              [10.446590263000076, 48.729788198000051],
              [10.443424628000059, 48.729413359000034],
              [10.442732592000027, 48.730669311000042],
              [10.443811154000059, 48.731069594000076],
              [10.443075875000034, 48.732382632000053],
              [10.44104651400005, 48.732981176000067],
              [10.440345662000027, 48.733930736000048],
              [10.43873691400006, 48.737545004000026],
              [10.439877456000033, 48.738768662000041],
              [10.437390227000037, 48.738083828000072],
              [10.43560758600006, 48.739260881000064],
              [10.435963199000071, 48.737660349000066],
              [10.432754936000038, 48.737388667000062],
              [10.431803341000034, 48.737307152000028],
              [10.430741535000038, 48.738241757000026],
              [10.43236083000005, 48.740114357000039],
              [10.434857233000059, 48.741166942000064],
              [10.43231366200007, 48.741848885000081],
              [10.42874981500006, 48.742808901000046],
              [10.427783815000055, 48.743203967000056],
              [10.427279660000067, 48.74390508700003],
              [10.426925351000023, 48.74441745200005],
              [10.423689357000057, 48.744234482000081],
              [10.425223981000045, 48.745771342000069],
              [10.424286722000033, 48.746936608000055],
              [10.421732256000041, 48.746887251000032],
              [10.420449545000054, 48.746400447000042],
              [10.419755836000036, 48.746516857000074],
              [10.417116170000043, 48.747441195000079],
              [10.416558178000059, 48.747701573000029],
              [10.416176716000052, 48.748105969000051],
              [10.417736327000057, 48.748193031000028],
              [10.422522098000059, 48.747958530000062],
              [10.423097292000023, 48.748268250000081],
              [10.423069504000068, 48.749262051000073],
              [10.422565805000033, 48.749594441000056],
              [10.418949184000041, 48.749124229000074],
              [10.418348724000055, 48.750373812000078],
              [10.417206139000029, 48.750507862000063],
              [10.417123162000053, 48.751317167000082],
              [10.418167027000038, 48.753287403000058],
              [10.418655779000062, 48.75380036100006],
              [10.420002222000051, 48.753801338000073],
              [10.420057777000068, 48.753099925000072],
              [10.420901064000077, 48.753055563000032],
              [10.423158317000059, 48.753299957000081],
              [10.423619851000069, 48.75385784000008],
              [10.424637975000053, 48.755090574000064],
              [10.423983379000049, 48.756214252000063],
              [10.424415623000073, 48.756597042000067],
              [10.428186612000047, 48.755884305000052],
              [10.427790366000067, 48.757107096000027],
              [10.427162871000064, 48.758329735000075],
              [10.422605101000045, 48.759082070000034],
              [10.422087551000061, 48.759504380000067],
              [10.418218813000067, 48.762927943000079],
              [10.418040897000026, 48.763566318000073],
              [10.418583216000059, 48.764645880000046],
              [10.416786836000028, 48.765067224000063],
              [10.417717795000044, 48.769609407000075],
              [10.41303640700005, 48.770343277000052],
              [10.413101313000027, 48.772087984000052],
              [10.414149020000025, 48.772043832000065],
              [10.415740992000053, 48.771973105000029],
              [10.415519286000062, 48.774284158000057],
              [10.415408355000068, 48.775480155000025],
              [10.41676723300003, 48.776515385000039],
              [10.418223371000067, 48.776390562000074],
              [10.420114960000035, 48.77623905400003],
              [10.420306723000067, 48.775465785000051],
              [10.417848569000057, 48.772730099000057],
              [10.420407270000055, 48.772228347000066],
              [10.420909448000032, 48.772984124000061],
              [10.421208017000026, 48.773451976000047],
              [10.421725752000043, 48.773011680000081],
              [10.423292520000075, 48.771681797000042],
              [10.424149606000071, 48.771718357000054],
              [10.425113417000034, 48.773130923000053],
              [10.425222015000031, 48.773292871000081],
              [10.427562521000027, 48.773096572000043],
              [10.427795010000068, 48.772296339000036],
              [10.428519823000045, 48.769769755000027],
              [10.432001394000054, 48.770689230000073],
              [10.430270507000046, 48.772801531000027],
              [10.428799730000037, 48.773726886000077],
              [10.43013191600005, 48.774564088000034],
              [10.429625151000039, 48.776866],
              [10.431940626000028, 48.775221704000046],
              [10.433980381000026, 48.776113249000048],
              [10.43426596300003, 48.776230329000043],
              [10.434060837000061, 48.776985627000045],
              [10.431731767000031, 48.778611974000057],
              [10.429989946000035, 48.778664850000041],
              [10.430045592000056, 48.77781953300007],
              [10.429501372000061, 48.777774224000041],
              [10.428044023000041, 48.778708574000063],
              [10.426773954000055, 48.781747417000076],
              [10.428366226000037, 48.781676509000079],
              [10.428760891000024, 48.781658776000029],
              [10.429207748000067, 48.783178899000063],
              [10.42830940500005, 48.783295235000026],
              [10.42795548600003, 48.783357958000067],
              [10.427460900000028, 48.786487248000071],
              [10.429840096000021, 48.78820646500003],
              [10.431269242000042, 48.788144404000036],
              [10.433502249000071, 48.787444296000047],
              [10.43408736300006, 48.787525582000058],
              [10.43459081900005, 48.787606817000039],
              [10.434329472000059, 48.789648109000041],
              [10.43174220700007, 48.790554862000079],
              [10.431062718000021, 48.789817004000042],
              [10.429252179000059, 48.790049689000057],
              [10.427711829000032, 48.791631496000036],
              [10.429738641000029, 48.792164797000055],
              [10.430771579000066, 48.793548988000055],
              [10.428825153000048, 48.793529773000046],
              [10.426306470000043, 48.79388786100003],
              [10.425147706000075, 48.795038215000034],
              [10.424031285000069, 48.795190343000058],
              [10.422902687000033, 48.794434139000032],
              [10.420913694000035, 48.795457967000061],
              [10.420313213000043, 48.796401823000053],
              [10.420999259000041, 48.79821226200005],
              [10.421083753000062, 48.799411569000029],
              [10.423328343000037, 48.800720678000062],
              [10.425124793000066, 48.801072637000061],
              [10.42916505900007, 48.800245056000051],
              [10.43240608800005, 48.800732481000068],
              [10.433905473000038, 48.80117712200007],
              [10.438272521000044, 48.803499880000061],
              [10.440040699000065, 48.804867817000058],
              [10.440883356000029, 48.806064368000079],
              [10.44096459900004, 48.806433134000031],
              [10.441194935000055, 48.807359559000076],
              [10.441166342000031, 48.808483700000068],
              [10.440770268000051, 48.80948174100007],
              [10.442866596000044, 48.809941492000064],
              [10.445085602000063, 48.810320326000067],
              [10.446297012000059, 48.810716620000051],
              [10.446555624000041, 48.810806677000073],
              [10.448624089000077, 48.811967781000078],
              [10.447016619000067, 48.812605550000058],
              [10.44752931000005, 48.817003505000059],
              [10.448862836000046, 48.818002381000042],
              [10.446832402000041, 48.819179551000047],
              [10.448696184000028, 48.821060026000055],
              [10.447506490000023, 48.822685152000076],
              [10.446309241000051, 48.824287501000072],
              [10.449594084000069, 48.825065603000041],
              [10.448292903000038, 48.828875039000081],
              [10.447978250000062, 48.830065520000062],
              [10.449102463000031, 48.830323025000041],
              [10.447989974000052, 48.831914651000034],
              [10.443180769000037, 48.832361969000033],
              [10.443476467000039, 48.833375586000045],
              [10.441844402000072, 48.833503437000047],
              [10.442442716000073, 48.834421071000065],
              [10.440807537000069, 48.834761962000073],
              [10.439076904000046, 48.835156737000034],
              [10.437646419000032, 48.835191919000067],
              [10.436747344000025, 48.835146445000078],
              [10.436256896000032, 48.835155159000067],
              [10.435875256000031, 48.835298834000071],
              [10.43478477900004, 48.835756863000029],
              [10.43374884800005, 48.836160954000036],
              [10.432753821000063, 48.836529086000041],
              [10.431935963000058, 48.836843358000067],
              [10.431022652000024, 48.837211525000043],
              [10.430286798000054, 48.837327981000044],
              [10.429646478000052, 48.837327578000043],
              [10.42869281000003, 48.837326972000028],
              [10.427998168000045, 48.837209611000048],
              [10.42734434700003, 48.837128246000077],
              [10.426826901000027, 48.836957033000033],
              [10.426268382000046, 48.836920691000046],
              [10.427415498000073, 48.842988999000056],
              [10.429318516000023, 48.843304318000037],
              [10.429172152000035, 48.844944690000034],
              [10.431310616000076, 48.84552160800007],
              [10.43346249700005, 48.846287356000062],
              [10.436404292000077, 48.847431239000059],
              [10.440232102000039, 48.848476597000058],
              [10.441791700000067, 48.849005783000052],
              [10.442852111000036, 48.849365571000078],
              [10.445447619000049, 48.849795186000051],
              [10.448216151000054, 48.849748669000064],
              [10.448062543000049, 48.851390688000038],
              [10.45279514200007, 48.851859524000076],
              [10.452422938000041, 48.853887532000044],
              [10.452406950000068, 48.856565741000054],
              [10.454106806000027, 48.86030058700004],
              [10.448353934000068, 48.861134464000031],
              [10.447697303000041, 48.863328572000057],
              [10.449865342000066, 48.862664049000045],
              [10.450463029000048, 48.86469684900004],
              [10.448648846000026, 48.865820217000078],
              [10.451672919000032, 48.868024982000065],
              [10.452487678000068, 48.871280992000038],
              [10.451191566000034, 48.872215760000074],
              [10.452580966000028, 48.87347545700004],
              [10.447027709000054, 48.877340187000073],
              [10.448416860000066, 48.878869746000078],
              [10.444774583000026, 48.880271],
              [10.44546847600003, 48.88163836700005],
              [10.448496458000022, 48.880956294000043],
              [10.450049092000029, 48.882782699000074],
              [10.450824263000072, 48.884869559000037],
              [10.452992995000045, 48.884438802000034],
              [10.453999263000071, 48.887470068000027],
              [10.452226218000021, 48.887586239000029],
              [10.45296114100006, 48.889160435000065],
              [10.449782900000059, 48.889635711000039],
              [10.450313577000031, 48.890832101000058],
              [10.450215787000047, 48.893089461000045],
              [10.444813365000073, 48.894121187000053],
              [10.445016351000049, 48.895542284000044],
              [10.442328986000064, 48.895747781000068],
              [10.441113660000042, 48.896853366000073],
              [10.440811405000034, 48.898624957000038],
              [10.438082756000028, 48.898965235000048],
              [10.437658746000068, 48.899846379000053],
              [10.42930848900005, 48.901019570000074],
              [10.42414890200007, 48.902940829000045],
              [10.423968915000046, 48.904622527000072],
              [10.421417357000053, 48.904845601000034],
              [10.421320368000067, 48.905762890000062],
              [10.423658216000035, 48.906004166000059],
              [10.425180745000034, 48.906161270000041],
              [10.424880552000047, 48.907457412000042],
              [10.424815391000038, 48.907738747000053],
              [10.425029746000064, 48.907677058000047],
              [10.430916482000043, 48.905982682000058],
              [10.430914142000063, 48.906198498000037],
              [10.430894623000029, 48.907999672000074],
              [10.436014163000038, 48.907956289000026],
              [10.436261461000072, 48.908385321000026],
              [10.436705698000026, 48.909155998000074],
              [10.438611845000025, 48.909099953000066],
              [10.440552450000041, 48.908537238000065],
              [10.443770228000062, 48.90845213700004],
              [10.443769759000077, 48.908856668000055],
              [10.443805085000065, 48.909522971000058],
              [10.444093200000054, 48.910118014000034],
              [10.44402042300004, 48.910617692000073],
              [10.44582951700005, 48.911159660000067],
              [10.447822170000052, 48.91129386700004],
              [10.449236631000076, 48.91197984300004],
              [10.448947234000059, 48.912531777000027],
              [10.451285808000023, 48.913389477000067],
              [10.450851626000031, 48.914322089000052],
              [10.453891258000056, 48.914999673000068],
              [10.454626120000057, 48.917140486000051],
              [10.456509306000044, 48.917141236000077],
              [10.457000572000027, 48.917141426000057],
              [10.457107388000054, 48.920548179000036],
              [10.455030943000054, 48.922060237000039],
              [10.453771457000073, 48.92321326900003],
              [10.451991403000022, 48.92666771100005],
              [10.44915775100003, 48.926065532000052],
              [10.447569388000034, 48.928321932000074],
              [10.445313898000052, 48.930062729000042],
              [10.441065432000073, 48.931117116000053],
              [10.440847584000039, 48.932059329000026],
              [10.43828981200005, 48.932600498000056],
              [10.437809328000071, 48.933151041000031],
              [10.438133567000023, 48.93379371900005],
              [10.439414389000035, 48.934428663000062],
              [10.439933224000072, 48.935456941000041],
              [10.442213446000039, 48.935464097000079],
              [10.445048392000047, 48.934888467000064],
              [10.446733338000058, 48.934315135000077],
              [10.448220713000069, 48.934873452000033],
              [10.446567798000046, 48.935879983000063],
              [10.448109701000021, 48.936555248000047],
              [10.449174037000034, 48.937032411000075],
              [10.451633916000048, 48.937490065000077],
              [10.451372669000023, 48.93866072700007],
              [10.447866142000066, 48.93868569600005],
              [10.448033538000061, 48.940029887000037],
              [10.444825433000062, 48.94037101400005],
              [10.44559044600004, 48.943083585000068],
              [10.445658351000077, 48.943407397000044],
              [10.444136773000025, 48.945061893000059],
              [10.443334406000076, 48.945816600000057],
              [10.442568510000058, 48.945780910000053],
              [10.439171185000021, 48.945622535000041],
              [10.436944544000028, 48.945525369000052],
              [10.43624862300004, 48.944294359000025],
              [10.434720011000024, 48.944363343000077],
              [10.434594513000036, 48.944418348000056],
              [10.433486467000023, 48.944903980000049],
              [10.432637875000069, 48.945275885000058],
              [10.432347216000039, 48.945785006000051],
              [10.432116368000038, 48.946189350000054],
              [10.431784188000051, 48.946220400000072],
              [10.430902321000076, 48.946302827000068],
              [10.42963239900007, 48.947836042000063],
              [10.429900076000024, 48.949843104000081],
              [10.429637283000034, 48.951670503000059],
              [10.430294630000049, 48.951774466000074],
              [10.431631303000074, 48.951985855000032],
              [10.431022214000052, 48.953441822000059],
              [10.429851797000026, 48.953241203000061],
              [10.428373146000069, 48.956238618000043],
              [10.427247429000033, 48.956134090000035],
              [10.426205352000068, 48.956037317000039],
              [10.42597018400005, 48.956684873000029],
              [10.42576989500003, 48.957236370000032],
              [10.424884330000054, 48.95763708100003],
              [10.424268641000026, 48.958517136000069],
              [10.42377201100004, 48.959262487000046],
              [10.422340930000075, 48.959290056000043],
              [10.422081845000037, 48.958604537000042],
              [10.420216906000064, 48.958774554000058],
              [10.419458015000032, 48.959175873000049],
              [10.420343810000077, 48.960381697000059],
              [10.420848026000044, 48.961083583000061],
              [10.423552866000023, 48.96081564900004],
              [10.424932592000062, 48.960681676000036],
              [10.424703152000063, 48.962370763000081],
              [10.424361943000065, 48.963562065000076],
              [10.421417559000076, 48.963629275000073],
              [10.42134739200003, 48.96478045300006],
              [10.421126419000075, 48.966264301000081],
              [10.419432564000033, 48.966263092000077],
              [10.418298775000039, 48.966262269000026],
              [10.418242904000067, 48.966990740000028],
              [10.418751747000044, 48.968579206000072],
              [10.416245789000072, 48.968554212000072],
              [10.41173744300005, 48.968712632000063],
              [10.408571856000037, 48.966740404000063],
              [10.405164827000021, 48.966775157000029],
              [10.403681380000023, 48.966790257000071],
              [10.403925051000044, 48.967905720000033],
              [10.403009764000046, 48.969622780000066],
              [10.403063026000041, 48.970976909000058],
              [10.403104824000025, 48.972039515000063],
              [10.402929086000029, 48.973153048000029],
              [10.401479997000024, 48.974523171000044],
              [10.403245069000036, 48.975531966000062],
              [10.406280833000039, 48.975939099000072],
              [10.409390286000075, 48.975632307000069],
              [10.409849666000071, 48.977435307000064],
              [10.41177558000004, 48.977769623000029],
              [10.411773416000074, 48.978956833000041],
              [10.410079084000074, 48.978973470000028],
              [10.408560204000025, 48.980141461000073],
              [10.405813927000054, 48.980040245000055],
              [10.40540767300007, 48.980910278000067],
              [10.404022694000048, 48.980668303000073],
              [10.403350653000075, 48.981917895000038],
              [10.402128897000068, 48.982747195000059],
              [10.401447825000048, 48.98543686000005],
              [10.401254133000066, 48.986201723000079],
              [10.399126296000077, 48.98705650800008],
              [10.397013831000038, 48.986679081000034],
              [10.395982143000026, 48.987821244000031],
              [10.395425326000066, 48.98808628200004],
              [10.394546736000052, 48.988504469000077],
              [10.394744600000024, 48.989072451000027],
              [10.394810112000073, 48.989465601000063],
              [10.394683058000055, 48.990157614000054],
              [10.391526272000021, 48.990104906000056],
              [10.391527333000056, 48.989631313000075],
              [10.391527936000045, 48.989362444000051],
              [10.388187505000076, 48.989045032000035],
              [10.385188179000068, 48.988637256000061],
              [10.381771881000077, 48.988507776000063],
              [10.380483235000042, 48.989211712000042],
              [10.379883107000069, 48.98963901500008],
              [10.378746742000033, 48.990447255000049],
              [10.38106857300005, 48.991079337000031],
              [10.382769118000056, 48.994319007000058],
              [10.381976275000056, 48.995338079000078],
              [10.381713360000049, 48.995676004000074],
              [10.380821634000029, 48.997006185000032],
              [10.381488298000022, 48.99827506400004],
              [10.381896484000038, 48.999048990000063],
              [10.379884944000025, 48.99991028200003],
              [10.379161174000046, 48.999621690000026],
              [10.378956176000031, 48.999603479000029],
              [10.378696568000066, 48.99955822700008],
              [10.378259098000058, 48.999575740000068],
              [10.378094951000037, 48.999620532000051],
              [10.375442809000049, 48.999716542000044],
              [10.372808986000052, 49.003239276000045],
              [10.371591663000061, 49.003480725000031],
              [10.362955685000031, 49.00376820200006],
              [10.358808356000054, 49.003906020000045],
              [10.358641679000073, 49.004805224000052],
              [10.354425459000026, 49.004626482000049],
              [10.353908994000051, 49.005635594000069],
              [10.352157951000038, 49.006002052000042],
              [10.353502205000041, 49.009043849000079],
              [10.354799939000031, 49.010331410000049],
              [10.356615852000061, 49.012482360000035],
              [10.356145639000033, 49.013404261000062],
              [10.356091845000037, 49.013509725000063],
              [10.354266940000059, 49.014021379000042],
              [10.352700305000042, 49.01524726100007],
              [10.351269724000076, 49.014560007000057],
              [10.348923127000035, 49.015270776000079],
              [10.348994482000023, 49.016485036000063],
              [10.347078888000055, 49.016860188000067],
              [10.345438680000029, 49.016633078000041],
              [10.345324712000036, 49.018062999000051],
              [10.345197407000057, 49.019384972000069],
              [10.34638665500006, 49.01953951400003],
              [10.346082968000076, 49.020429524000065],
              [10.34862518400007, 49.020882706000066],
              [10.349633957000037, 49.02191840200004],
              [10.350274855000066, 49.022521876000042],
              [10.350478354000074, 49.023052807000056],
              [10.350230373000045, 49.02363710000003],
              [10.350431177000075, 49.025040470000079],
              [10.350256584000022, 49.028422072000069],
              [10.344157538000047, 49.028044974000068],
              [10.342639535000046, 49.027979888000061],
              [10.341761613000074, 49.028761149000047],
              [10.339642784000034, 49.028389366000056],
              [10.340302609000048, 49.027391948000059],
              [10.336952050000036, 49.027270188000045],
              [10.336382453000056, 49.029877690000035],
              [10.333325982000076, 49.031690018000063],
              [10.332901138000068, 49.031923235000079],
              [10.332738239000037, 49.031563220000066],
              [10.332303801000023, 49.030618171000071],
              [10.331964251000045, 49.029925103000039],
              [10.332941890000029, 49.028046768000081],
              [10.333616422000034, 49.026788579000026],
              [10.331524721000051, 49.026524613000049],
              [10.329640214000051, 49.029570811000042],
              [10.328311886000051, 49.030009498000027],
              [10.327490237000063, 49.030278061000047],
              [10.327491810000026, 49.029837345000033],
              [10.327523818000031, 49.028533226000036],
              [10.327269822000062, 49.026886885000067],
              [10.32791325900007, 49.026716987000043],
              [10.328775749000044, 49.026484460000063],
              [10.328680742000074, 49.026277447000041],
              [10.328341403000024, 49.025548393000065],
              [10.328891722000037, 49.02463182300005],
              [10.328960583000026, 49.024497015000065],
              [10.328043039000022, 49.024837389000027],
              [10.32629081400006, 49.025284393000049],
              [10.325633843000048, 49.025418284000068],
              [10.324867487000063, 49.025543005000031],
              [10.324046549000059, 49.025631659000055],
              [10.323444669000025, 49.025657693000028],
              [10.321858153000051, 49.025655176000043],
              [10.321365786000058, 49.025654391000046],
              [10.320969157000036, 49.025653757000043],
              [10.320476556000074, 49.025715926000032],
              [10.320542003000071, 49.026507526000046],
              [10.318593274000023, 49.028258261000076],
              [10.316554220000057, 49.028542751000032],
              [10.312760871000023, 49.029732700000068],
              [10.310964305000027, 49.030943904000026],
              [10.309455680000042, 49.031957697000053],
              [10.307201359000032, 49.031288256000039],
              [10.30271405700006, 49.031469309000045],
              [10.30265756600005, 49.03525580400003],
              [10.302070394000054, 49.038339812000061],
              [10.301613570000029, 49.038948279000067],
              [10.300568132000024, 49.040340692000029],
              [10.297827952000034, 49.041358498000079],
              [10.294007324000063, 49.042777439000076],
              [10.29321940400007, 49.041462814000056],
              [10.292825652000033, 49.040760528000078],
              [10.288225682000075, 49.041462464000062],
              [10.287702632000048, 49.042181019000054],
              [10.287207049000074, 49.042872640000041],
              [10.284939365000071, 49.042085796000038],
              [10.287244982000061, 49.040471228000058],
              [10.288068407000026, 49.039888160000032],
              [10.286875118000069, 49.039088139000057],
              [10.285122095000077, 49.037912783000081],
              [10.284838754000077, 49.036575331000051],
              [10.279426962000059, 49.037752065000063],
              [10.277240662000054, 49.03823914700007],
              [10.275017342000069, 49.040270617000033],
              [10.274520322000058, 49.040725122000026],
              [10.275551534000044, 49.041411117000052],
              [10.277220932000034, 49.042520406000051],
              [10.272995218000062, 49.042706483000075],
              [10.268160472000034, 49.043176568000035],
              [10.266190381000058, 49.043154478000076],
              [10.265609640000037, 49.044412471000044],
              [10.265196642000035, 49.044933277000041],
              [10.264990096000076, 49.045202673000063],
              [10.263541129000032, 49.044920795000053],
              [10.261745328000075, 49.043637586000045],
              [10.262587976000077, 49.043068236000067],
              [10.263198433000071, 49.04225774400004],
              [10.26066565800005, 49.042594138000027],
              [10.260216662000062, 49.042089493000049],
              [10.259972272000027, 49.041711207000048],
              [10.259579359000043, 49.040936850000037],
              [10.257757827000034, 49.041319676000057],
              [10.255990993000069, 49.041702592000036],
              [10.255529556000056, 49.040964049000081],
              [10.255216848000032, 49.040576609000027],
              [10.254876418000038, 49.040261061000081],
              [10.252994972000067, 49.038979727000026],
              [10.251863839000066, 49.039161196000066],
              [10.252293226000063, 49.040133088000061],
              [10.250437948000069, 49.04050972400006],
              [10.250260657000069, 49.041194699000073],
              [10.24979081500004, 49.042450161000033],
              [10.250539239000034, 49.043327583000064],
              [10.252648346000058, 49.044303209000077],
              [10.254475992000039, 49.043678032000059],
              [10.255756685000051, 49.044751164000047],
              [10.252869519000058, 49.048177582000051],
              [10.251709391000077, 49.049554237000052],
              [10.253507231000071, 49.051204184000028],
              [10.25485911800007, 49.051932682000029],
              [10.255086295000069, 49.052885458000048],
              [10.257328470000061, 49.053263257000026],
              [10.257632752000063, 49.055350615000066],
              [10.257497486000034, 49.057259970000075],
              [10.256763398000032, 49.059495148000053],
              [10.25605594600006, 49.061364447000074],
              [10.258170716000052, 49.061659254000062],
              [10.258769931000074, 49.060138378000033],
              [10.264630448000048, 49.06136454500006],
              [10.262207987000068, 49.062816797000039],
              [10.261127264000038, 49.062697568000033],
              [10.260025266000071, 49.064107335000074],
              [10.259514747000026, 49.064924732000065],
              [10.258136429000047, 49.06703548400003],
              [10.259576593000077, 49.067412451000052],
              [10.258099303000051, 49.068771302000073],
              [10.258153512000035, 49.070173772000032],
              [10.257292240000027, 49.070380138000075],
              [10.255681345000028, 49.070483990000071],
              [10.255105292000053, 49.070687625000062],
              [10.253912144000026, 49.071118720000072],
              [10.253210643000045, 49.071511133000058],
              [10.252182259000051, 49.072086305000028],
              [10.251358407000055, 49.07256118500004],
              [10.25038492300007, 49.072846841000057],
              [10.247903995000058, 49.07341692600005],
              [10.245544909000046, 49.074339314000042],
              [10.243573264000077, 49.074270557000034],
              [10.244032964000041, 49.072778527000025],
              [10.242488277000064, 49.072343248000038],
              [10.241193126000042, 49.073887310000032],
              [10.239505317000066, 49.074602953000067],
              [10.23563573000007, 49.073703426000066],
              [10.234169895000036, 49.07636232200008],
              [10.235878586000069, 49.076801309000075],
              [10.237793027000066, 49.077297301000044],
              [10.239453486000059, 49.079136056000038],
              [10.240509463000024, 49.081248121000044],
              [10.240984279000031, 49.082197740000026],
              [10.241668632000028, 49.08225328900005],
              [10.242783931000076, 49.081095565000055],
              [10.241991927000072, 49.080688990000056],
              [10.241643575000069, 49.079258061000075],
              [10.242878057000041, 49.078847156000052],
              [10.244056321000073, 49.078705945000081],
              [10.244858201000056, 49.079832088000046],
              [10.246624962000055, 49.079746156000056],
              [10.247145405000026, 49.07972034900007],
              [10.247086109000065, 49.081521773000077],
              [10.247063992000051, 49.082193654000037],
              [10.24816471500003, 49.086432553000066],
              [10.248514812000053, 49.087575645000072],
              [10.248582581000051, 49.087710715000071],
              [10.24967967200007, 49.087416354000027],
              [10.250309726000069, 49.090044165000052],
              [10.249580996000077, 49.09060019900005],
              [10.249675696000054, 49.090825275000043],
              [10.249537577000069, 49.091049829000042],
              [10.249495372000069, 49.091265604000057],
              [10.249137749000056, 49.091561623000075],
              [10.249422181000057, 49.092173889000037],
              [10.249530486000026, 49.092416984000067],
              [10.250596710000025, 49.092815125000072],
              [10.248486753000066, 49.092963312000052],
              [10.248229063000053, 49.092477027000029],
              [10.247917160000043, 49.09188268500003],
              [10.247671251000043, 49.091765202000033],
              [10.247192095000059, 49.091728143000068],
              [10.24657570100004, 49.091744739000035],
              [10.245602986000051, 49.091805495000074],
              [10.24548612600006, 49.090590965000047],
              [10.243979748000072, 49.090569542000026],
              [10.243404645000055, 49.09055023600007],
              [10.243864700000074, 49.091603651000071],
              [10.244375522000041, 49.092753694000066],
              [10.241848721000054, 49.09211171000004],
              [10.23798752700003, 49.09192285000006],
              [10.237594070000057, 49.091238343000043],
              [10.237498984000069, 49.091094207000026],
              [10.23510506100007, 49.090584874000058],
              [10.234221043000048, 49.091949950000071],
              [10.232825337000065, 49.091721765000045],
              [10.233162280000045, 49.090229473000079],
              [10.229070019000062, 49.089760923000028],
              [10.228671955000038, 49.089921860000061],
              [10.227999279000073, 49.090208054000072],
              [10.227710414000057, 49.090432215000078],
              [10.227502703000027, 49.090836465000052],
              [10.227417993000074, 49.091285986000059],
              [10.227291534000074, 49.091852335000056],
              [10.227028827000026, 49.092292428000064],
              [10.226684399000021, 49.092651370000056],
              [10.226145412000051, 49.093367926000042],
              [10.225414771000032, 49.094339242000046],
              [10.223427260000051, 49.09699674400008],
              [10.222778543000061, 49.097858620000068],
              [10.215913741000065, 49.095934562000082],
              [10.215093265000064, 49.095707613000059],
              [10.214313833000062, 49.095489757000053],
              [10.21341327600004, 49.094911803000059],
              [10.212731077000058, 49.09446932000003],
              [10.212265081000055, 49.094522091000044],
              [10.211743816000023, 49.094655669000076],
              [10.21127701100005, 49.094843353000044],
              [10.21046644300003, 49.095255010000074],
              [10.209559173000059, 49.095801330000029],
              [10.208706833000065, 49.096320801000047],
              [10.207786098000042, 49.096822099000065],
              [10.207154184000046, 49.097126264000053],
              [10.206769574000077, 49.097305149000078],
              [10.204997649000063, 49.098119003000079],
              [10.206267724000043, 49.098742968000067],
              [10.208833170000048, 49.098084069000038],
              [10.210181202000058, 49.100069524000048],
              [10.208487128000058, 49.099722431000032],
              [10.207052287000067, 49.09966157100007],
              [10.207463131000054, 49.10039210900004],
              [10.20684142500005, 49.101262960000042],
              [10.209153606000029, 49.101736708000033],
              [10.210767748000023, 49.102118662000066],
              [10.212011787000051, 49.102544615000056],
              [10.212761142000033, 49.103230130000043],
              [10.215625560000035, 49.106109206000042],
              [10.214945880000073, 49.106752607000033],
              [10.214094159000069, 49.109457819000056],
              [10.213465836000069, 49.111444028000051],
              [10.214835309000023, 49.111555459000044],
              [10.21524985700006, 49.113283485000068],
              [10.217580608000048, 49.113037536000036],
              [10.219596671000033, 49.112709799000072],
              [10.221873811000023, 49.112247756000045],
              [10.224316092000038, 49.111651153000025],
              [10.226574538000023, 49.111026094000067],
              [10.227547996000055, 49.11193789500004],
              [10.226464042000032, 49.112418963000039],
              [10.226894538000067, 49.113219639000079],
              [10.229330692000076, 49.113225552000074],
              [10.228972728000031, 49.114995286000067],
              [10.229568829000073, 49.117309931000079],
              [10.224560207000025, 49.118668613000068],
              [10.224954281000066, 49.119502527000066],
              [10.230287119000025, 49.118968129000052],
              [10.231008803000066, 49.119588624000073],
              [10.233272440000064, 49.119875960000059],
              [10.234418091000066, 49.120868095000048],
              [10.235796807000042, 49.121851774000049],
              [10.237560427000062, 49.122629462000077],
              [10.239817854000023, 49.123336312000049],
              [10.239910829000053, 49.123885203000043],
              [10.240209765000031, 49.124362615000052],
              [10.243039054000064, 49.125304668000069],
              [10.247228171000074, 49.126699298000062],
              [10.248504654000044, 49.126342383000065],
              [10.251111132000062, 49.125871485000062],
              [10.251653, 49.127104959000064],
              [10.252329276000069, 49.12886042100007],
              [10.252748773000064, 49.12991372700003],
              [10.255712493000033, 49.129299594000031],
              [10.256947320000052, 49.129050428000028],
              [10.256844624000053, 49.130390414000033],
              [10.256181393000077, 49.131441353000071],
              [10.254736600000058, 49.132535554000071],
              [10.251562752000041, 49.133985705000043],
              [10.253011571000059, 49.135784099000034],
              [10.254180294000037, 49.137043234000032],
              [10.255526652000071, 49.137617345000081],
              [10.255479654000055, 49.138302643000031],
              [10.253778810000028, 49.138955760000044],
              [10.254031958000041, 49.14052702500004],
              [10.252413384000022, 49.142094171000053],
              [10.251456484000073, 49.141949261000036],
              [10.251882959000056, 49.143663709000066],
              [10.249964075000037, 49.144344846000081],
              [10.248569530000054, 49.145456314000057],
              [10.248026179000021, 49.147671098000046],
              [10.248462881000023, 49.148396784000056],
              [10.248022910000032, 49.149281109000071],
              [10.24406422900006, 49.148700971000039],
              [10.240533458000073, 49.149521049000043],
              [10.238563200000044, 49.14935663600005],
              [10.236613667000029, 49.14926282600004],
              [10.235787114000061, 49.15113503200007],
              [10.23501075300004, 49.152114899000026],
              [10.232626135000032, 49.152435344000025],
              [10.230977046000021, 49.153468154000052],
              [10.231183600000065, 49.155467749000081],
              [10.232271169000057, 49.155641703000072],
              [10.231146710000075, 49.157073125000068],
              [10.22916753800007, 49.157841915000063],
              [10.228141119000043, 49.159890250000046],
              [10.224112367000032, 49.161679374000073],
              [10.22262315100005, 49.16004483100005],
              [10.221008029000075, 49.160106592000034],
              [10.220033675000025, 49.160043642000062],
              [10.218691045000071, 49.159956885000042],
              [10.218611349000071, 49.161005828000043],
              [10.219957455000042, 49.161666048000029],
              [10.218379110000058, 49.163489850000076],
              [10.215416663000042, 49.163682280000046],
              [10.214553305000038, 49.162394944000027],
              [10.212896476000026, 49.162733418000073],
              [10.211908878000031, 49.160389074000079],
              [10.206647722000071, 49.15909029200003],
              [10.206958430000043, 49.158120111000073],
              [10.205464495000058, 49.156315992000032],
              [10.20516697000005, 49.155631603000074],
              [10.204550902000051, 49.155459080000071],
              [10.203272659000049, 49.155923434000044],
              [10.20180373200003, 49.156171392000033],
              [10.200256980000063, 49.155699536000043],
              [10.196814396000036, 49.155762237000033],
              [10.196848074000059, 49.156949645000054],
              [10.198396409000054, 49.157169697000029],
              [10.199317583000038, 49.158998122000071],
              [10.199512653000056, 49.160707665000075],
              [10.195929681000052, 49.162597135000055],
              [10.197326586000031, 49.16374204400006],
              [10.193702549000022, 49.166367697000055],
              [10.192707093000024, 49.167597270000044],
              [10.193523427000059, 49.168651904000058],
              [10.19367363200007, 49.168760253000073],
              [10.19452029100006, 49.169365220000032],
              [10.195244024000033, 49.169888892000074],
              [10.190287925000064, 49.170764804000044],
              [10.187715570000023, 49.170043699000075],
              [10.189698006000071, 49.172191114000043],
              [10.189977818000045, 49.173834022000051],
              [10.188631112000053, 49.174401468000042],
              [10.187339344000065, 49.172671095000055],
              [10.186296971000047, 49.170515720000026],
              [10.184866803000034, 49.170876632000045],
              [10.18537576600005, 49.172631253000077],
              [10.183994614000028, 49.17291295800004],
              [10.182761976000052, 49.171779181000034],
              [10.177317879000043, 49.173508659000049],
              [10.177431296000066, 49.175011134000044],
              [10.178342917000066, 49.176147111000034],
              [10.179727030000038, 49.176384940000048],
              [10.180989287000045, 49.176379543000053],
              [10.181299426000066, 49.177198962000034],
              [10.180922186000032, 49.17884426300003],
              [10.181002877000026, 49.180201772000032],
              [10.181182663000072, 49.18240669100004],
              [10.176234307000072, 49.181645937000042],
              [10.175833685000043, 49.180007703000058],
              [10.172873767000056, 49.179450418000044],
              [10.171029492000059, 49.178275683000038],
              [10.169161773000042, 49.178531042000031],
              [10.16646783300007, 49.179215673000044],
              [10.167031288000032, 49.181070304000059],
              [10.165776204000053, 49.182002045000047],
              [10.162615435000021, 49.182694187000038],
              [10.160460364000073, 49.18280461900008],
              [10.159369894000065, 49.18371879700004],
              [10.160266327000045, 49.185025784000061],
              [10.157674968000038, 49.186654989000033],
              [10.156507090000048, 49.188783226000055],
              [10.153573665000067, 49.188411660000043],
              [10.153172899000026, 49.189609903000076],
              [10.155116636000059, 49.19127491200004],
              [10.156808452000064, 49.192714955000042],
              [10.151150255000061, 49.19322820800005],
              [10.142404979000048, 49.195440430000076],
              [10.142136123000057, 49.196527968000055],
              [10.141222153000058, 49.197613446000048],
              [10.138643369000022, 49.197389290000046],
              [10.136979366000048, 49.199021087000062],
              [10.135757858000034, 49.199293398000066],
              [10.135324543000024, 49.200643746000026],
              [10.132300961000055, 49.199329599000066],
              [10.133150302000047, 49.197749255000076],
              [10.130094538000037, 49.197082586000079],
              [10.129171664000069, 49.19572129200003],
              [10.127662573000066, 49.197407358000078],
              [10.128450384000075, 49.197869986000057],
              [10.130081142000051, 49.198827576000042],
              [10.127695743000061, 49.199238378000075],
              [10.12489927300004, 49.199736861000076],
              [10.124643724000066, 49.200824405000049],
              [10.126369516000068, 49.201661509000076],
              [10.128286037000066, 49.201810671000032],
              [10.128653106000058, 49.20285470500005],
              [10.130455046000066, 49.203767083000059],
              [10.127394732000027, 49.204349494000041],
              [10.126817180000046, 49.207317084000067],
              [10.127077890000066, 49.209107969000058],
              [10.124821602000054, 49.20971211300008],
              [10.125622454000052, 49.210893142000032],
              [10.128190177000022, 49.21019769000003],
              [10.129614156000059, 49.210468547000062],
              [10.130314025000075, 49.209622399000068],
              [10.134965691000048, 49.209961448000058],
              [10.140135950000058, 49.208889743000043],
              [10.139899683000067, 49.211110766000047],
              [10.13873985500004, 49.214268135000054],
              [10.139420422000057, 49.214608310000074],
              [10.138989004000052, 49.215925384000059],
              [10.137743960000023, 49.216608816000075],
              [10.135333960000025, 49.217536501000041],
              [10.132589843000062, 49.217248705000031],
              [10.129336308000063, 49.220710117000067],
              [10.127462295000043, 49.223312497000052],
              [10.125996117000057, 49.227306659000078],
              [10.128183228000069, 49.227767475000064],
              [10.12749634000005, 49.229564225000047],
              [10.126158633000045, 49.230261400000074],
              [10.126425362000077, 49.233059780000076],
              [10.126744349000035, 49.236209147000068],
              [10.124961406000068, 49.237606453000069],
              [10.123150462000069, 49.239057609000042],
              [10.124067704000026, 49.239723682000033],
              [10.122662566000031, 49.240918480000062],
              [10.124742199000025, 49.242724715000065],
              [10.123379271000033, 49.244091023000067],
              [10.124200486000063, 49.245064807000063],
              [10.123989086000051, 49.246013703000074],
              [10.119829082000024, 49.247357976000046],
              [10.122307431000024, 49.248454758000037],
              [10.122800450000057, 49.248663305000036],
              [10.12380157900003, 49.248909533000074],
              [10.125831837000021, 49.249339090000035],
              [10.129108765000069, 49.250258475000066],
              [10.131535610000071, 49.250950099000079],
              [10.131867640000053, 49.252453390000028],
              [10.133209341000054, 49.253105435000066],
              [10.132319517000042, 49.254460805000065],
              [10.130222960000026, 49.254129552000052],
              [10.127145080000048, 49.253643173000057],
              [10.126014474000044, 49.255897219000076],
              [10.123725231000037, 49.255160960000069],
              [10.12097152900003, 49.25582634500006],
              [10.120779069000037, 49.255834691000075],
              [10.120462645000032, 49.255878598000038],
              [10.115679589000024, 49.25596128400008],
              [10.113796335000075, 49.256026787000053],
              [10.111826052000026, 49.256658659000038],
              [10.109875037000052, 49.258298032000027],
              [10.113284777000047, 49.258120921000057],
              [10.114957294000021, 49.258639395000046],
              [10.115662206000025, 49.258138075000033],
              [10.116040222000038, 49.25726682800007],
              [10.117457063000074, 49.257100752000042],
              [10.118701572000077, 49.257869579000044],
              [10.117690994000043, 49.258792656000026],
              [10.116107897000063, 49.259120082000038],
              [10.116553749000047, 49.261405692000039],
              [10.117098263000059, 49.264196791000074],
              [10.115905393000048, 49.265551007000056],
              [10.113974180000071, 49.266407935000075],
              [10.115695149000032, 49.267781118000073],
              [10.116612086000032, 49.268287987000065],
              [10.117877047000036, 49.268247319000068],
              [10.118857622000064, 49.26766595600003],
              [10.119550373000038, 49.266975667000054],
              [10.119696488000045, 49.26852593600006],
              [10.12060826000004, 49.269128780000074],
              [10.121533888000044, 49.271403943000053],
              [10.12172804000005, 49.273225753000077],
              [10.123051924000038, 49.274453563000066],
              [10.123625095000023, 49.27499520300006],
              [10.12586329800007, 49.275344498000038],
              [10.127300954000077, 49.276104881000037],
              [10.128881550000074, 49.276164084000072],
              [10.131392017000053, 49.275083914000049],
              [10.127423338000028, 49.274504122000053],
              [10.126483491000045, 49.273376589000065],
              [10.125584440000068, 49.27231215200004],
              [10.123550259000069, 49.272260379000045],
              [10.123560393000048, 49.270965091000051],
              [10.124065457000029, 49.269662464000078],
              [10.127236517000028, 49.266677599000047],
              [10.127107221000074, 49.26562472300003],
              [10.126320493000037, 49.264272819000041],
              [10.126639932000046, 49.262380251000081],
              [10.127781571000071, 49.26147011900008],
              [10.129084283000054, 49.262302668000075],
              [10.128947426000025, 49.263073337000037],
              [10.13194710700003, 49.263625742000045],
              [10.134156874000041, 49.262229699000045],
              [10.136447990000022, 49.264602889000059],
              [10.139260587000024, 49.265286600000081],
              [10.140744323000035, 49.26699584000005],
              [10.142352479000067, 49.267886332000046],
              [10.144360028000051, 49.267892704000076],
              [10.147428862000027, 49.268541829000071],
              [10.146743168000057, 49.270194806000063],
              [10.145989817000043, 49.271694647000061],
              [10.14699134600005, 49.271967657000062],
              [10.146420324000076, 49.272973333000039],
              [10.145388722000064, 49.274913066000067],
              [10.147639772000048, 49.275405892000038],
              [10.146705462000057, 49.277202019000072],
              [10.150365528000066, 49.278688695000028],
              [10.150681257000031, 49.280650654000056],
              [10.152928217000067, 49.281755044000079],
              [10.156620294000049, 49.280758910000031],
              [10.155205810000041, 49.28243670300003],
              [10.153910514000074, 49.284735524000041],
              [10.149895719000028, 49.28467811400003],
              [10.149474096000063, 49.285927151000067],
              [10.150171929000066, 49.288295098000049],
              [10.146134699000072, 49.287508862000038],
              [10.14480936800004, 49.28755865200003],
              [10.14237948400006, 49.287649898000041],
              [10.141367930000058, 49.288681140000051],
              [10.142978627000048, 49.289527134000082],
              [10.144107655000028, 49.290120108000053],
              [10.142681180000068, 49.291464886000028],
              [10.138413628000023, 49.292026943000053],
              [10.133899435000046, 49.29606924400008],
              [10.134219534000067, 49.297383612000033],
              [10.13388810500004, 49.298962480000057],
              [10.133373513000038, 49.300106458000073],
              [10.132298988000059, 49.300318839000056],
              [10.131788009000047, 49.302467245000059],
              [10.132789452000054, 49.302870367000025],
              [10.132519548000062, 49.303897662000054],
              [10.131680316000029, 49.305123017000028],
              [10.134093908000068, 49.306193184000051],
              [10.136475234000045, 49.308302347000051],
              [10.135406315000068, 49.309567241000082],
              [10.138678541000047, 49.311682732000065],
              [10.141433993000021, 49.313022874000069],
              [10.142022996000037, 49.31337557300003],
              [10.143699459000061, 49.315843378000068],
              [10.145247060000031, 49.316498210000077],
              [10.14323631600007, 49.31938342400008],
              [10.142616937000071, 49.322318937000034],
              [10.140618744000051, 49.32269038000004],
              [10.14010171700005, 49.325576273000081],
              [10.139051407000068, 49.326157614000067],
              [10.136885969000048, 49.327188727000078],
              [10.133043757000053, 49.326776410000036],
              [10.132711243000074, 49.327743688000055],
              [10.130245839000054, 49.327622267000038],
              [10.130673859000069, 49.325653662000036],
              [10.127421392000031, 49.324901483000076],
              [10.126757109000039, 49.326041710000027],
              [10.125364654000066, 49.325294502000077],
              [10.123570722000068, 49.325602682000067],
              [10.123660822000033, 49.324910780000039],
              [10.121334638000064, 49.324956946000043],
              [10.120588371000053, 49.325350233000052],
              [10.118320446000041, 49.328455002000055],
              [10.11746897200004, 49.329123632000062],
              [10.116871245000027, 49.328988874000061],
              [10.11490827800003, 49.328553760000034],
              [10.114207804000046, 49.329622390000054],
              [10.110499427000036, 49.328871792000029],
              [10.109759312000051, 49.330613645000028],
              [10.109237137000036, 49.331842498000071],
              [10.10799352500004, 49.332504592000078],
              [10.110433109000041, 49.332560667000052],
              [10.112838389000046, 49.332354763000069],
              [10.113086502000044, 49.335777463000056],
              [10.108610537000061, 49.336049840000044],
              [10.109036161000063, 49.337877413000058],
              [10.104846911000038, 49.338411507000046],
              [10.104742781000027, 49.339355674000046],
              [10.104698597000038, 49.339706345000081],
              [10.104620884000042, 49.340785537000045],
              [10.104548942000065, 49.341163098000038],
              [10.103775346000077, 49.341484216000026],
              [10.103278411000076, 49.341644386000041],
              [10.102957852000031, 49.343784198000037],
              [10.104333320000023, 49.343941967000035],
              [10.104146859000025, 49.344849863000036],
              [10.103864090000059, 49.345748424000078],
              [10.103956905000075, 49.346180538000056],
              [10.103939058000037, 49.346675232000052],
              [10.103936611000051, 49.346972077000032],
              [10.104514283000071, 49.347046073000058],
              [10.10666006200006, 49.347305469000048],
              [10.107581141000026, 49.347479600000042],
              [10.108129673000064, 49.347751379000044],
              [10.10908775300004, 49.348456365000061],
              [10.108790773000067, 49.349417860000074],
              [10.108081955000046, 49.350224996000065],
              [10.10761552300005, 49.351698646000045],
              [10.113285610000048, 49.352087089000065],
              [10.118736986000044, 49.351062702000036],
              [10.118787730000065, 49.350177483000039],
              [10.121627989000046, 49.350358433000054],
              [10.123719471000072, 49.350818096000069],
              [10.123027092000029, 49.354753308000056],
              [10.122852278000039, 49.356041626000035],
              [10.124555669000074, 49.356137563000061],
              [10.124592472000074, 49.357023079000044],
              [10.118153328000062, 49.358148745000051],
              [10.11805853900006, 49.359677676000047],
              [10.113373868000053, 49.359940548000054],
              [10.113029572000073, 49.363357698000073],
              [10.113673293000033, 49.366411308000067],
              [10.114504028000056, 49.366700134000041],
              [10.11738594600007, 49.366995209000038],
              [10.117413523000039, 49.369023147000064],
              [10.114502599000048, 49.372025547000078],
              [10.110837464000042, 49.375521246000062],
              [10.108369419000041, 49.377455753000049],
              [10.107318285000076, 49.378784909000046],
              [10.108550403000038, 49.380604869000081],
              [10.111966360000054, 49.38491033300005],
              [10.114670326000066, 49.385456657000077],
              [10.118522509000059, 49.38622540800003],
              [10.121691786000042, 49.38623609800004],
              [10.121685574000026, 49.387860024000076],
              [10.126607422000063, 49.38790024900004],
              [10.136587884000051, 49.386222175000057],
              [10.139821320000067, 49.385872580000068],
              [10.139687520000052, 49.384495968000067],
              [10.142289805000075, 49.384765138000034],
              [10.144924269000057, 49.384413647000031],
              [10.146403978000023, 49.387431853000066],
              [10.148402384000065, 49.387393131000067],
              [10.149932535000062, 49.387316936000047],
              [10.150808030000064, 49.38820123000005],
              [10.151806600000043, 49.389220833000081],
              [10.156297129000052, 49.389495499000077],
              [10.156770567000024, 49.390738347000081],
              [10.158298186000025, 49.391030853000075],
              [10.159875390000025, 49.390163045000065],
              [10.161210778000054, 49.390355979000049],
              [10.160701682000024, 49.394141631000082],
              [10.161698240000021, 49.395493982000062],
              [10.158303922000073, 49.396032475000027],
              [10.154258122000044, 49.397072629000036],
              [10.154246716000046, 49.398655839000071],
              [10.151249762000077, 49.399285194000072],
              [10.149898292000046, 49.39956896800004],
              [10.146450538000067, 49.401690188000032],
              [10.142694411000036, 49.402604899000039],
              [10.138638067000045, 49.403095723000035],
              [10.139359103000061, 49.404366432000074],
              [10.142063923000023, 49.403970249000054],
              [10.145019880000063, 49.403160989000071],
              [10.146649679000063, 49.402725321000048],
              [10.149632656000051, 49.40197],
              [10.152217243000052, 49.401015465000057],
              [10.151357547000032, 49.403612573000032],
              [10.151417320000064, 49.404872160000082],
              [10.149598433000051, 49.406656670000075],
              [10.149829434000026, 49.409005277000063],
              [10.149132370000075, 49.410064607000038],
              [10.147652145000052, 49.41075266200005],
              [10.148088761000054, 49.411374733000059],
              [10.148862332000022, 49.411170244000061],
              [10.150077919000069, 49.410850178000032],
              [10.150891065000053, 49.410888683000053],
              [10.151680498000076, 49.41229446400007],
              [10.151334908000024, 49.412419335000038],
              [10.150975595000034, 49.412535168000034],
              [10.14826344100004, 49.413876100000039],
              [10.148042050000072, 49.413983358000053],
              [10.147511349000069, 49.414567134000038],
              [10.146818820000021, 49.415328896000062],
              [10.146338096000022, 49.416946627000073],
              [10.145499030000053, 49.418536244000052],
              [10.144132115000048, 49.420636950000073],
              [10.141288073000055, 49.422930858000029],
              [10.139419386000043, 49.423860458000036],
              [10.137427056000035, 49.42471766500006],
              [10.138008236000076, 49.426284803000044],
              [10.138072993000037, 49.428668901000037],
              [10.133620233000045, 49.432009960000073],
              [10.13479674000007, 49.433282190000057],
              [10.138108351000028, 49.433121948000064],
              [10.136765869000044, 49.433720351000034],
              [10.134482049000042, 49.434756487000072],
              [10.134312755000053, 49.435250709000059],
              [10.133705133000035, 49.437146860000041],
              [10.131931154000029, 49.437819145000049],
              [10.128867379000042, 49.438399455000081],
              [10.12610161200007, 49.439271911000048],
              [10.124423303000071, 49.440165025000056],
              [10.123630054000046, 49.441314745000057],
              [10.122627670000043, 49.440717667000058],
              [10.120643437000069, 49.44216834000008],
              [10.118906124000034, 49.44378173900003],
              [10.118781030000036, 49.443898263000051],
              [10.117904106000026, 49.443139641000073],
              [10.116643148000037, 49.443828044000043],
              [10.113801169000055, 49.443818347000047],
              [10.11062488500005, 49.44250302100005],
              [10.112735345000033, 49.439127842000062],
              [10.111758984000062, 49.438746658000071],
              [10.105971324000052, 49.443026609000071],
              [10.105858665000028, 49.443305088000045],
              [10.105708278000066, 49.44481587100006],
              [10.104547683000021, 49.445018712000035],
              [10.103759582000066, 49.44522285100004],
              [10.102099832000022, 49.445720777000076],
              [10.099348156000076, 49.44644869800004],
              [10.095709900000031, 49.447587189000046],
              [10.094741444000022, 49.447898570000064],
              [10.095531509000068, 49.449106857000061],
              [10.09729068300004, 49.451578032000043],
              [10.096943989000067, 49.452551756000048],
              [10.09723602400004, 49.454295088000038],
              [10.098019848000035, 49.454869126000062],
              [10.097047331000056, 49.455893893000052],
              [10.097826626000028, 49.457010597000078],
              [10.099976393000077, 49.456675496000059],
              [10.106492661000061, 49.458510384000078],
              [10.108231467000053, 49.460207671000035],
              [10.106514282000035, 49.460868565000055],
              [10.10483342200007, 49.462776355000074],
              [10.105487698000047, 49.46323873700004],
              [10.10653654500004, 49.463251396000032],
              [10.108713605000048, 49.462008532000027],
              [10.11044583000006, 49.462367442000073],
              [10.114476294000042, 49.462495537000052],
              [10.115844314000071, 49.461300594000079],
              [10.117912921000027, 49.462150337000026],
              [10.122251832000075, 49.463907841000037],
              [10.121863314000052, 49.464862637000067],
              [10.120650383000054, 49.465701655000032],
              [10.119344820000038, 49.466722795000067],
              [10.117916194000031, 49.467590573000052],
              [10.117871844000035, 49.467959257000075],
              [10.117637359000071, 49.469667694000066],
              [10.119100025000023, 49.469735613000068],
              [10.119313877000025, 49.470617938000032],
              [10.117752405000033, 49.470819566000046],
              [10.118102557000043, 49.471918259000063],
              [10.118327267000041, 49.473169459000076],
              [10.11698636400007, 49.473398810000049],
              [10.11511820000004, 49.473959199000035],
              [10.115832172000069, 49.475002329000063],
              [10.116632887000037, 49.476168370000039],
              [10.115762069000027, 49.476300347000063],
              [10.116088967000053, 49.478577443000063],
              [10.113588615000026, 49.478133839000066],
              [10.110712222000075, 49.477623441000048],
              [10.109184869000046, 49.480379930000026],
              [10.10826578800004, 49.482467729000064],
              [10.108102174000066, 49.482853611000053],
              [10.106758693000074, 49.483135114000049],
              [10.105472449000047, 49.483533605000048],
              [10.103385613000057, 49.484164427000053],
              [10.103378755000051, 49.484992711000075],
              [10.101243509000028, 49.485641802000032],
              [10.101621093000063, 49.490051186000073],
              [10.100013954000076, 49.490675225000075],
              [10.099991355000043, 49.491727680000054],
              [10.101256943000067, 49.493981168000062],
              [10.102588346000061, 49.494975427000043],
              [10.10458421900006, 49.495792080000058],
              [10.103883998000072, 49.496959111000081],
              [10.104733320000037, 49.497807717000057],
              [10.105200391000039, 49.498115217000077],
              [10.106546542000046, 49.499019522000026],
              [10.10981208100003, 49.501693688000046],
              [10.114473599000064, 49.502600311000037],
              [10.114817765000055, 49.502745423000079],
              [10.117116622000026, 49.503742809000073],
              [10.116305144000023, 49.505026491000081],
              [10.115703143000076, 49.506023007000067],
              [10.115364094000029, 49.506957444000079],
              [10.117214262000061, 49.507080680000058],
              [10.118995656000038, 49.507167670000058],
              [10.120859799000073, 49.507272901000078],
              [10.120460081000033, 49.50924386500003],
              [10.121467334000045, 49.509447185000056],
              [10.121323095000037, 49.51104620600006],
              [10.116414289000033, 49.510370529000056],
              [10.11450916900003, 49.51019311500005],
              [10.11352577100007, 49.512213873000064],
              [10.108475105000025, 49.511476787000049],
              [10.105717540000057, 49.515105818000052],
              [10.100113939000039, 49.513715106000063],
              [10.099314783000068, 49.514854781000054],
              [10.095372514000076, 49.514155220000077],
              [10.090425352000068, 49.512994878000029],
              [10.089063801000066, 49.513189870000076],
              [10.086918812000022, 49.512667916000055],
              [10.084146565000026, 49.511758866000037],
              [10.083148091000055, 49.512853121000035],
              [10.081353762000049, 49.513677650000034],
              [10.083353481000074, 49.514397473000031],
              [10.080333028000041, 49.517782198000077],
              [10.079060392000031, 49.517326257000036],
              [10.077961736000077, 49.518635733000053],
              [10.07688575800006, 49.519882876000054],
              [10.080641607000075, 49.521195894000073],
              [10.078791356000067, 49.523859272000038],
              [10.080283829000052, 49.524253102000046],
              [10.078611450000039, 49.527317380000056],
              [10.081119478000062, 49.527949119000027],
              [10.086552649000055, 49.528277857000035],
              [10.087974031000044, 49.528449284000033],
              [10.087737135000054, 49.530538217000071],
              [10.089598029000058, 49.530521246000035],
              [10.088805453000077, 49.53252006300005],
              [10.088658372000054, 49.53372377200003],
              [10.090080476000026, 49.534038266000039],
              [10.088841799000022, 49.535714569000049],
              [10.087470988000064, 49.537589773000036],
              [10.086489695000068, 49.539169513000047],
              [10.085996456000032, 49.540256246000069],
              [10.085698211000022, 49.541172764000066],
              [10.085519872000077, 49.542214004000073],
              [10.083841195000048, 49.542207834000067],
              [10.083723463000069, 49.543560765000052],
              [10.079523963000042, 49.543450485000051],
              [10.076135288000046, 49.542844129000059],
              [10.075887905000059, 49.54371827600005],
              [10.075902434000056, 49.544410613000082],
              [10.072398101000033, 49.544492397000056],
              [10.071081310000068, 49.544819877000066],
              [10.068708925000067, 49.544834595000054],
              [10.066345845000058, 49.545535279000035],
              [10.064673230000039, 49.545501859000069],
              [10.06142750600003, 49.545138456000075],
              [10.061700898000026, 49.543970009000077],
              [10.061730830000045, 49.541649281000048],
              [10.059289551000063, 49.541236072000061],
              [10.057105076000028, 49.540681329000051],
              [10.058614163000072, 49.53928611300006],
              [10.060594691000063, 49.538201432000051],
              [10.061367727000061, 49.537468253000043],
              [10.058890832000031, 49.536983654000039],
              [10.058803380000029, 49.53612593400004],
              [10.052761697000051, 49.534531215000072],
              [10.051148390000037, 49.53341086100005],
              [10.049428327000044, 49.533234244000028],
              [10.045097832000067, 49.530760929000053],
              [10.042073940000023, 49.529657557000064],
              [10.040019271000062, 49.529010435000032],
              [10.04095213100004, 49.527928313000075],
              [10.041388433000066, 49.527457393000077],
              [10.041882869000062, 49.527063359000067],
              [10.043103931000076, 49.526621163000073],
              [10.043813493000073, 49.526304644000049],
              [10.044389196000054, 49.525617091000072],
              [10.044788259000029, 49.524928825000075],
              [10.045520907000025, 49.524051482000061],
              [10.048329505000027, 49.522245523000038],
              [10.049813866000022, 49.521323438000081],
              [10.05079085400007, 49.520824667000056],
              [10.05489108200004, 49.521174779000035],
              [10.054904149000038, 49.519769533000044],
              [10.05718463900007, 49.51931858100005],
              [10.057305790000044, 49.516827847000059],
              [10.056145911000044, 49.514945308000051],
              [10.05573933200003, 49.514898794000032],
              [10.051520203000052, 49.514416016000041],
              [10.052403774000027, 49.510674711000036],
              [10.046235533000072, 49.506979674000036],
              [10.045006417000025, 49.506938744000081],
              [10.040687948000027, 49.506363500000077],
              [10.040123390000076, 49.506172283000069],
              [10.039655967000044, 49.50593647900007],
              [10.039217560000054, 49.505556854000076],
              [10.03697408000005, 49.504464063000057],
              [10.033531738000022, 49.503650136000033],
              [10.031368692000058, 49.503584054000044],
              [10.028177638000045, 49.503989683000043],
              [10.027746765000074, 49.501857033000078],
              [10.027610603000028, 49.500523871000041],
              [10.027406672000041, 49.498527048000028],
              [10.025042178000035, 49.493218421000051],
              [10.021981045000075, 49.488581509000028],
              [10.020260417000031, 49.486649047000071],
              [10.018914617000064, 49.485905640000055],
              [10.017083773000024, 49.485340065000059],
              [10.013985310000066, 49.484508121000033],
              [10.010118434000049, 49.483213960000057],
              [10.006702859000029, 49.48370286200003],
              [10.003284883000049, 49.484416554000063],
              [10.000385054000049, 49.485954777000075],
              [9.997758814000065, 49.485543244000041],
              [9.997161352000035, 49.486350585000082],
              [9.99262740100005, 49.485720231000073],
              [9.992006367000045, 49.486402942000041],
              [9.986293968000041, 49.485051186000078],
              [9.98279739000003, 49.484054642000046],
              [9.980052736000061, 49.483763151000062],
              [9.978410475000032, 49.48401618500003],
              [9.977140159000044, 49.483248635000052],
              [9.975009051000029, 49.481025134000049],
              [9.973542026000075, 49.481897762000074],
              [9.974573881000026, 49.48349488100007],
              [9.975700785000072, 49.485245367000061],
              [9.974023623000051, 49.485822311000049],
              [9.970009593000043, 49.485434692000069],
              [9.965893492000021, 49.484299769000074],
              [9.962376216000052, 49.483959209000034],
              [9.960693132000074, 49.483825233000061],
              [9.958966807000024, 49.483852954000042],
              [9.955652618000045, 49.48144405000005],
              [9.954639323000038, 49.480701476000036],
              [9.951881740000033, 49.48036425500004],
              [9.950203637000072, 49.481012809000049],
              [9.948691894000035, 49.481599178000067],
              [9.944509719000052, 49.481470716000047],
              [9.940868283000043, 49.482334354000045],
              [9.933949322000046, 49.483613299000069],
              [9.929812176000041, 49.484330157000045],
              [9.926561180000022, 49.484835462000035],
              [9.920242020000046, 49.488977400000067],
              [9.913740586000074, 49.493252991000077],
              [9.914457732000074, 49.495595724000054],
              [9.916237666000029, 49.495739885000035],
              [9.916096032000041, 49.498294074000057],
              [9.916053163000072, 49.499544325000045],
              [9.917806717000076, 49.499598363000075],
              [9.918014697000046, 49.500669984000069],
              [9.919338223000068, 49.50201723400005],
              [9.922241085000053, 49.50413724100008],
              [9.92512928900004, 49.508650094000075],
              [9.923456389000023, 49.509901037000077],
              [9.922139013000049, 49.511450652000065],
              [9.921001391000061, 49.513648342000067],
              [9.920175115000063, 49.515039083000033],
              [9.916959263000024, 49.517802306000078],
              [9.917186376000075, 49.519926660000067],
              [9.918135901000028, 49.521388952000052],
              [9.918395299000053, 49.522379824000041],
              [9.92123050400005, 49.523765422000054],
              [9.923814994000054, 49.524121395000066],
              [9.924070339000025, 49.525476687000037],
              [9.92456663300004, 49.52729574600005],
              [9.924509705000048, 49.528380861000073],
              [9.923229295000056, 49.52903128500003],
              [9.925760609000065, 49.530186712000045],
              [9.924825039000041, 49.531353047000039],
              [9.924901348000049, 49.532228136000072],
              [9.925628629000073, 49.533870706000073],
              [9.924869555000043, 49.53495225000006],
              [9.926748745000054, 49.535618758000055],
              [9.927050474000055, 49.536077301000034],
              [9.924400613000046, 49.538235118000046],
              [9.923450274000061, 49.539829349000058],
              [9.92154713900004, 49.541133537000064],
              [9.922807913000042, 49.542139703000032],
              [9.920181961000026, 49.545125418000055],
              [9.922484669000028, 49.545791252000072],
              [9.920725246000075, 49.551012276000051],
              [9.92164230700007, 49.551416861000064],
              [9.924395394000044, 49.548831642000039],
              [9.925308327000039, 49.549578938000082],
              [9.926961113000061, 49.549520532000031],
              [9.926852721000046, 49.551643120000051],
              [9.925785400000052, 49.553723066000032],
              [9.923906887000044, 49.552942292000068],
              [9.923195508000049, 49.553681315000063],
              [9.921777407000036, 49.552831775000072],
              [9.92073339500007, 49.553402196000036],
              [9.92081145800006, 49.553807433000031],
              [9.920993936000059, 49.554725997000048],
              [9.92453271200003, 49.557137103000059],
              [9.922833157000071, 49.558163020000052],
              [9.924523172000022, 49.55887156600005],
              [9.924984524000024, 49.560064061000048],
              [9.924419632000024, 49.561394152000048],
              [9.921428972000058, 49.56220421200004],
              [9.920848874000058, 49.563280808000059],
              [9.918021668000051, 49.562609551000037],
              [9.915445348000048, 49.561786582000082],
              [9.911232025000061, 49.561377871000047],
              [9.906382934000021, 49.562054229000069],
              [9.903345978000061, 49.561588420000078],
              [9.899064871000064, 49.561079935000066],
              [9.898204856000064, 49.562379839000073],
              [9.897989949000021, 49.564070020000031],
              [9.897994833000041, 49.564780763000044],
              [9.898488776000022, 49.565098267000053],
              [9.89888172600007, 49.565748099000075],
              [9.899052372000028, 49.566477716000065],
              [9.899449682000068, 49.567883269000049],
              [9.899976619000029, 49.568327502000045],
              [9.900775775000056, 49.568807803000027],
              [9.901210166000055, 49.569190954000078],
              [9.901168502000075, 49.56959538600006],
              [9.900908444000038, 49.569903448000048],
              [9.901607335000051, 49.572549294000055],
              [9.903976948000036, 49.573107161000053],
              [9.905532408000056, 49.575958224000033],
              [9.906140854000057, 49.577094972000054],
              [9.906824529000062, 49.577746305000062],
              [9.908433136000042, 49.578564412000048],
              [9.910785888000021, 49.579629279000073],
              [9.91359045400003, 49.581092285000068],
              [9.91572119500006, 49.582227870000054],
              [9.911537271000043, 49.583780555000033],
              [9.912438200000054, 49.585908403000076],
              [9.908027527000058, 49.586740067000051],
              [9.907331425000052, 49.584847163000063],
              [9.905748926000058, 49.585252696000055],
              [9.902801190000048, 49.586388717000034],
              [9.901830928000038, 49.585411971000042],
              [9.901491754000062, 49.585976954000046],
              [9.900678055000071, 49.586863295000057],
              [9.899963785000068, 49.587543240000059],
              [9.898791276000054, 49.588346697000077],
              [9.897869913000022, 49.587060640000061],
              [9.896656267000026, 49.585366490000069],
              [9.893524694000064, 49.583523455000034],
              [9.891587648000041, 49.583513051000068],
              [9.889844364000055, 49.582415085000036],
              [9.887243249000051, 49.582401021000067],
              [9.88608823800007, 49.58075739800006],
              [9.881093511000074, 49.57967758500007],
              [9.875725006000039, 49.578631472000041],
              [9.873861138000052, 49.574104938000062],
              [9.874058698000056, 49.571694980000075],
              [9.869374433000075, 49.571291098000074],
              [9.869736648000071, 49.568999021000081],
              [9.864550356000052, 49.567881417000081],
              [9.864997194000068, 49.565481874000056],
              [9.86512835800005, 49.564978810000071],
              [9.865877610000041, 49.562715911000055],
              [9.866480983000031, 49.559975381000072],
              [9.866639553000027, 49.557463133000056],
              [9.865290611000034, 49.556541528000025],
              [9.865807795000023, 49.555464395000058],
              [9.864470913000048, 49.555124018000072],
              [9.864581416000021, 49.553738301000067],
              [9.860457299000075, 49.553515092000055],
              [9.860797757000057, 49.550587101000076],
              [9.859605233000025, 49.54877207100003],
              [9.860232114000041, 49.547372629000051],
              [9.85930991400005, 49.546044486000028],
              [9.855775861000041, 49.545776311000054],
              [9.854584154000065, 49.54625509300007],
              [9.852225420000025, 49.545384686000034],
              [9.849911875000032, 49.545765900000049],
              [9.847732261000033, 49.546650502000034],
              [9.847281227000053, 49.547533372000032],
              [9.844859930000041, 49.54760402800008],
              [9.843196917000057, 49.547652525000046],
              [9.841416293000066, 49.549441676000072],
              [9.840564909000022, 49.550693516000081],
              [9.83307790300006, 49.55123012100006],
              [9.830828431000043, 49.551592473000028],
              [9.82804003800004, 49.551590907000048],
              [9.827120099000069, 49.552109922000056],
              [9.826205769000069, 49.553211039000075],
              [9.822635118000051, 49.55439522100005],
              [9.820634631000075, 49.55503995600003],
              [9.818987505000052, 49.555267072000049],
              [9.817992371000059, 49.55588778200007],
              [9.818693866000046, 49.55731337800006],
              [9.81799767900003, 49.558613669000067],
              [9.814422458000024, 49.557179593000058],
              [9.811544998000045, 49.555682632000071],
              [9.810230151000042, 49.557316023000055],
              [9.816473894000069, 49.559756015000062],
              [9.81605130500003, 49.56029324800005],
              [9.81949458400004, 49.561056690000044],
              [9.827560283000025, 49.564300286000048],
              [9.830948430000035, 49.566397939000069],
              [9.833034061000035, 49.567304030000059],
              [9.836995639000065, 49.568901718000063],
              [9.835731665000026, 49.570270762000064],
              [9.837299925000025, 49.570900723000079],
              [9.838687906000075, 49.571565595000038],
              [9.841664267000056, 49.57277347400003],
              [9.840950928000041, 49.573540545000071],
              [9.840557791000037, 49.574479687000064],
              [9.844913640000073, 49.575560297000038],
              [9.847867757000074, 49.577052799000057],
              [9.848495177000075, 49.577713161000077],
              [9.846790011000053, 49.579988436000065],
              [9.848458769000047, 49.580384913000046],
              [9.847084457000051, 49.582743070000049],
              [9.847142779000023, 49.584551708000049],
              [9.845646459000022, 49.586711223000066],
              [9.843202533000067, 49.588232137000034],
              [9.841328199000031, 49.590334979000033],
              [9.840963325000075, 49.591304033000029],
              [9.842931465000049, 49.593287358000055],
              [9.842576883000049, 49.593575777000069],
              [9.84104674200006, 49.595141271000045],
              [9.844097827000041, 49.595698797000068],
              [9.843915946000038, 49.596849302000066],
              [9.845866673000046, 49.597922193000045],
              [9.84931519600002, 49.59777114700006],
              [9.852149795000059, 49.599001951000048],
              [9.854900403000045, 49.600313174000064],
              [9.859460117000026, 49.602984071000037],
              [9.859418754000046, 49.605414902000064],
              [9.857813423000039, 49.607165239000039],
              [9.859673337000061, 49.60690308900007],
              [9.859852298000021, 49.607808451000039],
              [9.859972097000025, 49.608510466000041],
              [9.864063471000065, 49.608176483000079],
              [9.864204277000056, 49.608605737000062],
              [9.866681220000032, 49.608566606000068],
              [9.868700077000028, 49.608748823000042],
              [9.870428121000032, 49.608938383000066],
              [9.870319244000029, 49.609846430000061],
              [9.872808264000071, 49.610076172000049],
              [9.872038950000046, 49.611727273000042],
              [9.868045003000077, 49.611174240000025],
              [9.867539701000055, 49.612253832000079],
              [9.869207005000021, 49.612491652000074],
              [9.867354414000033, 49.61690701100008],
              [9.868635641000026, 49.616985577000037],
              [9.86754058300005, 49.621040678000043],
              [9.867509196000071, 49.621319397000036],
              [9.86675808800004, 49.621475706000069],
              [9.864120231000072, 49.621460916000046],
              [9.864044706000072, 49.622289626000054],
              [9.863903923000066, 49.623787751000066],
              [9.865658154000073, 49.624130846000071],
              [9.864830491000021, 49.62541903400006],
              [9.863027929000054, 49.627538972000082],
              [9.863858411000024, 49.627914979000082],
              [9.860578368000063, 49.632175362000055],
              [9.857721863000052, 49.632411097000045],
              [9.85802422200004, 49.633394964000047],
              [9.858767671000066, 49.633955451000077],
              [9.856971011000041, 49.63468298500004],
              [9.857178456000042, 49.63573677100004],
              [9.856526473000031, 49.636842756000078],
              [9.857533749000027, 49.637162684000032],
              [9.857107355000039, 49.637810531000071],
              [9.856654095000067, 49.638807713000062],
              [9.855811141000061, 49.638802919000057],
              [9.855467474000022, 49.639824523000073],
              [9.855481315000077, 49.641514666000035],
              [9.854931210000075, 49.64153533700005],
              [9.853988794000031, 49.642151228000046],
              [9.852607227000021, 49.64289006100006],
              [9.850123712000027, 49.643154731000038],
              [9.850002109000059, 49.643945740000049],
              [9.848338961000024, 49.643794223000043],
              [9.847806072000026, 49.644162494000057],
              [9.845279923000021, 49.643783584000062],
              [9.844569962000037, 49.645039012000041],
              [9.843309774000033, 49.644850619000067],
              [9.842268994000051, 49.64511563700006],
              [9.841878641000051, 49.64428567300007],
              [9.837884880000047, 49.645875917000069],
              [9.836748766000028, 49.645326541000031],
              [9.834673916000042, 49.646294816000079],
              [9.835229536000043, 49.64718875300008],
              [9.836043911000047, 49.648408086000074],
              [9.833158385000047, 49.649650670000028],
              [9.833524059000069, 49.650255602000072],
              [9.831534566000073, 49.650828663000027],
              [9.830772161000027, 49.651175687000034],
              [9.830060281000044, 49.651742770000055],
              [9.830051462000029, 49.652371140000071],
              [9.830257159000041, 49.652989325000078],
              [9.829559007000057, 49.654352696000046],
              [9.831061043000034, 49.654955362000067],
              [9.83283997500007, 49.654587993000064],
              [9.833814044000064, 49.656285111000045],
              [9.831960382000034, 49.65743836300004],
              [9.831517930000075, 49.658943613000076],
              [9.829400801000077, 49.659695821000071],
              [9.832495186000074, 49.660415844000056],
              [9.829177561000051, 49.66133528000006],
              [9.827487449000046, 49.661325257000044],
              [9.825774974000069, 49.662343409000073],
              [9.825097580000033, 49.66356765900008],
              [9.823891428000024, 49.663144811000052],
              [9.822358444000031, 49.664710084000035],
              [9.822003963000043, 49.666246410000042],
              [9.825613519000058, 49.667541235000044],
              [9.823958090000076, 49.670180680000044],
              [9.823612891000039, 49.672040953000078],
              [9.823416618000067, 49.673173375000033],
              [9.825438934000033, 49.67329339500003],
              [9.825635756000054, 49.675310999000033],
              [9.827570749000074, 49.675436759000036],
              [9.829077898000037, 49.677816576000055],
              [9.828933799000026, 49.678672669000036],
              [9.830873498000074, 49.679209517000061],
              [9.830390012000066, 49.680070353000076],
              [9.830190234000042, 49.680474028000049],
              [9.829946964000044, 49.681012397000075],
              [9.832156755000028, 49.681146416000047],
              [9.838328460000071, 49.681520484000032],
              [9.840933846000041, 49.681616638000037],
              [9.841172423000046, 49.683417383000062],
              [9.838656489000073, 49.682862921000037],
              [9.837056790000076, 49.683231439000053],
              [9.836307810000051, 49.684243693000042],
              [9.836291790000075, 49.685395189000076],
              [9.832506927000054, 49.687325266000073],
              [9.831158649000031, 49.686561585000049],
              [9.830027878000067, 49.687708826000062],
              [9.83189395100004, 49.688731516000075],
              [9.832800759000065, 49.689480736000064],
              [9.833698548000029, 49.690526654000053],
              [9.836147408000045, 49.691740752000044],
              [9.835189329000059, 49.692315369000028],
              [9.833003013000052, 49.693500002000064],
              [9.834460578000062, 49.694399255000064],
              [9.83234747900002, 49.695745349000049],
              [9.833679024000048, 49.696733839000046],
              [9.831785776000061, 49.69819937300008],
              [9.832916700000055, 49.699205809000034],
              [9.832628103000047, 49.700946577000082],
              [9.832153026000071, 49.702698759000043],
              [9.831804629000032, 49.703803319000031],
              [9.828160569000033, 49.70645384900007],
              [9.827156954000031, 49.705809120000026],
              [9.825994070000036, 49.705360315000064],
              [9.825034867000056, 49.704933520000054],
              [9.823358966000058, 49.704669851000062],
              [9.822675569000069, 49.707426395000027],
              [9.823546065000073, 49.70770019400004],
              [9.821427220000032, 49.709733594000056],
              [9.819610438000041, 49.710658382000076],
              [9.817573290000041, 49.711464855000031],
              [9.814880151000068, 49.712537238000039],
              [9.812180156000068, 49.713114687000029],
              [9.808882614000026, 49.713751410000043],
              [9.806763879000073, 49.715375914000049],
              [9.804800345000046, 49.71776606800006],
              [9.803610732000038, 49.718460528000037],
              [9.800385647000041, 49.718854536000038],
              [9.799231231000022, 49.719036344000074],
              [9.797793205000062, 49.71963024300004],
              [9.796514481000031, 49.720710946000054],
              [9.796381766000025, 49.721240942000065],
              [9.795711046000065, 49.723432031000073],
              [9.796073404000026, 49.727087039000025],
              [9.797747247000075, 49.728401972000029],
              [9.800242514000047, 49.729551008000044],
              [9.799993758000028, 49.730943240000045],
              [9.797675994000031, 49.731071150000048],
              [9.793729772000063, 49.731361458000038],
              [9.791444324000054, 49.730947290000074],
              [9.789916879000032, 49.728569149000066],
              [9.789515204000054, 49.726630288000081],
              [9.789295406000065, 49.72556927100004],
              [9.789309087000049, 49.724651668000035],
              [9.788680821000071, 49.723972958000047],
              [9.786755849000031, 49.721846586000026],
              [9.784130987000026, 49.721982996000065],
              [9.779188685000065, 49.722500405000062],
              [9.775815825000052, 49.721193475000064],
              [9.771602622000046, 49.720109573000059],
              [9.768535883000027, 49.718975783000076],
              [9.767299874000059, 49.718231737000053],
              [9.762127601000032, 49.71531017600006],
              [9.759297498000024, 49.713492333000033],
              [9.758638677000022, 49.712138484000036],
              [9.752953959000024, 49.710121842000035],
              [9.752181708000023, 49.708938150000051],
              [9.751308972000061, 49.707088015000068],
              [9.75100261800003, 49.705394565000063],
              [9.75071805400006, 49.702315729000077],
              [9.750788297000042, 49.697844716000077],
              [9.749890204000053, 49.695859452000036],
              [9.746643696000035, 49.694164493000073],
              [9.745543505000057, 49.693544775000078],
              [9.745438073000059, 49.691858721000074],
              [9.742093725000075, 49.691722145000028],
              [9.741847260000043, 49.690606451000065],
              [9.738774011000032, 49.690043110000033],
              [9.739419988000066, 49.688190703000032],
              [9.736080945000026, 49.68773976600005],
              [9.73418330100003, 49.68801261200008],
              [9.731975160000047, 49.688426149000065],
              [9.730615380000074, 49.688351419000071],
              [9.728511970000056, 49.688376237000057],
              [9.727550419000067, 49.688727784000037],
              [9.727533574000063, 49.691480733000049],
              [9.728793301000053, 49.696770521000076],
              [9.728354246000038, 49.698189052000032],
              [9.726631300000065, 49.700084667000056],
              [9.724351979000062, 49.701211709000063],
              [9.719290824000041, 49.701941710000028],
              [9.719433117000051, 49.70341819500004],
              [9.717380841000022, 49.706750926000041],
              [9.715862104000053, 49.708352694000041],
              [9.71522810700003, 49.70942614900008],
              [9.714433563000057, 49.711337009000033],
              [9.713238618000048, 49.713892306000048],
              [9.71420345100006, 49.71415608600006],
              [9.714228199000047, 49.71532744700005],
              [9.714736569000024, 49.716559289000031],
              [9.713498426000058, 49.716836364000073],
              [9.713976107000065, 49.718045615000051],
              [9.714156498000023, 49.719729309000058],
              [9.713938807000034, 49.721149332000039],
              [9.711720269000068, 49.722717412000065],
              [9.711830855000073, 49.726101069000038],
              [9.71113613700004, 49.726986947000057],
              [9.709719303000043, 49.727058058000068],
              [9.707258593000063, 49.725637345000052],
              [9.706730268000058, 49.724859905000073],
              [9.704532339000025, 49.725168405000034],
              [9.702737882000065, 49.722096806000081],
              [9.700724817000037, 49.722145616000034],
              [9.70133775100004, 49.720350524000025],
              [9.700605680000024, 49.718491974000074],
              [9.70038158400007, 49.716960897000035],
              [9.698271872000021, 49.717818715000078],
              [9.695889204000025, 49.719223379000027],
              [9.69339390500005, 49.718544609000048],
              [9.691372353000077, 49.717994653000062],
              [9.689355014000057, 49.718304144000058],
              [9.687166325000021, 49.718081545000075],
              [9.685731510000039, 49.717823682000073],
              [9.682416514000067, 49.717590348000044],
              [9.680041739000046, 49.716815649000068],
              [9.677193873000022, 49.71620121400008],
              [9.677862499000071, 49.714276375000054],
              [9.677915854000048, 49.711182141000052],
              [9.677253631000042, 49.707011507000061],
              [9.676230480000072, 49.703697307000027],
              [9.67574410800006, 49.700535811000066],
              [9.674090180000064, 49.696718028000078],
              [9.675193041000057, 49.69457047700007],
              [9.676147908000075, 49.693347266000046],
              [9.67240324100004, 49.692191154000056],
              [9.67072421000006, 49.691673112000046],
              [9.666685471000051, 49.690535792000048],
              [9.662613549000071, 49.689220327000044],
              [9.659442443000046, 49.688890895000043],
              [9.655426033000026, 49.688591124000027],
              [9.653496459000053, 49.687137203000077],
              [9.650455324000063, 49.688149106000026],
              [9.651323726000044, 49.690221843000074],
              [9.649864239000067, 49.690582259000053],
              [9.648185613000066, 49.690883878000079],
              [9.648879734000047, 49.691736103000039],
              [9.644967552000026, 49.691088171000047],
              [9.643035387000054, 49.693244573000072],
              [9.635406127000067, 49.692884715000048],
              [9.632460374000061, 49.693186101000038],
              [9.632761423000034, 49.695698590000063],
              [9.632277999000053, 49.698790192000047],
              [9.630463004000035, 49.701565081000069],
              [9.626130642000021, 49.702599360000079],
              [9.625449125000046, 49.703736740000068],
              [9.62641596900005, 49.706257993000065],
              [9.627657105000026, 49.708238598000037],
              [9.630970526000056, 49.710120828000072],
              [9.632228552000072, 49.71278901200003],
              [9.632327948000068, 49.715713840000035],
              [9.633052602000021, 49.71706895300008],
              [9.633395371000063, 49.717296501000078],
              [9.634647413000039, 49.718690164000066],
              [9.636334340000076, 49.718983392000041],
              [9.639263438000057, 49.719715129000065],
              [9.640874054000051, 49.720337200000074],
              [9.639753674000076, 49.721247254000048],
              [9.638664256000027, 49.722132116000068],
              [9.641101794000065, 49.723176276000061],
              [9.640600885000026, 49.724018213000079],
              [9.638929369000039, 49.725550026000064],
              [9.637740812000061, 49.725483864000068],
              [9.635361137000075, 49.727922426000077],
              [9.633600251000075, 49.72782329100005],
              [9.631988049000029, 49.729239267000025],
              [9.629258004000064, 49.731093439000063],
              [9.627715246000037, 49.731963309000037],
              [9.63039167200003, 49.732197911000071],
              [9.636562796000021, 49.731653119000043],
              [9.638243680000073, 49.734228892000033],
              [9.638059303000034, 49.73711266600003],
              [9.638704962000077, 49.737544556000046],
              [9.64039015700007, 49.737242437000077],
              [9.641016712000066, 49.73713921600006],
              [9.645720309000069, 49.736499946000038],
              [9.645859593000068, 49.736474003000069],
              [9.646240516000034, 49.737682491000044],
              [9.646936205000031, 49.739145265000047],
              [9.645592844000021, 49.739737966000064],
              [9.643051662000062, 49.739772783000035],
              [9.638998493000031, 49.740506856000081],
              [9.639059253000028, 49.742522687000076],
              [9.641522945000077, 49.743023545000028],
              [9.644548230000055, 49.743931945000043],
              [9.645552784000074, 49.746910390000039],
              [9.643585083000062, 49.748466694000058],
              [9.643147620000036, 49.74987734900003],
              [9.643062374000067, 49.74998467100005],
              [9.641305644000056, 49.751150025000072],
              [9.638510305000068, 49.75291928300004],
              [9.637951869000062, 49.753850752000062],
              [9.641080352000074, 49.75594383300006],
              [9.642823271000054, 49.757099656000037],
              [9.644147584000052, 49.758369261000041],
              [9.644844480000074, 49.759778080000046],
              [9.645460831000037, 49.760259574000031],
              [9.646160909000059, 49.761458410000046],
              [9.649389970000072, 49.76500363100007],
              [9.651865837000059, 49.766371741000057],
              [9.650664188000064, 49.76676763100005],
              [9.649769521000053, 49.767084834000059],
              [9.648963867000077, 49.767861556000071],
              [9.647550798000054, 49.769200539000053],
              [9.646496047000028, 49.77069515200003],
              [9.646295963000057, 49.771782314000063],
              [9.645989498000063, 49.774194424000029],
              [9.644957669000064, 49.775157913000044],
              [9.645094601000039, 49.777358553000056],
              [9.644322199000044, 49.778609654000036],
              [9.646165006000047, 49.779166288000056],
              [9.646971753000059, 49.778458192000073],
              [9.650508337000076, 49.779398591000074],
              [9.651418613000033, 49.780557046000069],
              [9.65044798200006, 49.782781109000041],
              [9.649733376000029, 49.785447948000069],
              [9.650942916000076, 49.78619477400008],
              [9.649129340000059, 49.789699135000035],
              [9.648736203000055, 49.791477651000037],
              [9.64555206600005, 49.790787941000076],
              [9.635201149000068, 49.78756953900006],
              [9.630687267000042, 49.785906564000072],
              [9.619702442000062, 49.783181326000033],
              [9.615401073000044, 49.783171705000029],
              [9.609444169000028, 49.78322036600008],
              [9.605923252000025, 49.782764199000042],
              [9.601372107000032, 49.782036772000026],
              [9.599486367000054, 49.781661351000025],
              [9.592114481000067, 49.780219310000064],
              [9.591319738000038, 49.780038016000049],
              [9.59001764900006, 49.781222885000034],
              [9.588589478000074, 49.780544876000079],
              [9.58575644900003, 49.779512745000034],
              [9.581076413000062, 49.778030146000049],
              [9.576346451000063, 49.779053455000053],
              [9.577586594000024, 49.780305172000055],
              [9.576921721000076, 49.781631380000078],
              [9.576285818000031, 49.782894838000061],
              [9.580143483000029, 49.783169082000029],
              [9.580057328000066, 49.78403213100006],
              [9.578682026000024, 49.784011984000074],
              [9.576100942000039, 49.783829061000063],
              [9.572398880000037, 49.783411992000026],
              [9.571386585000027, 49.783304747000045],
              [9.569378187000041, 49.782973397000035],
              [9.567192024000065, 49.782496593000076],
              [9.565324917000055, 49.782049365000034],
              [9.563406697000062, 49.781376750000049],
              [9.561809836000066, 49.780616783000028],
              [9.560160652000036, 49.779694408000069],
              [9.559396185000026, 49.77900427700007],
              [9.559013960000073, 49.778659209000068],
              [9.558282826000038, 49.777690426000049],
              [9.557893492000062, 49.777003395000065],
              [9.557788412000036, 49.77669661200008],
              [9.557604080000033, 49.776182231000064],
              [9.557513961000041, 49.775119791000066],
              [9.557511107000039, 49.773860134000074],
              [9.557940236000036, 49.769023108000056],
              [9.558046170000068, 49.767881321000061],
              [9.55839297700004, 49.765095016000032],
              [9.559106349000047, 49.762734627000043],
              [9.559569753000062, 49.761775750000027],
              [9.560313717000042, 49.760675238000033],
              [9.560996602000046, 49.759853134000082],
              [9.566728734000037, 49.754385050000053],
              [9.567824815000051, 49.753017469000042],
              [9.568572672000073, 49.75170100400004],
              [9.56892769600006, 49.750588251000067],
              [9.568946332000053, 49.749634689000061],
              [9.568853373000024, 49.748707204000027],
              [9.568225310000059, 49.74745142300003],
              [9.567438408000044, 49.746509239000034],
              [9.566703191000045, 49.745765415000051],
              [9.565672764000055, 49.745208099000081],
              [9.564570477000075, 49.74477614400007],
              [9.563380497000026, 49.744568386000026],
              [9.562256396000066, 49.744541106000042],
              [9.561061823000045, 49.744567216000064],
              [9.559612752000021, 49.744825135000042],
              [9.558298400000069, 49.745291092000059],
              [9.556937033000054, 49.746026562000054],
              [9.55583832700006, 49.746818186000041],
              [9.555060678000075, 49.747522502000038],
              [9.554480720000072, 49.748759302000053],
              [9.554209747000073, 49.749818728000037],
              [9.554061752000052, 49.750978151000027],
              [9.554002315000048, 49.753271976000065],
              [9.553656065000041, 49.755685326000048],
              [9.553293480000036, 49.757494818000055],
              [9.55311129100005, 49.758276067000054],
              [9.552429578000044, 49.760429743000032],
              [9.551350983000077, 49.762283187000037],
              [9.550083258000029, 49.763865119000059],
              [9.549091538000027, 49.764837529000033],
              [9.547851046000062, 49.765744863000066],
              [9.546462237000071, 49.766426003000049],
              [9.545034427000076, 49.766971838000075],
              [9.543679100000077, 49.767365310000059],
              [9.542186671000024, 49.767667636000056],
              [9.540878584000041, 49.767782555000053],
              [9.539572668000062, 49.767789508000078],
              [9.53851856700004, 49.767708606000042],
              [9.537632590000044, 49.767557140000065],
              [9.536667107000028, 49.767216047000034],
              [9.53581384000006, 49.766821914000047],
              [9.534824984000068, 49.766264669000066],
              [9.530107099000077, 49.763291302000027],
              [9.52870598100003, 49.762523540000075],
              [9.527107182000066, 49.761916018000079],
              [9.526236891000053, 49.761683620000042],
              [9.525836191000053, 49.761581210000031],
              [9.524548382000035, 49.76139020200003],
              [9.522996549000027, 49.761205904000064],
              [9.521955031000061, 49.761196934000054],
              [9.52138566800005, 49.76119202600006],
              [9.52018713800004, 49.761388626000041],
              [9.518721780000021, 49.76172686600006],
              [9.517253617000051, 49.762200024000038],
              [9.51608871600007, 49.762783762000026],
              [9.514512299000046, 49.763786795000044],
              [9.513834330000066, 49.764329750000059],
              [9.513029117000031, 49.764979564000043],
              [9.512336107000067, 49.765576364000026],
              [9.511154812000029, 49.766942688000029],
              [9.510420887000066, 49.768168942000045],
              [9.510097431000077, 49.76969568700008],
              [9.510047535000069, 49.770091140000034],
              [9.510028833000035, 49.770990722000079],
              [9.510254168000074, 49.772180350000042],
              [9.510844090000035, 49.77387701300006],
              [9.512722173000043, 49.778446075000033],
              [9.513005417000045, 49.779528233000065],
              [9.513076369000032, 49.78079749300008],
              [9.512861169000075, 49.781794341000079],
              [9.512341990000039, 49.782707569000081],
              [9.511670523000021, 49.783592476000081],
              [9.510652625000034, 49.784429375000059],
              [9.509002724000027, 49.785584662000076],
              [9.507175681000035, 49.786567424000054],
              [9.506135485000073, 49.787134165000055],
              [9.504702267000027, 49.787886400000048],
              [9.503232404000073, 49.788395363000063],
              [9.501460487000031, 49.788774661000048],
              [9.499803325000073, 49.788887070000044],
              [9.498179134000054, 49.788800773000048],
              [9.496264864000068, 49.788630913000077],
              [9.483440854000037, 49.787824035000028],
              [9.481127201000049, 49.787488387000053],
              [9.479896569000061, 49.787198415000034],
              [9.479097062000051, 49.786894312000072],
              [9.478245270000059, 49.786436774000038],
              [9.477344490000064, 49.785672872000077],
              [9.473265101000038, 49.78216301100008],
              [9.472125872000049, 49.780866056000036],
              [9.471682575000045, 49.78016023400005],
              [9.47149741000004, 49.779726675000063],
              [9.471299329000033, 49.779248012000039],
              [9.470474821000039, 49.776253358000076],
              [9.469986341000038, 49.775070251000045],
              [9.469391890000054, 49.774291069000071],
              [9.468763639000031, 49.773790500000075],
              [9.464366246000054, 49.771564071000057],
              [9.46162729100007, 49.770387368000058],
              [9.459626689000061, 49.769757219000041],
              [9.458256575000064, 49.769519715000058],
              [9.457007338000039, 49.76947225400005],
              [9.45582242100005, 49.76965930700004],
              [9.451795406000031, 49.770845861000055],
              [9.449556610000059, 49.771571964000032],
              [9.447691583000051, 49.77235547500004],
              [9.44631484000007, 49.773044515000038],
              [9.445002527000042, 49.773959077000029],
              [9.44405191900006, 49.774849996000057],
              [9.443336823000038, 49.775770093000062],
              [9.442470599000046, 49.777237631000048],
              [9.441476496000064, 49.778829937000069],
              [9.440123203000041, 49.780949741000029],
              [9.438870049000059, 49.782935504000079],
              [9.438037365000071, 49.784133398000051],
              [9.437391481000077, 49.785054109000043],
              [9.435998338000047, 49.786453689000041],
              [9.434851987000059, 49.78737869400004],
              [9.433023548000051, 49.788351268000042],
              [9.43203905300004, 49.78864830200007],
              [9.430436950000058, 49.789042790000053],
              [9.42862638400004, 49.789329106000082],
              [9.426936682000076, 49.789449675000071],
              [9.425106761000052, 49.78955372300004],
              [9.423866929000042, 49.789466135000055],
              [9.422815875000026, 49.789319649000049],
              [9.420836758000064, 49.788769940000066],
              [9.420280405000028, 49.788506776000077],
              [9.417359945000044, 49.786565450000069],
              [9.415798769000048, 49.785551816000066],
              [9.40870231100007, 49.779887300000041],
              [9.406271271000037, 49.77804638300006],
              [9.403700681000032, 49.776240057000052],
              [9.403068328000074, 49.775946024000064],
              [9.401897354000027, 49.775511815000073],
              [9.399081945000034, 49.774692756000036],
              [9.398667518000025, 49.774589762000062],
              [9.397976742000026, 49.77442110100003],
              [9.397163457000033, 49.774143274000039],
              [9.396478113000057, 49.773740718000056],
              [9.395739933000073, 49.773220674000072],
              [9.395318940000038, 49.772802686000034],
              [9.39322693400004, 49.770757838000065],
              [9.392472017000046, 49.770363576000079],
              [9.391546883000046, 49.770120607000081],
              [9.390255192000041, 49.770107987000074],
              [9.388595455000029, 49.77038867300007],
              [9.386552064000057, 49.771034476000068],
              [9.384947397000076, 49.771927491000042],
              [9.383053477000033, 49.77330351300003],
              [9.379959850000034, 49.776062317000026],
              [9.379078287000027, 49.776917395000055],
              [9.377980790000038, 49.777500403000033],
              [9.377530967000041, 49.77772089900003],
              [9.376969161000034, 49.77797627700005],
              [9.375681805000056, 49.778359435000027],
              [9.374045436000074, 49.778811100000041],
              [9.372610337000026, 49.778976813000043],
              [9.371110889000022, 49.778925924000077],
              [9.370032250000065, 49.778708247000054],
              [9.368906175000063, 49.77814817400008],
              [9.364107392000051, 49.774285232000068],
              [9.363314211000045, 49.773755426000037],
              [9.362259502000029, 49.773124018000033],
              [9.361394760000053, 49.772683458000074],
              [9.360019778000037, 49.772084808000045],
              [9.357682278000027, 49.771071561000042],
              [9.356386187000055, 49.770662612000081],
              [9.35306272300005, 49.769639333000043],
              [9.351035814000056, 49.769006990000037],
              [9.34814330100005, 49.76855478300007],
              [9.345356934000051, 49.768310529000075],
              [9.343303623000054, 49.768199648000063],
              [9.341008964000025, 49.768302211000048],
              [9.338753109000038, 49.768522095000037],
              [9.334782773000029, 49.768976287000044],
              [9.332761202000029, 49.769270440000071],
              [9.331159582000055, 49.769433915000036],
              [9.329643273000045, 49.769517268000072],
              [9.327294960000074, 49.769538021000074],
              [9.324262231000034, 49.769444513000053],
              [9.320225914000048, 49.769164569000054],
              [9.318028174000062, 49.768856027000027],
              [9.316021889000069, 49.768239950000066],
              [9.314570991000039, 49.767462993000038],
              [9.313747180000064, 49.766597345000037],
              [9.313238045000048, 49.765549874000044],
              [9.313098073000049, 49.764477673000044],
              [9.31306293800003, 49.76310064300003],
              [9.313250661000041, 49.761698951000028],
              [9.31351832100006, 49.760990925000044],
              [9.313771639000038, 49.760300743000073],
              [9.31453289600006, 49.758734086000061],
              [9.315568003000067, 49.757323245000066],
              [9.31924501900005, 49.753793231000031],
              [9.321551579000072, 49.75124906800005],
              [9.322471694000058, 49.749980940000057],
              [9.323199846000023, 49.748611840000081],
              [9.323404424000046, 49.748200065000049],
              [9.323729717000049, 49.746835783000051],
              [9.323799346000044, 49.745702791000042],
              [9.323586233000071, 49.74477381500003],
              [9.323124376000067, 49.743797271000062],
              [9.322287528000061, 49.742825831000061],
              [9.320853399000043, 49.741866173000062],
              [9.319222550000063, 49.741003425000031],
              [9.317667452000023, 49.74044736500008],
              [9.315897258000064, 49.740167969000026],
              [9.314025223000044, 49.74007643300007],
              [9.311955957000066, 49.740099771000075],
              [9.309927431000062, 49.740159489000064],
              [9.307437251000067, 49.740358283000035],
              [9.305181210000057, 49.740631472000075],
              [9.303454180000074, 49.740847211000073],
              [9.301520964000076, 49.740979767000056],
              [9.299786822000044, 49.740925444000027],
              [9.295673221000072, 49.740530937000074],
              [9.29577652100005, 49.740289094000047],
              [9.296297096000046, 49.738917960000038],
              [9.297691474000032, 49.738158257000066],
              [9.305602726000075, 49.736146847000043],
              [9.306479872000068, 49.736322725000036],
              [9.309731101000068, 49.73523566700004],
              [9.311771082000064, 49.734708192000028],
              [9.316534484000044, 49.735237740000059],
              [9.318680092000022, 49.733141327000055],
              [9.320251177000046, 49.731991161000053],
              [9.323027403000026, 49.731115356000032],
              [9.328705810000031, 49.731697877000045],
              [9.331115795000073, 49.732270285000027],
              [9.333616774000063, 49.733629189000055],
              [9.335732231000065, 49.73411986800005],
              [9.338768118000075, 49.734294949000059],
              [9.34171343600002, 49.734199095000065],
              [9.346197419000021, 49.733048104000034],
              [9.351821999000038, 49.732367369000031],
              [9.355313118000026, 49.731502890000058],
              [9.358870052000043, 49.730782929000043],
              [9.363404937000041, 49.731614171000047],
              [9.365988939000033, 49.73091970400003],
              [9.371638872000062, 49.728690655000037],
              [9.374211198000069, 49.728002031000074],
              [9.373475335000023, 49.72738090200005],
              [9.370844369000054, 49.726883],
              [9.368339847000072, 49.726572364000049],
              [9.36650097200004, 49.726068354000063],
              [9.365329108000026, 49.725313884000059],
              [9.364078016000065, 49.724187229000052],
              [9.36294824600003, 49.723518857000045],
              [9.360443269000029, 49.723236607000047],
              [9.357979641000043, 49.72306898800008],
              [9.351176011000064, 49.721971842000073],
              [9.349424222000039, 49.72152557000004],
              [9.345481137000036, 49.718771582000045],
              [9.344030942000074, 49.718613970000035],
              [9.344114466000065, 49.716986473000077],
              [9.34757028000007, 49.71619319000007],
              [9.350831201000062, 49.716169150000042],
              [9.352232357000048, 49.716481719000058],
              [9.351843189000022, 49.711898001000066],
              [9.35310944400004, 49.711748860000057],
              [9.35321308500005, 49.707440064000082],
              [9.354911110000046, 49.706638448000035],
              [9.356529739000052, 49.705674050000027],
              [9.357409236000024, 49.704288294000037],
              [9.361023574000058, 49.703982758000052],
              [9.363551624000024, 49.70374702600003],
              [9.366264292000039, 49.70359776500004],
              [9.372068999000021, 49.703998476000038],
              [9.380576641000061, 49.706687831000067],
              [9.382528566000076, 49.707462880000037],
              [9.383138988000042, 49.709241408000025],
              [9.382432845000039, 49.711546815000077],
              [9.382167628000047, 49.716348888000027],
              [9.383029495000073, 49.719245595000075],
              [9.38260024300007, 49.721685905000072],
              [9.381373089000022, 49.725159022000071],
              [9.380160749000026, 49.726118348000057],
              [9.38293525000006, 49.726820614000076],
              [9.385011665000036, 49.727650827000048],
              [9.386761384000067, 49.728411580000056],
              [9.385645192000027, 49.730914546000065],
              [9.389902142000039, 49.72983122100004],
              [9.39271457600006, 49.729462818000059],
              [9.39490061500004, 49.729169224000032],
              [9.399960653000051, 49.728840514000069],
              [9.401205161000064, 49.724830678000046],
              [9.401067576000059, 49.720564516000081],
              [9.404198081000061, 49.720216914000048],
              [9.407930499000031, 49.72145858500005],
              [9.408478217000038, 49.721175937000055],
              [9.408688736000045, 49.720467160000055],
              [9.410055078000028, 49.717763054000045],
              [9.411933987000054, 49.716305509000051],
              [9.414172165000025, 49.713690700000029],
              [9.415296155000021, 49.712468803000036],
              [9.41868082700006, 49.711898302000066],
              [9.420395190000022, 49.708568358000036],
              [9.420314327000028, 49.706627635000075],
              [9.417638917000033, 49.70584206400008],
              [9.417586358000051, 49.704227961000072],
              [9.416870872000061, 49.702397701000052],
              [9.418017803000055, 49.699538469000061],
              [9.418738567000048, 49.697727864000058],
              [9.422312961000046, 49.696079385000075],
              [9.419257359000028, 49.693809932000079],
              [9.420791635000057, 49.692205016000059],
              [9.420732479000037, 49.691754581000055],
              [9.420406587000059, 49.690833741000063],
              [9.420088259000067, 49.69019189200003],
              [9.419398214000068, 49.689429532000077],
              [9.418310374000043, 49.688474425000038],
              [9.416487064000023, 49.68704092300004],
              [9.415443382000035, 49.686124623000069],
              [9.415014868000071, 49.685606317000065],
              [9.414588313000024, 49.685002329000042],
              [9.413986992000048, 49.684339531000035],
              [9.413337766000041, 49.68384767100008],
              [9.41264323300004, 49.683412506000082],
              [9.413357933000043, 49.68296229200007],
              [9.410261379000076, 49.681675614000028],
              [9.409240508000039, 49.682037161000039],
              [9.408854155000029, 49.681604939000067],
              [9.408076240000071, 49.680968974000052],
              [9.407341052000049, 49.680390550000027],
              [9.406391045000021, 49.679581513000073],
              [9.40668646000006, 49.679491422000069],
              [9.409417989000076, 49.678125213000044],
              [9.412782527000047, 49.677300544000047],
              [9.41247209200003, 49.67546929100007],
              [9.409964778000074, 49.675388062000081],
              [9.408637922000025, 49.675660956000058],
              [9.405384797000067, 49.675789917000031],
              [9.403767108000068, 49.675594328000045],
              [9.40148264000004, 49.674852409000039],
              [9.400009659000034, 49.673794417000067],
              [9.399188203000051, 49.672742739000057],
              [9.398080490000041, 49.671481330000063],
              [9.397891490000063, 49.67066072800003],
              [9.398370629000055, 49.670323487000076],
              [9.399199168000052, 49.669863676000034],
              [9.400053959000047, 49.669467096000062],
              [9.400938941000049, 49.66896283300008],
              [9.401627179000059, 49.668573623000043],
              [9.402358432000028, 49.668121844000041],
              [9.403516614000068, 49.667188335000048],
              [9.40508223300003, 49.666015824000056],
              [9.406179310000027, 49.665324627000075],
              [9.407542754000076, 49.664501029000064],
              [9.40783687000004, 49.66436890500006],
              [9.409261738000055, 49.663887779000049],
              [9.41091990700005, 49.66350785000003],
              [9.410754943000029, 49.662840459000051],
              [9.412326227000051, 49.662621627000078],
              [9.412035264000053, 49.660792369000035],
              [9.414581428000076, 49.660149199000045],
              [9.416347785000028, 49.659880446000045],
              [9.419495463000032, 49.658853554000075],
              [9.417451044000074, 49.655863104000048],
              [9.416439952000076, 49.653882341000042],
              [9.413147360000039, 49.651622595000049],
              [9.410112481000056, 49.649650899000051],
              [9.407713576000049, 49.646741907000035],
              [9.406000422000034, 49.64531278700008],
              [9.405011107000064, 49.64571662700007],
              [9.399784988000022, 49.645323167000072],
              [9.393784063000055, 49.646309766000059],
              [9.388147462000063, 49.644994927000027],
              [9.383570291000069, 49.642826510000077],
              [9.383345491000057, 49.642848316000027],
              [9.38223795600004, 49.643180187000041],
              [9.381658207000044, 49.643517262000046],
              [9.380857869000067, 49.643880855000077],
              [9.380453947000035, 49.644219572000054],
              [9.380131437000045, 49.64484475900008],
              [9.37998030600005, 49.645195781000041],
              [9.379898793000052, 49.64538526900003],
              [9.379402187000039, 49.645923144000051],
              [9.37886097300003, 49.646489121000059],
              [9.378277106000041, 49.64699753900004],
              [9.37760458300005, 49.647533644000077],
              [9.376887389000046, 49.648097868000036],
              [9.376587326000049, 49.64828686900006],
              [9.376128207000022, 49.648575970000081],
              [9.375500298000077, 49.649083938000047],
              [9.37500366200004, 49.649621774000082],
              [9.374421496000025, 49.650110015000052],
              [9.374184960000036, 49.650257569000075],
              [9.37352918800002, 49.650578386000063],
              [9.372730667000042, 49.650856109000074],
              [9.371885449000047, 49.651247627000032],
              [9.371480103000067, 49.651643524000065],
              [9.371159351000074, 49.652183097000034],
              [9.370574656000031, 49.652720036000062],
              [9.370036640000023, 49.653143172000057],
              [9.369627881000042, 49.653681862000042],
              [9.369175122000058, 49.654220113000065],
              [9.368549772000051, 49.654613803000075],
              [9.368057063000037, 49.654980248000072],
              [9.367693614000075, 49.655462252000063],
              [9.367458745000022, 49.656088375000081],
              [9.367401199000028, 49.656659137000076],
              [9.367388322000068, 49.657201779000047],
              [9.366743562000067, 49.658356823000076],
              [9.365998844000046, 49.656948769000053],
              [9.365646708000043, 49.65660334100005],
              [9.365266865000024, 49.656257633000052],
              [9.36500873500006, 49.656039108000073],
              [9.364586692000046, 49.655719968000028],
              [9.364272717000063, 49.655518876000031],
              [9.363944462000063, 49.655335635000029],
              [9.363573785000028, 49.655187957000066],
              [9.363202896000075, 49.655049273000031],
              [9.36222643900004, 49.654733555000064],
              [9.361841274000028, 49.654612718000067],
              [9.36129220600003, 49.654391260000068],
              [9.359659531000034, 49.653700024000045],
              [9.359124123000072, 49.653487690000077],
              [9.357149014000072, 49.652631013000075],
              [9.356243430000063, 49.652252976000057],
              [9.355474249000054, 49.651966284000082],
              [9.354661208000039, 49.651667682000038],
              [9.354325321000033, 49.651442700000075],
              [9.353897095000036, 49.650952729000039],
              [9.353156851000051, 49.650630998000054],
              [9.352321777000043, 49.650593971000035],
              [9.351672581000059, 49.650605708000057],
              [9.351309381000021, 49.650612272000046],
              [9.35016983600002, 49.650429306000035],
              [9.349388392000037, 49.649992864000069],
              [9.348695623000026, 49.649528752000037],
              [9.348182258000065, 49.648923624000076],
              [9.347401546000071, 49.648458609000045],
              [9.346670354000025, 49.64776555800006],
              [9.34594194500005, 49.646958262000055],
              [9.345431405000056, 49.64623888300008],
              [9.345003317000021, 49.645748879000053],
              [9.344664587000068, 49.64520265200008],
              [9.344547846000069, 49.644572989000039],
              [9.343880585000022, 49.644299653000076],
              [9.33689722400004, 49.644300111000064],
              [9.329841108000039, 49.647268552000071],
              [9.324316688000067, 49.648776889000032],
              [9.321722261000048, 49.649651232000053],
              [9.319776982000064, 49.65003091300008],
              [9.31760537100007, 49.650665303000039],
              [9.313613863000057, 49.653708810000069],
              [9.310539744000039, 49.65395279300003],
              [9.308344007000073, 49.654290007000043],
              [9.30408305800006, 49.654944254000043],
              [9.304319956000029, 49.653786072000059],
              [9.306487190000041, 49.650803757000062],
              [9.305465908000031, 49.650082184000041],
              [9.301526934000037, 49.649113817000057],
              [9.299295986000061, 49.648559328000033],
              [9.298659086000043, 49.647436877000075],
              [9.296327159000043, 49.645945513000072],
              [9.292945539000073, 49.644874797000057],
              [9.290493301000026, 49.643768922000049],
              [9.289849605000029, 49.64292527200007],
              [9.288857949000032, 49.641052177000063],
              [9.287453217000063, 49.638535825000076],
              [9.286248922000027, 49.636610942000061],
              [9.285500565000063, 49.63576970400004],
              [9.282021407000059, 49.637089269000057],
              [9.278305628000055, 49.637620577000064],
              [9.273522648000039, 49.63556952600004],
              [9.272047471000064, 49.634752751000065],
              [9.270722601000045, 49.634018567000055],
              [9.272788971000068, 49.632313457000066],
              [9.274818728000071, 49.630949823000037],
              [9.270099176000031, 49.626489843000058],
              [9.274372842000048, 49.625114593000035],
              [9.274671699000066, 49.624802915000032],
              [9.276508619000026, 49.62338318500008],
              [9.278054783000073, 49.620331738000061],
              [9.280997841000044, 49.618621611000037],
              [9.284029020000048, 49.616860074000044],
              [9.285023051000053, 49.614801330000034],
              [9.280543766000051, 49.613430516000051],
              [9.278732551000076, 49.612781157000029],
              [9.268031005000068, 49.608940178000068],
              [9.265753561000054, 49.607592724000028],
              [9.264577622000047, 49.606819727000072],
              [9.26394872000003, 49.605641605000073],
              [9.265084450000074, 49.603482565000036],
              [9.264965319000055, 49.602024687000039],
              [9.263535931000035, 49.601209195000081],
              [9.259995497000034, 49.598460283000065],
              [9.260211921000064, 49.594386797000027],
              [9.259036536000053, 49.59327621500006],
              [9.255069225000057, 49.594141362000073],
              [9.252567202000023, 49.594014822000076],
              [9.250766838000061, 49.593890738000027],
              [9.249458459000039, 49.593800544000032],
              [9.24831043000006, 49.591655438000032],
              [9.246443172000056, 49.590024206000066],
              [9.247727805000068, 49.588535858000057],
              [9.248969619000036, 49.587622861000057],
              [9.24894015600006, 49.584518406000029],
              [9.245479570000043, 49.584552048000035],
              [9.241887762000033, 49.583261494000055],
              [9.240647460000048, 49.582015032000072],
              [9.238701537000054, 49.581291540000052],
              [9.23502103900006, 49.58086833200008],
              [9.234132011000042, 49.581258322000053],
              [9.232897919000038, 49.581030511000051],
              [9.233105118000026, 49.580218405000039],
              [9.231270271000028, 49.579826461000039],
              [9.230867050000029, 49.580596276000051],
              [9.229165020000039, 49.580232319000061],
              [9.228208712000026, 49.579306425000027],
              [9.226552663000064, 49.578802145000054],
              [9.224407020000058, 49.57921471800006],
              [9.222930947000066, 49.577875715000062],
              [9.221032489000038, 49.578225630000077],
              [9.219714139000075, 49.57823927700008],
              [9.215183353000043, 49.576816658000041],
              [9.213653134000026, 49.576542155000027],
              [9.212012786000059, 49.577094824000028],
              [9.210719128000051, 49.57782282800008],
              [9.20846311400004, 49.576768659000038],
              [9.206546174000039, 49.576175401000057],
              [9.205096124000022, 49.576187370000071],
              [9.202973365000048, 49.576705816000072],
              [9.200561760000028, 49.576535289000049],
              [9.19793581600004, 49.575228723000066],
              [9.194410460000029, 49.574040640000078],
              [9.192351878000068, 49.574943598000061],
              [9.189937034000025, 49.575716426000042],
              [9.187303515000053, 49.576891556000078],
              [9.185119998000062, 49.576290338000035],
              [9.183433250000064, 49.575739852000027],
              [9.182367094000028, 49.574260825000067],
              [9.180803940000033, 49.573747729000047],
              [9.179789199000027, 49.574419701000068],
              [9.178609849000054, 49.575539620000029],
              [9.175404954000044, 49.575957687000027],
              [9.173276474000033, 49.57776255400006],
              [9.169772007000063, 49.577397464000057],
              [9.164997223000057, 49.575451685000075],
              [9.163016736000031, 49.577497738000034],
              [9.160445068000058, 49.578906922000044],
              [9.158889937000026, 49.579590304000078],
              [9.149502635000033, 49.579289621000044],
              [9.14917140600005, 49.579258671000048],
              [9.147310576000052, 49.579002485000046],
              [9.145904465000058, 49.578814698000031],
              [9.144321344000048, 49.578525797000054],
              [9.143070226000077, 49.578240859000061],
              [9.142809193000062, 49.578174742000044],
              [9.141742772000043, 49.577721050000036],
              [9.141373385000065, 49.577572649000047],
              [9.137993425000047, 49.575759438000034],
              [9.13500650800006, 49.575696423000068],
              [9.131210399000054, 49.575866473000076],
              [9.125798770000074, 49.574955042000056],
              [9.120512012000063, 49.573558995000042],
              [9.117713691000063, 49.573677777000057],
              [9.11387959800004, 49.574683569000058],
              [9.112315319000061, 49.576140010000074],
              [9.110170744000072, 49.578039188000048],
              [9.108265919000075, 49.579302437000081],
              [9.105591871000058, 49.578468690000079],
              [9.103006167000046, 49.577456014000063],
              [9.100376770000025, 49.572267772000032],
              [9.100091708000036, 49.57066264000008],
              [9.100187971000025, 49.568792299000052],
              [9.100071609000054, 49.566442707000078],
              [9.10001408200003, 49.565281023000068],
              [9.100056867000035, 49.563347038000074],
              [9.09971063200004, 49.561471219000055],
              [9.098930719000066, 49.560553907000042],
              [9.09471588200006, 49.560556729000041],
              [9.092314187000056, 49.561334353000063],
              [9.089162272000067, 49.560800177000033],
              [9.085871617000066, 49.561217939000073],
              [9.082631683000045, 49.561789205000082],
              [9.080988775000037, 49.564944809000053],
              [9.080997547000038, 49.567446306000079],
              [9.081169126000077, 49.569589936000057],
              [9.078042595000056, 49.574803642000063],
              [9.074444818000075, 49.575173969000048],
              [9.073074327000029, 49.57494100200006],
              [9.073487782000029, 49.57286076400004],
              [9.073605428000064, 49.571862363000037],
              [9.073583666000047, 49.571119316000079],
              [9.073566166000035, 49.570233483000038],
              [9.073408417000053, 49.569631561000051],
              [9.073292924000043, 49.569380128000034],
              [9.073078443000043, 49.568913193000071],
              [9.072923260000039, 49.568225599000073],
              [9.072917361000066, 49.567011666000042],
              [9.072205636000035, 49.565249230000063],
              [9.073126975000037, 49.564342907000025],
              [9.074469170000043, 49.563684063000039],
              [9.074921699000072, 49.56288896500007],
              [9.075347094000051, 49.562075528000037],
              [9.075820551000049, 49.561505636000049],
              [9.076294801000074, 49.560908759000029],
              [9.076862350000056, 49.560430026000063],
              [9.077613653000071, 49.559818636000045],
              [9.077923193000061, 49.559614732000057],
              [9.078417838000064, 49.559288887000037],
              [9.079209781000031, 49.55870499200006],
              [9.07977941200005, 49.558154290000061],
              [9.080992731000038, 49.557498596000073],
              [9.081994217000045, 49.557046936000063],
              [9.082450130000041, 49.556481297000062],
              [9.082519815000069, 49.555982232000076],
              [9.082481870000038, 49.55541039700006],
              [9.082880776000025, 49.554915461000064],
              [9.083812705000071, 49.554605798000068],
              [9.084710525000048, 49.554295612000033],
              [9.085549411000045, 49.55377046600006],
              [9.086177244000055, 49.552956996000034],
              [9.08705235900004, 49.551686092000068],
              [9.087622613000065, 49.55110836800003],
              [9.087870907000024, 49.550661584000068],
              [9.088063104000071, 49.550241092000078],
              [9.088112541000044, 49.549971778000042],
              [9.088165960000026, 49.549567548000027],
              [9.08819038300004, 49.548740062000036],
              [9.088195692000056, 49.548560174000045],
              [9.088194079000061, 49.548146258000031],
              [9.088094620000049, 49.547299229000032],
              [9.087908774000027, 49.54656809100004],
              [9.087704596000037, 49.545989685000052],
              [9.087609679000025, 49.545457633000069],
              [9.087445384000034, 49.544933712000045],
              [9.087249729000064, 49.544535366000048],
              [9.086955991000025, 49.544180782000069],
              [9.086511539000071, 49.543779323000081],
              [9.085964223000076, 49.543583523000052],
              [9.085387937000064, 49.543432345000042],
              [9.08468911600005, 49.543216646000076],
              [9.084390615000075, 49.543023954000034],
              [9.08603325200005, 49.542481310000028],
              [9.086998125000036, 49.542319908000081],
              [9.088499486000046, 49.542024429000037],
              [9.089861600000063, 49.54198430200006],
              [9.090960403000054, 49.541940876000069],
              [9.091633304000027, 49.541949266000074],
              [9.092057523000051, 49.541954553000039],
              [9.093200209000031, 49.541911652000067],
              [9.094170709000025, 49.541752325000061],
              [9.095233164000035, 49.541451296000048],
              [9.096212867000077, 49.540977822000059],
              [9.097110643000065, 49.540303349000055],
              [9.097964511000043, 49.539628324000034],
              [9.098949167000058, 49.538983482000049],
              [9.099619102000077, 49.538591841000027],
              [9.100635065000063, 49.538375889000065],
              [9.101468816000022, 49.53838621400007],
              [9.102741385000058, 49.538401960000044],
              [9.103621519000058, 49.538327140000035],
              [9.104486553000072, 49.538118293000082],
              [9.105005163000044, 49.537544340000068],
              [9.105063199000028, 49.537059407000072],
              [9.104977242000075, 49.536679448000029],
              [9.104946544000029, 49.536543750000078],
              [9.104959033000057, 49.536115390000077],
              [9.105230643000027, 49.535833072000059],
              [9.107143872000051, 49.536456592000036],
              [9.108711403000029, 49.536536007000052],
              [9.109670307000044, 49.536247714000069],
              [9.113767890000076, 49.53463350800007],
              [9.114951676000032, 49.533856238000055],
              [9.115165102000049, 49.531258543000035],
              [9.11602152100005, 49.529847417000042],
              [9.117749538000055, 49.527930914000081],
              [9.120265900000049, 49.527418900000043],
              [9.120329738000066, 49.525972769000077],
              [9.12172632000005, 49.524716566000052],
              [9.122298636000039, 49.524330355000075],
              [9.126459732000058, 49.521607088000053],
              [9.124032770000042, 49.520452849000037],
              [9.123637692000045, 49.519773217000079],
              [9.123744638000062, 49.518937748000042],
              [9.126413832000026, 49.516945797000062],
              [9.123867282000049, 49.516114010000081],
              [9.122489770000072, 49.514999513000078],
              [9.120618829000023, 49.51326713900005],
              [9.11953, 49.512210117000052],
              [9.117346998000073, 49.512678272000073],
              [9.115553805000047, 49.512089453000044],
              [9.107589177000023, 49.509895081000082],
              [9.106127381000022, 49.509796066000035],
              [9.105532838000045, 49.510283591000075],
              [9.104970285000036, 49.511095422000039],
              [9.10515452900006, 49.512834231000056],
              [9.106152443000042, 49.515104948000044],
              [9.105806353000048, 49.516549287000032],
              [9.10496140500004, 49.517564578000076],
              [9.101622620000057, 49.519736694000073],
              [9.100355993000051, 49.523823918000062],
              [9.09955422400003, 49.526189353000063],
              [9.096320408000054, 49.52616610900003],
              [9.092897073000074, 49.525539760000072],
              [9.088659246000077, 49.525523089000046],
              [9.083904166000025, 49.526291140000069],
              [9.078857559000028, 49.524941084000034],
              [9.074229055000046, 49.526268393000066],
              [9.069716373000063, 49.526949149000075],
              [9.066573100000028, 49.528978775000041],
              [9.066111443000068, 49.529161868000074],
              [9.064950779000071, 49.529606011000055],
              [9.064666260000024, 49.529413444000056],
              [9.064056314000027, 49.529009791000078],
              [9.063502191000055, 49.528588850000062],
              [9.062827498000047, 49.528040403000034],
              [9.062032245000069, 49.52736445000005],
              [9.061143537000021, 49.526579327000036],
              [9.060027274000049, 49.525548358000037],
              [9.059490438000068, 49.525033003000033],
              [9.05814653300007, 49.523742813000069],
              [9.057609592000063, 49.523214088000032],
              [9.056571226000074, 49.522355035000032],
              [9.056138334000025, 49.522043579000069],
              [9.05584035000004, 49.521841819000031],
              [9.055514466000034, 49.521648699000082],
              [9.05507947500007, 49.521481194000046],
              [9.053844526000034, 49.521203515000082],
              [9.052864751000072, 49.520952899000065],
              [9.051485772000035, 49.520601928000076],
              [9.05055122400006, 49.520066193000048],
              [9.049950722000062, 49.519368094000072],
              [9.049399049000044, 49.518265907000057],
              [9.04913476300004, 49.517334057000028],
              [9.049009478000073, 49.516642058000059],
              [9.049023184000021, 49.516189909000047],
              [9.049190303000046, 49.51550166700008],
              [9.049389640000072, 49.514956678000033],
              [9.049592578000045, 49.514292703000081],
              [9.049575498000024, 49.51364970700007],
              [9.049332638000067, 49.51321807000005],
              [9.048874823000062, 49.512640832000045],
              [9.048194848000037, 49.51215596000003],
              [9.04792556700005, 49.511390690000042],
              [9.047405525000045, 49.510455547000049],
              [9.046511378000048, 49.509801264000032],
              [9.044329403000063, 49.508134448000078],
              [9.043433133000065, 49.507619017000081],
              [9.042533439000067, 49.50695958700004],
              [9.042181768000034, 49.506514142000071],
              [9.042090722000069, 49.505874129000063],
              [9.04211083000007, 49.504635052000026],
              [9.042184769000073, 49.504003080000075],
              [9.042323147000047, 49.503300195000065],
              [9.042546898000069, 49.502674593000052],
              [9.042563704000031, 49.502122500000041],
              [9.042550697000024, 49.501589067000054],
              [9.042194435000056, 49.501106684000035],
              [9.041733135000072, 49.500588160000063],
              [9.041255349000039, 49.499953497000035],
              [9.040756948000023, 49.499069415000065],
              [9.038428921000047, 49.499096494000071],
              [9.037306175000026, 49.499045361000071],
              [9.036576592000074, 49.498997813000074],
              [9.03590779700005, 49.498874870000066],
              [9.034858438000072, 49.498766028000034],
              [9.033693329000073, 49.498617583000055],
              [9.032877234000068, 49.498530799000036],
              [9.031972869000072, 49.498461906000045],
              [9.031127549000075, 49.498374728000044],
              [9.030165900000043, 49.498266983000065],
              [9.029027708000058, 49.498195021000072],
              [9.028180643000042, 49.498164934000044],
              [9.027158204000045, 49.498132553000062],
              [9.026366669000026, 49.49819840300006],
              [9.025665752000066, 49.498170205000065],
              [9.024732763000031, 49.498081834000061],
              [9.023829004000049, 49.49799383800007],
              [9.022689067000044, 49.497978924000051],
              [9.021488909000027, 49.498020346000033],
              [9.02052376000006, 49.49802674600005],
              [9.019648650000022, 49.497958137000069],
              [9.01874549200005, 49.497851062000052],
              [9.017666376000022, 49.497760714000037],
              [9.016848555000024, 49.497730927000077],
              [9.01602837400003, 49.497777283000062],
              [9.015059096000073, 49.497916897000039],
              [9.014235957000039, 49.498058428000036],
              [9.013084200000037, 49.498424168000042],
              [9.012606477000077, 49.498741644000063],
              [9.012508143000048, 49.499083164000069],
              [9.012903712000025, 49.499833840000065],
              [9.013520227000072, 49.500391577000073],
              [9.013714204000053, 49.500736947000064],
              [9.013702385000045, 49.50111769800003],
              [9.013576005000061, 49.501420759000041],
              [9.012978966000048, 49.501812848000043],
              [9.012180163000039, 49.502667602000031],
              [9.010770673000025, 49.502291803000048],
              [9.008168008000041, 49.50233946700007],
              [9.005083685000045, 49.504184157000054],
              [9.002525189000039, 49.504357496000068],
              [8.999539808000065, 49.504389839000055],
              [8.997769191000032, 49.504897163000066],
              [8.992255705000048, 49.503385059000038],
              [8.987576771000022, 49.505693631000042],
              [8.98583381900005, 49.510330328000066],
              [8.981829014000027, 49.509873159000051],
              [8.979174780000051, 49.509180365000077],
              [8.977765753000028, 49.507961507000061],
              [8.977415898000061, 49.505371315000048],
              [8.976592174000075, 49.504860300000075],
              [8.977471626000067, 49.503415181000037],
              [8.974925904000031, 49.503295188000038],
              [8.971704586000044, 49.502495801000066],
              [8.968002908000074, 49.501599825000028],
              [8.965021640000032, 49.501789594000059],
              [8.963496177000025, 49.501483158000042],
              [8.960764401000063, 49.502428140000063],
              [8.958745441000076, 49.502913474000081],
              [8.951832484000022, 49.505626235000079],
              [8.951519361000067, 49.504200267000044],
              [8.951222103000021, 49.502711530000056],
              [8.95410976900007, 49.500141714000051],
              [8.955638252000028, 49.498156103000042],
              [8.957727435000038, 49.495485298000062],
              [8.955224249000025, 49.493003639000051],
              [8.951991747000022, 49.491726638000046],
              [8.951552845000037, 49.490775838000047],
              [8.951715054000033, 49.489176439000062],
              [8.950599560000057, 49.487793450000026],
              [8.950863799000047, 49.486456393000026],
              [8.952324845000021, 49.484838826000043],
              [8.954525308000029, 49.483843227000079],
              [8.954639722000024, 49.482009230000074],
              [8.953784577000022, 49.481547622000051],
              [8.95167138100004, 49.483264232000067],
              [8.948377096000058, 49.48479237600003],
              [8.943478485000071, 49.485753375000058],
              [8.942795189000037, 49.485688495000034],
              [8.941694528000028, 49.48513342800004],
              [8.939786954000056, 49.483487446000026],
              [8.939580272000057, 49.480929185000036],
              [8.937972524000031, 49.479836190000071],
              [8.935637985000028, 49.477743328000031],
              [8.934567263000076, 49.47670271800007],
              [8.93451299000003, 49.474560466000071],
              [8.934700682000027, 49.472619527000063],
              [8.93388996300007, 49.471654500000056],
              [8.931879784000046, 49.470636809000041],
              [8.934189626000034, 49.46713272900007],
              [8.935691164000048, 49.465542944000049],
              [8.937924025000029, 49.465135992000057],
              [8.940328144000034, 49.465340668000067],
              [8.941483068000025, 49.464870972000028],
              [8.941635451000025, 49.463177810000047],
              [8.943695627000068, 49.461802593000073],
              [8.945909211000071, 49.460375468000052],
              [8.946924229000047, 49.459723610000026],
              [8.948372835000043, 49.458042963000025],
              [8.948843307000061, 49.457305959000053],
              [8.949696110000048, 49.455956203000028],
              [8.950348720000022, 49.454992884000035],
              [8.949597776000076, 49.45473962300008],
              [8.949040569000033, 49.454471025000032],
              [8.947051288000068, 49.453246943000067],
              [8.94571116700007, 49.452436675000058],
              [8.944093141000053, 49.451685541000074],
              [8.941762496000024, 49.450780573000031],
              [8.940069179000034, 49.450317312000038],
              [8.938177422000024, 49.450100672000076],
              [8.93590236700004, 49.449992958000053],
              [8.931055311000023, 49.44992562200008],
              [8.929541949000054, 49.449752192000062],
              [8.928333029000044, 49.449541455000031],
              [8.927449061000061, 49.44914222400007],
              [8.927372270000035, 49.448538299000063],
              [8.926680564000037, 49.448168736000071],
              [8.926359244000025, 49.447867324000072],
              [8.926135964000025, 49.447522291000041],
              [8.926038310000024, 49.447134021000068],
              [8.925870386000042, 49.445943964000037],
              [8.925889347000066, 49.445057483000028],
              [8.925896168000065, 49.444738615000063],
              [8.925720370000022, 49.443368493000037],
              [8.925611003000029, 49.442917075000025],
              [8.925524497000026, 49.442609941000057],
              [8.925280161000046, 49.44206666000008],
              [8.925072186000023, 49.441676849000032],
              [8.924739492000072, 49.441303291000054],
              [8.923830488000021, 49.440831698000068],
              [8.92190740500007, 49.440147956000033],
              [8.919408088000068, 49.439366125000049],
              [8.912567030000048, 49.437614405000033],
              [8.911935018000065, 49.437533521000034],
              [8.911479909000036, 49.43752710900003],
              [8.910885994000068, 49.437545732000046],
              [8.910359544000073, 49.437610293000034],
              [8.909845392000022, 49.437720014000035],
              [8.909206222000023, 49.437854962000074],
              [8.908717856000067, 49.438019028000042],
              [8.908059511000033, 49.438315661000047],
              [8.906510475000061, 49.439256546000081],
              [8.906198388000064, 49.439513073000057],
              [8.905815245000042, 49.439831578000053],
              [8.90551604500007, 49.440115279000054],
              [8.90503996800004, 49.440738395000039],
              [8.904807025000025, 49.441104012000039],
              [8.904643938000049, 49.441443623000055],
              [8.904563902000064, 49.441775411000037],
              [8.904506960000049, 49.442242495000073],
              [8.904494089000025, 49.442629221000061],
              [8.904589165000061, 49.443089458000031],
              [8.904651843000067, 49.443279300000029],
              [8.904158591000055, 49.443512147000035],
              [8.902801229000033, 49.44415288700003],
              [8.900948949000053, 49.443368672000076],
              [8.900600154000074, 49.441261303000033],
              [8.899868807000075, 49.43872327400004],
              [8.899422300000026, 49.437173605000055],
              [8.89729397900004, 49.433679463000033],
              [8.895066998000061, 49.42553848600005],
              [8.89446207900005, 49.42491397100008],
              [8.893892849000054, 49.423376228000052],
              [8.893534227000032, 49.422552314000029],
              [8.893212156000061, 49.421872885000028],
              [8.892775885000049, 49.421308798000041],
              [8.892389344000037, 49.420907380000074],
              [8.891122696000025, 49.420016514000054],
              [8.889759896000044, 49.419115262000048],
              [8.888531679000039, 49.418314893000058],
              [8.886135215000024, 49.416984910000053],
              [8.885456856000076, 49.416651270000045],
              [8.885125568000035, 49.417069421000065],
              [8.884636571000044, 49.416846465000049],
              [8.884159848000024, 49.416668671000082],
              [8.882578675000047, 49.416115114000036],
              [8.880274844000041, 49.415317205000065],
              [8.878910361000067, 49.414883682000038],
              [8.87679779900003, 49.414182464000078],
              [8.876360055000021, 49.414037157000053],
              [8.875215275000073, 49.413633747000063],
              [8.874439637000023, 49.413325631000077],
              [8.873814412000058, 49.413055672000041],
              [8.87333959700004, 49.412823871000057],
              [8.872745614000053, 49.412446383000031],
              [8.872341866000056, 49.41215261900004],
              [8.87198130400003, 49.411805492000042],
              [8.871517808000021, 49.411240926000062],
              [8.869651676000046, 49.408937481000066],
              [8.869320558000027, 49.408536783000045],
              [8.869025901000043, 49.408280578000074],
              [8.86845007200003, 49.407777359000079],
              [8.86782004500003, 49.407246358000066],
              [8.866952056000059, 49.406414975000075],
              [8.863973145000045, 49.403195511000035],
              [8.862846275000038, 49.402127050000047],
              [8.861349828000073, 49.401081598000076],
              [8.854644513000039, 49.396627197000043],
              [8.85313534900007, 49.39596235700003],
              [8.851763879000032, 49.395537578000074],
              [8.850273248000065, 49.395396721000054],
              [8.848736344000031, 49.395540849000042],
              [8.847302243000058, 49.395876920000035],
              [8.84567435200006, 49.396543424000072],
              [8.84448308900005, 49.397240130000057],
              [8.843356491000065, 49.398175845000026],
              [8.841300700000033, 49.40094741200005],
              [8.839281052000047, 49.404210434000049],
              [8.838651294000044, 49.404993427000079],
              [8.838182485000061, 49.405391419000068],
              [8.83763097800005, 49.405788190000067],
              [8.836912209000047, 49.406236476000061],
              [8.835944415000029, 49.40670807500004],
              [8.833512608000035, 49.407643908000068],
              [8.831880383000055, 49.408186625000042],
              [8.831256421000035, 49.408285360000036],
              [8.830413501000066, 49.408335858000044],
              [8.829315917000031, 49.408175620000065],
              [8.82855866500006, 49.40769202000007],
              [8.828088998000055, 49.406978686000059],
              [8.827988194000056, 49.40472770000008],
              [8.827513451000073, 49.402129242000058],
              [8.826440242000047, 49.400088764000031],
              [8.824125485000025, 49.397282983000082],
              [8.822420887000021, 49.395551893000061],
              [8.821527691000028, 49.395876614000031],
              [8.820688111000038, 49.396096132000082],
              [8.817842453000026, 49.396077895000076],
              [8.816545310000038, 49.396678395000038],
              [8.814612220000072, 49.396852373000058],
              [8.814087184000073, 49.398393825000028],
              [8.812258549000035, 49.399544252000055],
              [8.808394731000021, 49.401987739000049],
              [8.803540603000044, 49.40357037800004],
              [8.807279739000023, 49.405453221000073],
              [8.808293519000074, 49.406422238000061],
              [8.806352955000023, 49.40670801300007],
              [8.804291828000032, 49.406892962000029],
              [8.803241728000046, 49.40799927900008],
              [8.801488952000057, 49.410890862000031],
              [8.805793299000072, 49.410132723000061],
              [8.807415853000066, 49.410680872000057],
              [8.808340677000047, 49.412514611000063],
              [8.80770917500007, 49.412708903000066],
              [8.807077441000047, 49.413032716000032],
              [8.80647460800003, 49.413571227000034],
              [8.80619579200004, 49.414233643000046],
              [8.806025541000054, 49.414921498000069],
              [8.805924865000065, 49.415705629000058],
              [8.806044700000029, 49.416445460000034],
              [8.806220124000049, 49.417890584000077],
              [8.806587634000039, 49.419200826000065],
              [8.80856527800006, 49.419833397000048],
              [8.809792041000037, 49.420247718000041],
              [8.810859745000073, 49.421262511000066],
              [8.812726742000052, 49.421515430000056],
              [8.81369120200003, 49.422330693000049],
              [8.815028998000059, 49.422728620000044],
              [8.816640970000037, 49.423175618000073],
              [8.81932684800006, 49.423287688000073],
              [8.82216199100003, 49.422682074000079],
              [8.824992384000041, 49.42181537700003],
              [8.827899090000074, 49.422317440000029],
              [8.830501936000076, 49.423228835000032],
              [8.833518778000041, 49.427313591000029],
              [8.834789186000023, 49.427674292000063],
              [8.836452906000034, 49.430218303000061],
              [8.836382522000065, 49.431054080000081],
              [8.836904888000049, 49.432699428000035],
              [8.83715229400002, 49.433521898000038],
              [8.836653492000039, 49.434378349000042],
              [8.832617743000071, 49.436716502000081],
              [8.833401027000036, 49.438127958000052],
              [8.833784431000026, 49.440961944000037],
              [8.833450663000065, 49.443563045000076],
              [8.833006363000038, 49.446021948000066],
              [8.833118996000053, 49.447148373000061],
              [8.834607505000065, 49.450382682000054],
              [8.83384262900006, 49.45134317600008],
              [8.832511839000063, 49.45270021400006],
              [8.832406331000072, 49.454939181000043],
              [8.829779217000066, 49.45903043900006],
              [8.82873313500005, 49.460922546000063],
              [8.823524968000072, 49.462678398000037],
              [8.825131643000077, 49.464828307000062],
              [8.825400546000026, 49.467009854000025],
              [8.826602842000057, 49.469349222000062],
              [8.828248148000057, 49.470867311000063],
              [8.829924283000025, 49.471504013000072],
              [8.832366393000029, 49.471954054000037],
              [8.834083126000053, 49.473014206000073],
              [8.836149769000031, 49.47473635700004],
              [8.836387430000059, 49.475559537000038],
              [8.836891238000021, 49.475781235000056],
              [8.837400006000053, 49.475860156000067],
              [8.837985939000021, 49.475821174000032],
              [8.838815505000071, 49.475513488000047],
              [8.840967965000061, 49.475563157000067],
              [8.842597648000037, 49.477152786000033],
              [8.848570683000048, 49.480542686000035],
              [8.849001867000027, 49.481655767000063],
              [8.851932272000056, 49.483588215000054],
              [8.853051265000033, 49.482898681000052],
              [8.858322201000021, 49.481570845000078],
              [8.860038490000022, 49.480790929000079],
              [8.861277667000024, 49.478478425000048],
              [8.866340213000058, 49.474592686000051],
              [8.865060702000051, 49.472432610000055],
              [8.863234846000069, 49.469697716000042],
              [8.862923785000021, 49.46667885200003],
              [8.86572353400004, 49.465954615000044],
              [8.866645316000074, 49.465644037000061],
              [8.868244751000077, 49.464893355000072],
              [8.876495013000067, 49.466686034000077],
              [8.882495498000026, 49.470929317000071],
              [8.885660612000038, 49.472882233000064],
              [8.889895773000035, 49.475462198000059],
              [8.889942050000059, 49.479278281000063],
              [8.891652702000044, 49.480564466000033],
              [8.893133333000037, 49.481085514000029],
              [8.896462189000033, 49.483156490000056],
              [8.898741711000071, 49.483831657000053],
              [8.899354818000063, 49.484549801000071],
              [8.899176236000073, 49.484934183000064],
              [8.899167218000059, 49.485203995000063],
              [8.899242533000063, 49.48543001400003],
              [8.899817163000023, 49.487246765000066],
              [8.899887376000038, 49.48762567700004],
              [8.89987986400007, 49.487850521000041],
              [8.899829132000036, 49.488128741000025],
              [8.899736381000025, 49.488424360000067],
              [8.899577304000047, 49.48863805700006],
              [8.898895356000025, 49.48961816700006],
              [8.898635118000072, 49.489965398000038],
              [8.898530956000059, 49.490188871000043],
              [8.898561548000032, 49.490513234000048],
              [8.898913272000073, 49.491148086000067],
              [8.899949286000037, 49.493214331000047],
              [8.899758638000037, 49.494372375000069],
              [8.899523591000047, 49.494791950000035],
              [8.899238720000028, 49.495048854000061],
              [8.898939136000024, 49.495332542000028],
              [8.898418021000055, 49.495631082000045],
              [8.897798138000041, 49.495991205000053],
              [8.897514154000021, 49.496221122000065],
              [8.897171021000077, 49.496567174000063],
              [8.897098669000059, 49.49666512500005],
              [8.896938048000038, 49.496923788000061],
              [8.896892408000042, 49.49704911200007],
              [8.896832314000051, 49.497606138000037],
              [8.896965280000074, 49.497760994000032],
              [8.897110549000047, 49.497961014000055],
              [8.897297246000051, 49.498161623000044],
              [8.897736979000058, 49.498644763000073],
              [8.898039535000066, 49.499098960000026],
              [8.898409336000043, 49.499608099000056],
              [8.898656668000058, 49.500061511000069],
              [8.899090718000025, 49.500715528000057],
              [8.899188241000047, 49.501517738000075],
              [8.899219446000075, 49.501824115000034],
              [8.89931759500007, 49.502194428000053],
              [8.899351492000051, 49.502306324000074],
              [8.899454470000023, 49.50264627200005],
              [8.899595556000065, 49.50297220200008],
              [8.899628569000072, 49.503224616000068],
              [8.899572708000051, 49.503655732000027],
              [8.89594495700004, 49.502650446000075],
              [8.892426988000068, 49.50290633700007],
              [8.886001399000065, 49.505802021000079],
              [8.882661470000073, 49.506096150000076],
              [8.87758083600005, 49.505564344000049],
              [8.873264635000055, 49.504228526000077],
              [8.86775347300005, 49.503632049000032],
              [8.862502627000026, 49.503217294000081],
              [8.86015898900007, 49.50226667700008],
              [8.856782345000056, 49.501232336000044],
              [8.85221578900007, 49.501256350000062],
              [8.850128486000074, 49.501873132000071],
              [8.848501613000053, 49.502173277000054],
              [8.848356534000061, 49.501973194000072],
              [8.848142409000047, 49.501772100000039],
              [8.847873979000042, 49.501543217000062],
              [8.847562572000072, 49.501358695000079],
              [8.846822358000054, 49.50047255700008],
              [8.844865714000036, 49.500691708000033],
              [8.844555442000058, 49.499515814000063],
              [8.844550102000028, 49.49840153100007],
              [8.841783857000053, 49.498268550000034],
              [8.839448611000023, 49.49878370600004],
              [8.840014518000032, 49.497472264000066],
              [8.839584958000046, 49.496156515000052],
              [8.838256983000065, 49.494399001000033],
              [8.839046435000057, 49.493767812000044],
              [8.836157459000049, 49.492054841000026],
              [8.83385525500006, 49.49068327100008],
              [8.83303668700006, 49.491580003000081],
              [8.832397513000046, 49.492522229000031],
              [8.831184526000072, 49.492090044000065],
              [8.830750189000071, 49.493226397000058],
              [8.830036358000029, 49.494433076000064],
              [8.828457296000067, 49.495741440000074],
              [8.825926287000073, 49.497800520000055],
              [8.823551635000058, 49.500122820000058],
              [8.821262827000055, 49.501960445000066],
              [8.818194917000028, 49.504440081000041],
              [8.81696286500005, 49.505793062000066],
              [8.816921707000063, 49.506963806000044],
              [8.817506495000032, 49.50780104200004],
              [8.818317579000052, 49.508441660000074],
              [8.81816094800007, 49.509153568000045],
              [8.819098606000068, 49.509938914000031],
              [8.819120401000021, 49.510567772000059],
              [8.818683605000047, 49.511761195000076],
              [8.818879808000077, 49.512421221000068],
              [8.819521584000029, 49.512887890000059],
              [8.820780351000053, 49.513278024000044],
              [8.821020445000045, 49.513938697000071],
              [8.820508978000021, 49.514759612000034],
              [8.820238590000031, 49.516212646000042],
              [8.819747133000021, 49.51646246200005],
              [8.820321064000041, 49.517613790000041],
              [8.820255158000066, 49.518241344000046],
              [8.819795511000052, 49.518834470000058],
              [8.818978949000041, 49.519593701000076],
              [8.818683683000074, 49.52050353900006],
              [8.818658605000053, 49.52121740900003],
              [8.819068145000074, 49.522052030000054],
              [8.819785749000062, 49.522862664000058],
              [8.820829467000067, 49.523135315000047],
              [8.821019799000055, 49.523171160000061],
              [8.822311840000054, 49.523414475000038],
              [8.823309718000075, 49.523743563000039],
              [8.821874005000041, 49.524636471000065],
              [8.820731498000043, 49.524676628000066],
              [8.819532087000027, 49.52508733500008],
              [8.816454036000039, 49.525554424000063],
              [8.815319957000042, 49.525053150000076],
              [8.815230581000037, 49.523851883000077],
              [8.811397298000031, 49.526765901000033],
              [8.809206135000068, 49.525680105000049],
              [8.804438136000044, 49.522918104000041],
              [8.802746072000048, 49.521950747000062],
              [8.802034848000062, 49.520968677000042],
              [8.800455560000046, 49.519716412000037],
              [8.798128711000061, 49.51851],
              [8.797405262000041, 49.516642048000051],
              [8.796617691000051, 49.515344523000067],
              [8.797218126000075, 49.513267975000076],
              [8.79859060800004, 49.511688752000055],
              [8.796199151000053, 49.512309796000068],
              [8.791785272000027, 49.514271569000073],
              [8.789699972000051, 49.514091318000055],
              [8.787450720000038, 49.514005918000066],
              [8.785371010000063, 49.514282793000064],
              [8.783390854000061, 49.514438410000025],
              [8.781854452000061, 49.514663720000044],
              [8.780911944000025, 49.515249345000029],
              [8.77909095800004, 49.517078662000074],
              [8.77797498800004, 49.517604482000081],
              [8.776780529000064, 49.517871960000036],
              [8.774588622000067, 49.517809919000058],
              [8.772119329000077, 49.517984564000074],
              [8.770720587000028, 49.516521822000072],
              [8.768485712000029, 49.515406366000036],
              [8.766459234000024, 49.514737771000057],
              [8.764203624000061, 49.515198034000036],
              [8.761759910000023, 49.515889317000074],
              [8.759373668000023, 49.516518446000077],
              [8.756515039000021, 49.517850994000071],
              [8.755057260000058, 49.518530480000038],
              [8.750928004000059, 49.521841045000031],
              [8.74870874800007, 49.522427549000042],
              [8.746844721000059, 49.522371631000055],
              [8.745330983000031, 49.522564086000045],
              [8.740428517000055, 49.523189694000052],
              [8.739038900000025, 49.522637117000045],
              [8.738437812000029, 49.521449363000045],
              [8.737227042000029, 49.519288375000031],
              [8.733902315000023, 49.518741503000058],
              [8.732336177000036, 49.518483034000042],
              [8.730517935000023, 49.518688519000079],
              [8.727711250000027, 49.518338550000067],
              [8.726687105000053, 49.520986057000073],
              [8.724311163000039, 49.521116064000068],
              [8.724894760000041, 49.522637104000069],
              [8.725874607000037, 49.522842973000081],
              [8.727614359000029, 49.522775055000068],
              [8.728506325000069, 49.522213694000072],
              [8.730773633000069, 49.521407969000052],
              [8.733607115000041, 49.52123328600004],
              [8.735513149000042, 49.521315464000054],
              [8.735949885000025, 49.524845990000074],
              [8.733682047000059, 49.525148628000068],
              [8.732790446000024, 49.525225153000065],
              [8.731766998000069, 49.526197201000059],
              [8.729775620000055, 49.525154127000064],
              [8.727310200000034, 49.525555920000045],
              [8.726404722000041, 49.52531551900006],
              [8.724609343000054, 49.525894436000044],
              [8.722557025000071, 49.527481162000072],
              [8.721228158000031, 49.529142948000072],
              [8.722620579000022, 49.531108576000065],
              [8.718692564000037, 49.533008404000043],
              [8.716758811000034, 49.533328839000035],
              [8.71521462000004, 49.533583408000027],
              [8.713959652000028, 49.532015799000078],
              [8.712339598000028, 49.531711211000072],
              [8.71107448500004, 49.532010540000044],
              [8.710093795000034, 49.532242561000032],
              [8.709568134000051, 49.53372801200004],
              [8.707008771000062, 49.536351031000038],
              [8.705132119000041, 49.536249238000039],
              [8.702650222000045, 49.535327900000027],
              [8.703476075000026, 49.53837360600005],
              [8.705214527000066, 49.539265803000035],
              [8.70507363300004, 49.540756667000039],
              [8.704034656000033, 49.541872776000048],
              [8.703877607000038, 49.543132167000067],
              [8.703848698000058, 49.544706332000032],
              [8.704929632000074, 49.546323491000066],
              [8.705794411000056, 49.547965530000056],
              [8.704896083000051, 49.547901670000044],
              [8.704606617000024, 49.548301828000035],
              [8.704874931000063, 49.548951162000037],
              [8.703883107000024, 49.550028404000045],
              [8.703094113000077, 49.550087287000053],
              [8.701959517000034, 49.549604957000042],
              [8.700793232000024, 49.549479250000047],
              [8.698615480000058, 49.549004080000032],
              [8.698195622000071, 49.549949757000036],
              [8.69736511900004, 49.550138889000038],
              [8.696866352000029, 49.550749973000052],
              [8.696912586000053, 49.551464991000046],
              [8.694820333000052, 49.553086334000056],
              [8.693687725000075, 49.553520612000057],
              [8.691697876000035, 49.555490339000073],
              [8.690770782000072, 49.555643195000073],
              [8.691121250000037, 49.55605356600006],
              [8.69135119300006, 49.556747719000043],
              [8.691744240000048, 49.55796828900003],
              [8.691975100000036, 49.558638647000066],
              [8.692064148000043, 49.559187688000065],
              [8.692044356000054, 49.559711178000043],
              [8.691990682000039, 49.560162698000056],
              [8.692377774000022, 49.560573651000027],
              [8.693103992000033, 49.560728120000078],
              [8.69248735900004, 49.561685156000067],
              [8.692065208000031, 49.56260528200005],
              [8.691537072000074, 49.563766681000061],
              [8.687011848000054, 49.567446704000076],
              [8.686331324000037, 49.568969258000038],
              [8.684306835000029, 49.570222472000069],
              [8.685858177000057, 49.571018810000055],
              [8.684243699000035, 49.572207667000043],
              [8.683984338000073, 49.57357133000005],
              [8.685281238000073, 49.574402056000054],
              [8.68466982700005, 49.575562095000066],
              [8.683230824000077, 49.57555697600003],
              [8.680989341000043, 49.575547929000038],
              [8.681279662000065, 49.577010421000068],
              [8.683193202000041, 49.577275160000056],
              [8.683840160000045, 49.577366545000075],
              [8.683151083000041, 49.580568080000035],
              [8.683099870000035, 49.583650472000045],
              [8.683057140000074, 49.586222057000043],
              [8.683043605000023, 49.587036572000045],
              [8.683018960000027, 49.588413012000046],
              [8.683476958000028, 49.589752093000072],
              [8.685126139000033, 49.590516603000026],
              [8.687591422000025, 49.591213062000065],
              [8.691071630000067, 49.590332898000042],
              [8.691805858000066, 49.591415511000037],
              [8.693718334000039, 49.591725040000028],
              [8.69633437300007, 49.59209975300007],
              [8.697005974000035, 49.594846128000029],
              [8.698123738000049, 49.59644359400005],
              [8.696756529000027, 49.596564662000048],
              [8.69799751100004, 49.599757335000049],
              [8.695515296000053, 49.603364980000038],
              [8.692880206000041, 49.602885389000051],
              [8.692178543000068, 49.603467698000031],
              [8.692658658000028, 49.604554736000068],
              [8.691514801000039, 49.604742815000066],
              [8.691933452000058, 49.605547267000077],
              [8.692436949000069, 49.60651471400007],
              [8.691519448000065, 49.606942912000079],
              [8.690572628000041, 49.607352432000027],
              [8.689135868000051, 49.605553604000079],
              [8.685309952000068, 49.603981659000056],
              [8.683542901000067, 49.603897693000079],
              [8.682127798000067, 49.603471930000069],
              [8.680379477000031, 49.604658681000046],
              [8.680574316000047, 49.605723695000052],
              [8.679996027000072, 49.607091237000077],
              [8.679092842000045, 49.607535651000035],
              [8.676318583000068, 49.608021902000075],
              [8.676058516000069, 49.607216798000081],
              [8.674508285000059, 49.607560751000051],
              [8.673409904000039, 49.608598352000058],
              [8.672813, 49.609162203000039],
              [8.672139781000055, 49.611194105000038],
              [8.67298555900004, 49.613340535000077],
              [8.674749632000044, 49.61356698700007],
              [8.677340981000043, 49.613527772000054],
              [8.677795881000065, 49.611131830000033],
              [8.678034234000052, 49.609876343000053],
              [8.677790712000046, 49.608999518000076],
              [8.680105567000055, 49.608577832000037],
              [8.681217811000067, 49.609189653000044],
              [8.681816911000055, 49.60902892200005],
              [8.683876079000072, 49.608476445000065],
              [8.685299115000021, 49.608478730000058],
              [8.686368561000052, 49.608480435000047],
              [8.687125144000049, 49.609502582000061],
              [8.687804405000065, 49.610420226000031],
              [8.686894233000032, 49.613207178000039],
              [8.684755309000025, 49.613035042000035],
              [8.684911818000046, 49.611036858000034],
              [8.684375838000051, 49.610052461000066],
              [8.679294628000036, 49.611856543000044],
              [8.678879168000037, 49.613867507000066],
              [8.679650419000041, 49.614707827000075],
              [8.681855742000039, 49.615715180000052],
              [8.683176143000026, 49.616321325000058],
              [8.684368945000074, 49.614819642000043],
              [8.684834766000051, 49.614224184000079],
              [8.688392836000048, 49.614623173000041],
              [8.687711926000077, 49.61541317800004],
              [8.68692863900003, 49.616345522000074],
              [8.688015173000053, 49.616911866000066],
              [8.690348717000063, 49.61892898900004],
              [8.692977300000052, 49.619249030000049],
              [8.693836950000048, 49.619353682000053],
              [8.692284525000048, 49.620480761000067],
              [8.69372039700005, 49.622230767000076],
              [8.692313575000071, 49.623738859000071],
              [8.690091513000027, 49.623523361000082],
              [8.686617351000052, 49.622720825000044],
              [8.679440538000051, 49.625665260000062],
              [8.677933668000037, 49.62594697600008],
              [8.676575780000064, 49.624503256000025],
              [8.672851946000037, 49.623952920000079],
              [8.670306954000068, 49.623797510000031],
              [8.667784873000073, 49.622192490000032],
              [8.666047578000075, 49.621328505000065],
              [8.663663187000054, 49.621575557000028],
              [8.661972382000044, 49.621333305000064],
              [8.657225672000038, 49.619740898000032],
              [8.655737354000053, 49.619371404000049],
              [8.653979511000045, 49.618390332000047],
              [8.652605637000022, 49.618379814000036],
              [8.650423502000024, 49.620884149000062],
              [8.64287514800003, 49.619742683000027],
              [8.632963638000035, 49.617510697000057],
              [8.630642023000064, 49.617168852000077],
              [8.627288559000021, 49.616708622000033],
              [8.620227542000066, 49.615580974000068],
              [8.613724598000033, 49.614428665000048],
              [8.607740024000066, 49.613052487000061],
              [8.601061028000061, 49.611450209000054],
              [8.597768054000028, 49.611139215000037],
              [8.593888979000042, 49.610946648000038],
              [8.594357771000034, 49.609742016000041],
              [8.594804429000021, 49.606811314000026],
              [8.595297406000043, 49.605474319000052],
              [8.589315310000075, 49.604515249000031],
              [8.590289895000069, 49.602131602000043],
              [8.590724089000048, 49.601167461000045],
              [8.591064700000061, 49.600344603000053],
              [8.590807815000062, 49.597616560000063],
              [8.590725217000056, 49.59673871900003],
              [8.590976799000032, 49.595942932000071],
              [8.591537003000042, 49.595123781000041],
              [8.594074036000052, 49.592771303000063],
              [8.600224930000024, 49.593481643000075],
              [8.603231735000065, 49.593294238000055],
              [8.604345402000035, 49.588760037000043],
              [8.604956067000046, 49.586816744000032],
              [8.607321912000032, 49.579855033000058],
              [8.608874361000062, 49.575597428000037],
              [8.608762286000058, 49.570757798000045],
              [8.610675082000057, 49.565342022000038],
              [8.610684175000074, 49.564370721000046],
              [8.611199738000039, 49.563436084000045],
              [8.616400989000056, 49.55648244300005],
              [8.617021049000073, 49.555235608000032],
              [8.617398026000046, 49.55458473300007],
              [8.617638829000043, 49.554045877000078],
              [8.617547562000027, 49.551901458000032],
              [8.61846631800006, 49.548481352000067],
              [8.62040427900007, 49.546107020000079],
              [8.621299696000051, 49.545009891000063],
              [8.618773199000032, 49.543492014000037],
              [8.616948155000046, 49.542426723000062],
              [8.616617146000067, 49.541350324000064],
              [8.613335134000067, 49.541115580000053],
              [8.610899175000043, 49.538717129000077],
              [8.609385021000037, 49.536442045000058],
              [8.608550731000037, 49.535510179000028],
              [8.606927971000061, 49.533539207000047],
              [8.606683360000034, 49.531352585000036],
              [8.608241339000074, 49.530807253000035],
              [8.608168359000047, 49.529877445000068],
              [8.608047673000044, 49.52830397200006],
              [8.605171709000047, 49.529803400000048],
              [8.601317259000041, 49.531375256000047],
              [8.597912602000065, 49.531461955000054],
              [8.596556319000058, 49.530800174000035],
              [8.59309470200003, 49.525378357000079],
              [8.59275174000004, 49.523230798000043],
              [8.592187117000037, 49.522483340000065],
              [8.591295096000067, 49.521280395000076],
              [8.588404376000028, 49.522014412000033],
              [8.585817696000049, 49.522402548000059],
              [8.584331526000028, 49.522233362000065],
              [8.583185549000063, 49.521853953000061],
              [8.581374874000062, 49.519780418000039],
              [8.579144882000037, 49.520237454000039],
              [8.57305537600007, 49.521493436000071],
              [8.572609723000028, 49.520571522000068],
              [8.571095530000036, 49.521117110000034],
              [8.569642342000066, 49.520149396000079],
              [8.56690141200005, 49.51911960700005],
              [8.563120309000055, 49.517938923000031],
              [8.560001947000046, 49.51746243000008],
              [8.557744233000051, 49.517918568000027],
              [8.552579373000071, 49.520520350000027],
              [8.551486336000039, 49.523058197000069],
              [8.550867849000042, 49.524494100000027],
              [8.544539801000042, 49.527123045000053],
              [8.54155997600003, 49.528580441000031],
              [8.536775388000024, 49.532413617000032],
              [8.532395957000062, 49.536360073000026],
              [8.526260279000041, 49.547997102000068],
              [8.522489891000021, 49.550873951000028],
              [8.51710153700003, 49.555396184000074],
              [8.500808602000063, 49.56724033100005],
              [8.495032435000041, 49.572996672000045],
              [8.479900128000054, 49.574464167000031],
              [8.479947343000049, 49.578586801000029],
              [8.474351715000068, 49.580970559000036],
              [8.474088118000054, 49.58196478900004],
              [8.475795984000058, 49.58445226300006],
              [8.472863520000033, 49.585056695000048],
              [8.466130013000054, 49.588454622000029],
              [8.46428465300005, 49.58952836800006],
              [8.461008185000026, 49.589748324000027],
              [8.457051562000061, 49.590009896000026],
              [8.454178499000022, 49.590182944000048],
              [8.448628289000055, 49.590478379000047],
              [8.446002313000065, 49.590376712000079],
              [8.443189111000038, 49.589886661000037],
              [8.440464790000021, 49.589412018000075],
              [8.440612891000058, 49.587902764000034],
              [8.44019038600004, 49.586464115000069],
              [8.439379073000055, 49.585054377000063],
              [8.438266105000025, 49.583900125000071],
              [8.429815092000069, 49.584708674000069],
              [8.425248235000026, 49.584363970000027],
              [8.424482960000034, 49.584097383000028],
              [8.422439263000058, 49.583385415000066],
              [8.423098080000045, 49.581921559000079],
              [8.423871087000066, 49.579739819000054],
              [8.423883427000021, 49.579137063000076],
              [8.423898182000073, 49.57784137200008],
              [8.423488769000073, 49.576114902000029],
              [8.422700398000075, 49.574192474000029],
              [8.422037301000046, 49.573073373000057],
              [8.421073924000041, 49.571650760000068],
              [8.419363043000033, 49.569738146000077],
              [8.417383477000044, 49.567272880000075],
              [8.415974879000032, 49.565151474000061],
              [8.41506651100002, 49.563279239000053],
              [8.414583418000063, 49.56198336500006],
              [8.414308532000064, 49.560432579000064],
              [8.414139834000025, 49.55825782900007],
              [8.414236970000047, 49.556030838000027],
              [8.41472533700005, 49.553896792000046],
              [8.415667435000046, 49.551428230000056],
              [8.417263932000026, 49.549057450000078],
              [8.420221352000056, 49.545683050000036],
              [8.421981774000074, 49.543572399000027],
              [8.423067801000059, 49.541820788000052],
              [8.423910170000056, 49.540600895000068],
              [8.435344973000042, 49.512776865000035],
              [8.439736202000063, 49.502273696000032],
              [8.440649325000038, 49.499596689000043],
              [8.441207650000024, 49.497835329000054],
              [8.441599191000023, 49.495870913000033],
              [8.442290160000027, 49.494083398000043],
              [8.442963907000035, 49.492695592000075],
              [8.443950550000068, 49.491170618000069],
              [8.445337704000053, 49.489510065000047],
              [8.447197060000065, 49.488086675000034],
              [8.449739352000051, 49.486075631000062],
              [8.452688041000044, 49.483786181000028],
              [8.45708374700007, 49.479802591000066],
              [8.458766703000038, 49.477907195000057],
              [8.460534241000062, 49.475968311000031],
              [8.462943966000068, 49.47288909100007],
              [8.463795388000051, 49.470402660000047],
              [8.463711756000066, 49.469771200000082],
              [8.463581342000055, 49.468940911000061],
              [8.463547210000058, 49.468769309000038],
              [8.463439429000061, 49.468056420000039],
              [8.462394850000067, 49.466318691000026],
              [8.460875914000042, 49.465022342000054],
              [8.459917387000075, 49.464510048000079],
              [8.458077425000056, 49.46394579300005],
              [8.456136328000071, 49.463487667000038],
              [8.451934667000046, 49.462295532000041],
              [8.44932923600004, 49.461555241000042],
              [8.447310167000069, 49.460987550000027],
              [8.445263728000043, 49.459771373000081],
              [8.444322354000064, 49.459187260000078],
              [8.443528988000025, 49.458371856000042],
              [8.442856327000072, 49.457639642000061],
              [8.442288358000042, 49.456720348000033],
              [8.441921531000048, 49.455939713000078],
              [8.441570553000076, 49.454790393000053],
              [8.441527188000066, 49.453871671000059],
              [8.441567358000043, 49.452936476000048],
              [8.441871142000025, 49.451970096000082],
              [8.442270304000033, 49.451032455000075],
              [8.442690860000027, 49.450239191000037],
              [8.443477723000058, 49.44927262300007],
              [8.444402860000025, 49.448299571000064],
              [8.444990313000062, 49.447797321000053],
              [8.446254404000058, 49.446965423000051],
              [8.447328378000066, 49.446382030000052],
              [8.448358258000042, 49.445860820000064],
              [8.449471247000076, 49.445332113000063],
              [8.45085849700007, 49.444844378000028],
              [8.452367533000029, 49.444412835000037],
              [8.454192581000029, 49.444014004000053],
              [8.455527662000065, 49.443760372000042],
              [8.459761516000071, 49.443340969000076],
              [8.464238582000064, 49.443164750000051],
              [8.469227735000061, 49.443311876000053],
              [8.472505640000065, 49.443513738000036],
              [8.481821595000042, 49.444053027000052],
              [8.487955030000023, 49.443961955000077],
              [8.491909002000057, 49.443718157000035],
              [8.495564785000056, 49.443268915000033],
              [8.498879478000049, 49.442654486000038],
              [8.500831327000071, 49.442019538000068],
              [8.502617236000049, 49.441222603000028],
              [8.504458756000076, 49.440140905000078],
              [8.505686050000065, 49.439076887000056],
              [8.507022218000031, 49.437500484000054],
              [8.507830567000042, 49.435971885000072],
              [8.508242487000075, 49.43449342100007],
              [8.508357431000036, 49.432781135000027],
              [8.507987280000066, 49.43114599200004],
              [8.50733671200004, 49.429934471000081],
              [8.506352611000068, 49.428317040000081],
              [8.503342673000077, 49.42380653400005],
              [8.501704960000041, 49.42106317300005],
              [8.499801576000038, 49.417343628000026],
              [8.498604269000055, 49.414550895000048],
              [8.497315944000036, 49.411346937000076],
              [8.496723168000074, 49.409474508000073],
              [8.496450263000042, 49.40808381100004],
              [8.496193783000024, 49.406630414000063],
              [8.495997936000037, 49.404386185000078],
              [8.496003571000074, 49.404251301000045],
              [8.496188845000063, 49.402136360000043],
              [8.494214168000042, 49.400214911000035],
              [8.49076218700003, 49.398353593000081],
              [8.488201687000071, 49.396940043000029],
              [8.479942023000035, 49.393354590000058],
              [8.473498586000062, 49.390327687000081],
              [8.467968918000054, 49.388288723000073],
              [8.465379838000047, 49.387252082000032],
              [8.463823028000036, 49.384956189000036],
              [8.463528358000076, 49.384428917000037],
              [8.463704060000055, 49.381912371000055],
              [8.463340820000042, 49.380402967000066],
              [8.463537193000036, 49.378048781000075],
              [8.464517077000039, 49.376392689000056],
              [8.466332793000049, 49.375174644000026],
              [8.471539294000024, 49.373288805000072],
              [8.473231192000071, 49.37336427300005],
              [8.475201018000064, 49.374038644000052],
              [8.478215747000036, 49.375100707000058],
              [8.481862260000071, 49.37785681400004],
              [8.48375079300007, 49.379442436000033],
              [8.485532771000067, 49.381036177000055],
              [8.488323541000057, 49.383839745000046],
              [8.491303797000057, 49.385746728000072],
              [8.493779263000022, 49.387203690000035],
              [8.495488972000032, 49.387855062000028],
              [8.498952278000047, 49.38864532000008],
              [8.500397519000046, 49.389013649000049],
              [8.500893989000076, 49.386934133000068],
              [8.501360448000071, 49.383576962000063],
              [8.501367179000056, 49.380436472000042],
              [8.500916692000033, 49.376360985000076],
              [8.49975564600004, 49.371480978000079],
              [8.496811192000052, 49.364180497000063],
              [8.496441478000065, 49.36354454800005],
              [8.495096368000077, 49.361231005000036],
              [8.492072590000021, 49.357177109000077],
              [8.489274489000024, 49.354012873000045],
              [8.486374986000044, 49.351189605000059],
              [8.483291437000048, 49.348591532000057],
              [8.479772449000052, 49.345956983000065],
              [8.475171104000026, 49.34307427300007],
              [8.47091563500004, 49.340713017000041],
              [8.467255574000035, 49.338960106000059],
              [8.463012524000021, 49.336940497000057],
              [8.459599883000067, 49.334935790000031],
              [8.457557532000067, 49.333613010000079],
              [8.455523799000048, 49.332090347000076],
              [8.454260684000076, 49.330953093000062],
              [8.452633687000059, 49.329123487000061],
              [8.451573434000068, 49.327332751000029],
              [8.450797248000072, 49.325032895000049],
              [8.450484521000021, 49.32314148200004],
              [8.450501729000052, 49.321713225000053],
              [8.450878946000046, 49.320261201000051],
              [8.451273703000027, 49.318984439000076],
              [8.451984757000048, 49.317683109000029],
              [8.454045982000025, 49.315463498000042],
              [8.455803728000035, 49.31420976000004],
              [8.458566933000043, 49.312945685000045],
              [8.461748490000048, 49.312117699000055],
              [8.471046467000065, 49.310285896000039],
              [8.475023210000074, 49.309324824000043],
              [8.476221817000066, 49.308968460000074],
              [8.478109017000065, 49.308273519000068],
              [8.479920453000034, 49.307415210000045],
              [8.481299481000065, 49.306693089000078],
              [8.482698257000038, 49.305827327000031],
              [8.483849839000072, 49.304948117000038],
              [8.485075787000028, 49.303935249000062],
              [8.486209573000053, 49.30282173300003],
              [8.487153061000072, 49.301650808000034],
              [8.487739758000032, 49.300455492000026],
              [8.488151647000052, 49.299491011000043],
              [8.488881356000036, 49.297606617000042],
              [8.489205369000047, 49.296126737000066],
              [8.48924291000003, 49.294488175000026],
              [8.489068840000073, 49.293124372000079],
              [8.488324744000067, 49.291737288000036],
              [8.487268219000043, 49.290026632000036],
              [8.485801823000031, 49.288578579000045],
              [8.484047777000058, 49.287431299000048],
              [8.482255381000073, 49.286544262000064],
              [8.480506327000057, 49.285936932000027],
              [8.47858670200003, 49.285461485000042],
              [8.47641250700002, 49.285152395000068],
              [8.474554105000038, 49.284857953000028],
              [8.472600646000046, 49.28453477000005],
              [8.47081557100006, 49.284133605000079],
              [8.469305046000045, 49.283746371000063],
              [8.466985436000073, 49.282975537000027],
              [8.465182868000056, 49.282339999000044],
              [8.463209667000058, 49.281512367000062],
              [8.460845579000022, 49.280497633000039],
              [8.458194880000065, 49.279108693000069],
              [8.456163162000053, 49.277721952000036],
              [8.454048367000041, 49.276027705000047],
              [8.450911718000043, 49.272497051000073],
              [8.448018335000029, 49.269325604000073],
              [8.445546753000031, 49.266880477000029],
              [8.442762740000035, 49.264600997000059],
              [8.43980328300006, 49.262346798000067],
              [8.436021476000064, 49.259934555000029],
              [8.431622056000037, 49.257682233000025],
              [8.427340083000047, 49.255874581000057],
              [8.426247491000026, 49.25535588200006],
              [8.413072413000066, 49.249816519000035],
              [8.407082772000024, 49.247203392000074],
              [8.400686476000033, 49.244159391000039],
              [8.397473777000073, 49.241970393000031],
              [8.395299775000069, 49.240321834000042],
              [8.392943159000026, 49.238334795000071],
              [8.390815976000056, 49.236094874000059],
              [8.389294303000042, 49.233980583000061],
              [8.387592665000057, 49.23114815100007],
              [8.386379408000039, 49.228325804000065],
              [8.385808076000046, 49.226622770000063],
              [8.385016188000066, 49.222614488000033],
              [8.384803778000048, 49.21962764400007],
              [8.387176853000028, 49.219708343000036],
              [8.388169017000052, 49.219951986000069],
              [8.389335233000054, 49.220612834000065],
              [8.390057101000025, 49.221382299000027],
              [8.39070563000007, 49.222258365000073],
              [8.391337306000025, 49.223206101000073],
              [8.391926299000033, 49.223874071000068],
              [8.392764770000042, 49.224492730000065],
              [8.393748408000022, 49.224934133000033],
              [8.395104685000035, 49.225337523000064],
              [8.396741832000032, 49.225602181000056],
              [8.398535109000022, 49.22575275500003],
              [8.403212177000057, 49.224655940000048],
              [8.404488779000076, 49.222051269000076],
              [8.405251528000065, 49.220560782000064],
              [8.402855168000031, 49.214804210000068],
              [8.402345383000068, 49.213666855000042],
              [8.401858077000043, 49.212913942000057],
              [8.399614103000033, 49.209444640000072],
              [8.398497917000043, 49.207718756000077],
              [8.393126246000065, 49.202731755000059],
              [8.386236526000062, 49.198255807000066],
              [8.385015524000039, 49.198300673000062],
              [8.382949103000044, 49.190157366000051],
              [8.382023547000074, 49.187421411000059],
              [8.381210559000067, 49.18568633700005],
              [8.380022957000051, 49.183949657000028],
              [8.377448979000064, 49.180621869000049],
              [8.369840650000071, 49.170757062000064],
              [8.368945758000052, 49.169284419000064],
              [8.368431128000054, 49.168052405000026],
              [8.367625062000059, 49.164248677000046],
              [8.368737438000039, 49.160814388000063],
              [8.370576224000047, 49.158014797000078],
              [8.371045870000046, 49.157321834000072],
              [8.372021419000021, 49.155631511000081],
              [8.372541043000069, 49.153727165000078],
              [8.372708393000039, 49.151981292000073],
              [8.371697036000057, 49.147543829000028],
              [8.371113365000042, 49.145229130000075],
              [8.36738006500002, 49.129464823000035],
              [8.364159606000044, 49.116724696000063],
              [8.36179353600005, 49.108248060000051],
              [8.360372220000045, 49.103208822000056],
              [8.359554202000027, 49.10125854000006],
              [8.358091294000076, 49.097784195000031],
              [8.354612072000066, 49.093128417000059],
              [8.350523286000055, 49.088946732000068],
              [8.349972372000025, 49.088396250000073],
              [8.345907401000034, 49.084619772000053],
              [8.342043455000066, 49.081642740000063],
              [8.340779932000032, 49.080723663000072],
              [8.339969985000039, 49.080150135000054],
              [8.331265668000071, 49.07388605400007],
              [8.328181060000077, 49.071564446000082],
              [8.323954542000024, 49.068053947000067],
              [8.320537716000047, 49.064959800000054],
              [8.318255505000025, 49.062544021000065],
              [8.316435836000039, 49.060480060000032],
              [8.314421105000065, 49.057926573000032],
              [8.311686690000045, 49.05430717400003],
              [8.308710804000043, 49.049955700000055],
              [8.30620835600007, 49.045371485000032],
              [8.304136846000063, 49.040651707000052],
              [8.302617633000068, 49.03523188500003],
              [8.301847473000066, 49.030706420000058],
              [8.301124523000055, 49.027140080000038],
              [8.300623271000063, 49.024322766000068],
              [8.300188211000034, 49.021743408000077],
              [8.299612963000072, 49.01966320400004],
              [8.298656648000076, 49.016816001000052],
              [8.297374095000066, 49.013505250000037],
              [8.295935523000026, 49.010762797000041],
              [8.293095738000034, 49.005853322000064],
              [8.291529178000076, 49.003590601000042],
              [8.287596667000059, 48.998427462000052],
              [8.285814950000031, 48.996563729000059],
              [8.284193802000061, 48.994988844000034],
              [8.281810323000059, 48.992998830000033],
              [8.279879257000061, 48.991560571000036],
              [8.27734896100003, 48.989938940000059],
              [8.272043802000042, 48.986901431000035],
              [8.269625599000051, 48.985609842000031],
              [8.261284157000034, 48.980916852000064],
              [8.255476427000076, 48.977920846000075],
              [8.246793360000026, 48.973282857000072],
              [8.239231978000021, 48.969264873000043],
              [8.236776414000076, 48.968191758000046],
              [8.235328500000037, 48.967558829000041],
              [8.232632820000049, 48.966571447000035],
              [8.232363957000075, 48.966476004000071],
              [8.227931383000055, 48.96515832700004],
              [8.202893133000032, 48.959793928000067],
              [8.198662262000028, 48.958128772000066],
              [8.196392617000072, 48.95650110400004],
              [8.193613842000047, 48.953957320000029],
              [8.191769471000043, 48.951629394000065],
              [8.187387178000051, 48.945372579000036],
              [8.184878023000067, 48.942060613000081],
              [8.179195118000052, 48.934588747000078],
              [8.177624893000029, 48.932938741000044],
              [8.169517402000054, 48.92545386200004],
              [8.16549814900003, 48.921581529000036],
              [8.163854862000051, 48.919981417000031],
              [8.155764275000024, 48.912290089000066],
              [8.153487765000023, 48.909910632000049],
              [8.146550012000034, 48.902290939000068],
              [8.140834545000075, 48.89502139800004],
              [8.135195, 48.887545253000042],
              [8.130365230000052, 48.880518509000069],
              [8.127630515000021, 48.876113776000068],
              [8.121470676000058, 48.86496057200003],
              [8.119889096000065, 48.86161545200008],
              [8.115653744000042, 48.85261666100007],
              [8.115048168000044, 48.851367264000032],
              [8.114551991000042, 48.850343525000028],
              [8.113236143000051, 48.847435919000077],
              [8.110760265000067, 48.842064915000037],
              [8.107652912000049, 48.833207534000053],
              [8.106416986000056, 48.828498769000078],
              [8.105921178000074, 48.826609528000063],
              [8.104707791000067, 48.822592149000059],
              [8.103828136000061, 48.820122499000036],
              [8.101174011000069, 48.815926216000037],
              [8.094314760000032, 48.808345757000041],
              [8.087040460000026, 48.802033583000082],
              [8.084135146000051, 48.79984034000006],
              [8.076391193000063, 48.794700928000054],
              [8.072227668000039, 48.792353201000026],
              [8.068372918000023, 48.790754855000046],
              [8.064705748000051, 48.789731858000039],
              [8.061536937000028, 48.789119630000073],
              [8.058866388000069, 48.788918211000066],
              [8.056439200000057, 48.789036335000048],
              [8.054793244000052, 48.789285266000036],
              [8.054130070000042, 48.789385554000035],
              [8.051635200000021, 48.789987761000077],
              [8.049102838000067, 48.790474810000035],
              [8.046884292000072, 48.790740171000039],
              [8.044674377000035, 48.790834262000033],
              [8.041557622000028, 48.790752978000057],
              [8.035055655000065, 48.789529310000034],
              [8.032304104000048, 48.788360694000062],
              [8.030278977000023, 48.787372959000038],
              [8.028775069000062, 48.786339628000064],
              [8.027246927000022, 48.784934335000059],
              [8.026478736000058, 48.783888757000057],
              [8.025803006000046, 48.782161305000045],
              [8.02355158000006, 48.769702693000056],
              [8.021893686000055, 48.766987933000053],
              [8.019723742000053, 48.764625443000057],
              [8.01710924300005, 48.762510106000036],
              [8.014333371000021, 48.761019618000034],
              [8.011193375000062, 48.75989230700003],
              [8.00777114300007, 48.759215687000051],
              [8.004630618000022, 48.758945253000036],
              [8.001481324000054, 48.758845948000044],
              [7.998577788000034, 48.759009209000055],
              [7.995986728000048, 48.759385254000051],
              [7.986679753000033, 48.76096928000004],
              [7.984682458000066, 48.761152665000054],
              [7.98256748600005, 48.761104794000062],
              [7.980375071000026, 48.76088371000003],
              [7.977977232000057, 48.760457933000055],
              [7.975591295000072, 48.75980381800008],
              [7.973644447000027, 48.759016780000081],
              [7.972005719000038, 48.758122435000075],
              [7.97072866000002, 48.756922029000066],
              [7.969645094000043, 48.755326034000063],
              [7.968908333000059, 48.753709358000037],
              [7.967155081000044, 48.746726994000028],
              [7.967004762000045, 48.745466506000071],
              [7.967065596000054, 48.740153958000064],
              [7.967735336000032, 48.729815890000054],
              [7.966980991000071, 48.726280402000043],
              [7.96479015500006, 48.723431993000077],
              [7.964141432000076, 48.722571358000039],
              [7.963298357000042, 48.721526317000041],
              [7.959630743000048, 48.718581083000061],
              [7.92460204300005, 48.690554734000045],
              [7.916528509000045, 48.683906438000065],
              [7.89626174600005, 48.667236079000077],
              [7.889976099000023, 48.662598306000064],
              [7.881261148000021, 48.658451735000028],
              [7.861734304000038, 48.650592516000074],
              [7.848096345000044, 48.646910941000044],
              [7.844784298000036, 48.645391975000052],
              [7.841996108000046, 48.643732491000037],
              [7.839740455000026, 48.641275863000033],
              [7.838039494000043, 48.638859498000045],
              [7.836114438000038, 48.634089171000028],
              [7.835782975000029, 48.63319937600005],
              [7.833150829000033, 48.625235627000052],
              [7.83032305200004, 48.619867606000071],
              [7.824798957000041, 48.61393957000007],
              [7.820420035000041, 48.609257704000072],
              [7.810844241000041, 48.599015738000048],
              [7.804823882000051, 48.592579719000071],
              [7.802141386000073, 48.58884316700005],
              [7.800291523000055, 48.584038064000026],
              [7.800249939000025, 48.578665151000052],
              [7.801161575000037, 48.575526323000076],
              [7.801722764000033, 48.573593906000042],
              [7.805358050000052, 48.561072333000027],
              [7.80540884800007, 48.558680097000035],
              [7.805461325000067, 48.556037773000071],
              [7.805503565000038, 48.553283604000057],
              [7.805573066000022, 48.55030696700004],
              [7.804801799000074, 48.546113139000056],
              [7.803505934000043, 48.538281230000052],
              [7.803440489000025, 48.536870260000057],
              [7.803586034000034, 48.535273978000077],
              [7.803900248000048, 48.53373894200007],
              [7.806589486000064, 48.523544991000051],
              [7.806760612000062, 48.520169558000077],
              [7.806109474000039, 48.516382724000039],
              [7.803943709000066, 48.511216296000043],
              [7.800412769000047, 48.506645011000046],
              [7.797146991000034, 48.503508485000054],
              [7.795090489000074, 48.501829838000049],
              [7.791875956000069, 48.500156402000073],
              [7.784525229000053, 48.497357281000063],
              [7.783351067000069, 48.496910092000064],
              [7.771469361000072, 48.492460570000048],
              [7.770242855000049, 48.491395551000039],
              [7.768200958000023, 48.489662532000068],
              [7.766948389000049, 48.487130190000073],
              [7.76712, 48.478516267000032],
              [7.767104900000049, 48.474944912000069],
              [7.76653510400007, 48.46516065600008],
              [7.766024660000028, 48.46046294000007],
              [7.76503754600003, 48.456610461000025],
              [7.762852872000053, 48.451029050000045],
              [7.761669432000076, 48.448499575000028],
              [7.760221866000052, 48.445978320000052],
              [7.752296553000065, 48.432609860000071],
              [7.744838830000049, 48.419548580000026],
              [7.740833119000058, 48.412639015000082],
              [7.739864991000047, 48.411047889000031],
              [7.739431220000029, 48.410289641000077],
              [7.735803547000046, 48.403947340000059],
              [7.734009227000058, 48.399611875000062],
              [7.733153240000036, 48.397203508000075],
              [7.731640322000032, 48.391704134000065],
              [7.730902377000064, 48.383656286000075],
              [7.731061132000036, 48.381882460000043],
              [7.731872087000056, 48.376378450000061],
              [7.734756533000052, 48.366913681000028],
              [7.738670754000054, 48.354656228000067],
              [7.745173818000069, 48.335108687000059],
              [7.745614256000067, 48.332548631000066],
              [7.745217809000053, 48.329765574000078],
              [7.744638259000055, 48.327810935000059],
              [7.74344930500007, 48.325465791000056],
              [7.741833920000033, 48.323598803000039],
              [7.739841599000044, 48.321731725000063],
              [7.737080374000072, 48.319610099000045],
              [7.734337451000044, 48.318297713000049],
              [7.731626347000031, 48.317189109000026],
              [7.713830932000064, 48.312502978000055],
              [7.710442503000024, 48.311607507000076],
              [7.706216053000048, 48.310214211000073],
              [7.703458813000054, 48.30895627600006],
              [7.698801887000059, 48.306192832000079],
              [7.695336642000029, 48.30335156600006],
              [7.693568868000057, 48.301723063000054],
              [7.691642885000022, 48.299091826000051],
              [7.689769979000062, 48.295067369000037],
              [7.689199506000023, 48.292530266000028],
              [7.689239766000071, 48.280793628000026],
              [7.688425811000059, 48.27853261000007],
              [7.680713205000075, 48.25726676000005],
              [7.679886165000028, 48.254985271000066],
              [7.679174251000063, 48.253156322000052],
              [7.678994424000052, 48.252686221000033],
              [7.671982957000068, 48.23455767400003],
              [7.668477869000071, 48.225515777000055],
              [7.667612965000046, 48.223937081000031],
              [7.665698789000032, 48.22047802700007],
              [7.664390612000034, 48.219215757000029],
              [7.660983319000024, 48.216811707000033],
              [7.647406988000057, 48.209973743000035],
              [7.644118373000026, 48.207270336000079],
              [7.641871964000075, 48.204009141000029],
              [7.637136774000055, 48.19588789200003],
              [7.63707587500005, 48.195778346000054],
              [7.629518983000025, 48.183705693000036],
              [7.615177534000054, 48.170878813000058],
              [7.613795770000024, 48.169672965000075],
              [7.606215677000023, 48.163184940000065],
              [7.60331885100004, 48.16062329600004],
              [7.601754397000036, 48.159177302000046],
              [7.600603270000022, 48.157717112000057],
              [7.599751662000074, 48.156264817000078],
              [7.599360104000027, 48.155276187000027],
              [7.599107618000062, 48.153901378000057],
              [7.598907496000038, 48.152780882000059],
              [7.598982847000059, 48.151503572000081],
              [7.599137479000035, 48.150153105000072],
              [7.59956291900005, 48.147688233000054],
              [7.600318376000075, 48.144154656000069],
              [7.600569113000063, 48.14247621800007],
              [7.600492373000066, 48.140731138000035],
              [7.600202103000072, 48.13880010500003],
              [7.599539080000056, 48.13709964800006],
              [7.598775830000022, 48.135576853000032],
              [7.597605661000046, 48.13410340300004],
              [7.596378340000058, 48.132838795000055],
              [7.594315397000059, 48.131281588000036],
              [7.591885946000048, 48.129894463000028],
              [7.589119994000043, 48.128799851000053],
              [7.586611439000023, 48.127951937000034],
              [7.584022224000023, 48.12695155800003],
              [7.582279310000047, 48.126063772000066],
              [7.58055960300004, 48.124785891000045],
              [7.579413678000037, 48.123673513000028],
              [7.578328654000074, 48.122292270000059],
              [7.578006627000036, 48.121583357000077],
              [7.577585310000075, 48.120655839000051],
              [7.576981640000042, 48.119056389000036],
              [7.577177366000058, 48.117118371000061],
              [7.577291150000065, 48.115654984000059],
              [7.577409961000058, 48.114785496000081],
              [7.579367240000067, 48.106479968000031],
              [7.579558385000041, 48.104943350000042],
              [7.57935573900005, 48.102069715000027],
              [7.579012269000032, 48.099786247000054],
              [7.576003538000066, 48.093912483000054],
              [7.573677353000051, 48.091025622000075],
              [7.571614271000044, 48.08846060500008],
              [7.569952814000033, 48.084790742000052],
              [7.569174474000022, 48.080046920000029],
              [7.569943457000022, 48.075245503000076],
              [7.573380567000072, 48.059648054000036],
              [7.573904759000072, 48.054856087000076],
              [7.573518617000047, 48.050772652000035],
              [7.572554301000025, 48.046394125000063],
              [7.568983103000051, 48.038401211000064],
              [7.568529047000027, 48.035184229000038],
              [7.570060996000052, 48.032202578000067],
              [7.571659434000026, 48.030356174000076],
              [7.577952149000055, 48.025333585000055],
              [7.581496343000026, 48.022549408000032],
              [7.583196789000056, 48.02120661400005],
              [7.590241626000022, 48.015693424000062],
              [7.603506713000058, 48.00519302400005],
              [7.606877745000077, 48.002140440000062],
              [7.610186775000045, 47.99868628400003],
              [7.613442076000069, 47.994687982000073],
              [7.616113780000035, 47.990474315000029],
              [7.618514332000075, 47.985796508000078],
              [7.62165112100007, 47.976511307000067],
              [7.621966583000074, 47.974748882000029],
              [7.621952270000065, 47.972806428000069],
              [7.621589928000049, 47.970997624000063],
              [7.620942016000072, 47.968981388000032],
              [7.617097158000036, 47.963453793000042],
              [7.612941387000035, 47.958201906000056],
              [7.611554944000034, 47.956492210000079],
              [7.609557865000056, 47.954229996000038],
              [7.607700401000045, 47.952553001000069],
              [7.604534935000061, 47.949984571000073],
              [7.591557471000044, 47.940072780000037],
              [7.587991154000065, 47.937121915000034],
              [7.585808736000047, 47.934850589000064],
              [7.583896538000033, 47.932329026000048],
              [7.58246979300003, 47.92986340300007],
              [7.581063151000023, 47.926817297000071],
              [7.580551626000045, 47.924150084000075],
              [7.580667242000061, 47.920775768000055],
              [7.580722458000025, 47.919164076000072],
              [7.582348789000037, 47.907998001000067],
              [7.582654363000074, 47.905541537000033],
              [7.582926935000046, 47.903417009000066],
              [7.582792905000076, 47.901369873000078],
              [7.582235659000048, 47.899298755000075],
              [7.581627489000027, 47.898012348000066],
              [7.580789443000072, 47.896461360000046],
              [7.579778034000071, 47.894892159000051],
              [7.578420770000037, 47.893427938000059],
              [7.576515818000075, 47.891891928000064],
              [7.574890870000047, 47.890648970000029],
              [7.57258771000005, 47.889387818000046],
              [7.569021356000064, 47.887949942000034],
              [7.56673548200007, 47.887117508000074],
              [7.564500543000065, 47.886143599000036],
              [7.562450498000032, 47.884917585000039],
              [7.56046329000003, 47.883350514000028],
              [7.558898375000069, 47.881823334000046],
              [7.557918467000036, 47.88045468200005],
              [7.556984390000025, 47.879030139000065],
              [7.556309759000044, 47.877526903000046],
              [7.555774685000074, 47.875597126000059],
              [7.555538728000045, 47.874079067000025],
              [7.555469393000067, 47.872392233000028],
              [7.555442440000036, 47.870706544000029],
              [7.555598572000065, 47.868797323000081],
              [7.555963165000037, 47.866950842000051],
              [7.556583662000037, 47.865082702000052],
              [7.557607502000053, 47.862854171000038],
              [7.560042975000044, 47.859007265000059],
              [7.561259721000056, 47.857098053000072],
              [7.562122224000063, 47.855436325000028],
              [7.562855886000023, 47.853799687000048],
              [7.56330312700004, 47.851983996000058],
              [7.563616441000022, 47.849564985000029],
              [7.563567129000035, 47.846822088000067],
              [7.563319632000059, 47.844559350000054],
              [7.562921404000065, 47.842692371000055],
              [7.562164050000035, 47.840444476000073],
              [7.560995129000048, 47.837985591000063],
              [7.560031278000054, 47.836360397000078],
              [7.559094583000046, 47.834992946000057],
              [7.557795482000074, 47.833301582000047],
              [7.554301664000036, 47.829294928000081],
              [7.552515175000053, 47.82724765100005],
              [7.551184357000068, 47.825384006000036],
              [7.549950208000041, 47.82332305400007],
              [7.54888549900005, 47.821266671000046],
              [7.547625499000048, 47.818021870000052],
              [7.546875687000068, 47.815217306000079],
              [7.546446699000057, 47.814126356000031],
              [7.545368057000076, 47.811550711000052],
              [7.54107546900002, 47.803457300000048],
              [7.532145442000058, 47.787783168000033],
              [7.530211953000048, 47.783140543000059],
              [7.529846167000073, 47.781258247000039],
              [7.529674689000046, 47.778080101000057],
              [7.529937539000059, 47.77525406500007],
              [7.530173969000032, 47.773671040000067],
              [7.530711395000026, 47.771772374000079],
              [7.533384803000047, 47.766038910000077],
              [7.539846115000046, 47.754351345000032],
              [7.545990552000035, 47.743574167000077],
              [7.54810770000006, 47.739474571000073],
              [7.548529403000032, 47.735078989000044],
              [7.547602745000063, 47.729819453000061],
              [7.545654538000065, 47.725377640000033],
              [7.543703549000043, 47.722329762000072],
              [7.542454515000031, 47.720860195000057],
              [7.541155854000067, 47.719575623000026],
              [7.539905815000054, 47.718363745000033],
              [7.53833899600005, 47.717143236000027],
              [7.536763737000058, 47.716065252000078],
              [7.53549472100002, 47.715174053000055],
              [7.533963866000022, 47.714240011000072],
              [7.520916464000038, 47.706923449000044],
              [7.517719544000045, 47.705124070000068],
              [7.514538592000065, 47.70265605000003],
              [7.51352582100003, 47.701773861000049],
              [7.512985437000054, 47.70101255000003],
              [7.512309793000043, 47.69984280500006],
              [7.512063131000048, 47.699064874000044],
              [7.511931491000041, 47.698218542000063],
              [7.511905614000057, 47.69748433500007],
              [7.511871830000075, 47.69603752200004],
              [7.51231404300006, 47.694905343000073],
              [7.516260149000061, 47.689761256000054],
              [7.518879840000068, 47.68469662900003],
              [7.519474939000077, 47.680370044000028],
              [7.519005905000029, 47.672658696000042],
              [7.519557873000053, 47.668123094000066],
              [7.521079276000023, 47.663847891000046],
              [7.524665815000048, 47.660204774000078],
              [7.530661495000061, 47.654774726000028],
              [7.537903380000046, 47.64918050700004],
              [7.546461364000038, 47.644475984000053],
              [7.560823805000041, 47.637220985000056],
              [7.564116558000023, 47.634863836000079],
              [7.566965295000045, 47.632134903000065],
              [7.567361073000029, 47.631740895000064],
              [7.570348224000043, 47.626884297000061],
              [7.572253726000042, 47.619606418000046],
              [7.574298270000043, 47.615830517000063],
              [7.587857174000021, 47.607777454000029],
              [7.591445950000036, 47.604168585000082],
              [7.593037355000035, 47.600829938000061],
              [7.592238602000066, 47.595619833000057],
              [7.589193490000071, 47.58972908700008],
              [7.590353790000052, 47.589436439000053],
              [7.592270509000059, 47.588980809000077],
              [7.593413741000063, 47.58870902700005],
              [7.59580298000003, 47.588123986000028],
              [7.598578538000027, 47.587444266000034],
              [7.601454888000035, 47.586300092000045],
              [7.60230699300007, 47.585961112000064],
              [7.603535629000021, 47.585408628000039],
              [7.604350740000029, 47.585066798000071],
              [7.604925079000054, 47.584825933000047],
              [7.604626696000025, 47.583559039000079],
              [7.60404834600007, 47.581394432000081],
              [7.605171928000061, 47.580129476000081],
              [7.605359587000066, 47.579873698000029],
              [7.604484107000076, 47.577791105000074],
              [7.606385937000027, 47.577994661000048],
              [7.610031758000048, 47.578145687000074],
              [7.612784692000048, 47.578110995000031],
              [7.615464257000042, 47.577966378000042],
              [7.617547488000071, 47.577563077000036],
              [7.619266007000022, 47.576878390000047],
              [7.625244015000021, 47.579826302000072],
              [7.62786253400003, 47.581199459000061],
              [7.628526645000022, 47.581666632000065],
              [7.634116542000072, 47.585924866000028],
              [7.636561924000034, 47.588452122000035],
              [7.639497360000064, 47.590336911000065],
              [7.643163598000058, 47.591305637000062],
              [7.642914743000063, 47.591703747000054],
              [7.642526445000044, 47.592215089000035],
              [7.641907705000051, 47.593035099000076],
              [7.64190704400005, 47.593477429000075],
              [7.641906002000042, 47.594176548000064],
              [7.645777276000047, 47.596949573000074],
              [7.647312695000039, 47.59660322700006],
              [7.648457479000058, 47.596345524000071],
              [7.649076841000067, 47.596208908000051],
              [7.649817724000059, 47.596039507000057],
              [7.651206044000048, 47.595707233000041],
              [7.652430333000041, 47.595685374000027],
              [7.653220928000053, 47.595586055000069],
              [7.655510058000061, 47.595298448000051],
              [7.657022405000021, 47.594888418000039],
              [7.662050413000031, 47.593671034000067],
              [7.664094147000071, 47.593031999000061],
              [7.66724771500003, 47.592044198000053],
              [7.671302197000045, 47.592042009000068],
              [7.675024597000061, 47.592040566000037],
              [7.675480810000067, 47.593102332000058],
              [7.677553681000063, 47.595000068000047],
              [7.678737065000064, 47.595839726000065],
              [7.679722562000052, 47.596448211000052],
              [7.680698652000046, 47.597222986000077],
              [7.681461915000057, 47.597409331000051],
              [7.682944029000055, 47.598565984000061],
              [7.684775893000051, 47.598827590000042],
              [7.687543174000041, 47.598720814000046],
              [7.688526630000069, 47.598746266000035],
              [7.689326412000071, 47.598909707000075],
              [7.690503833000037, 47.599237555000059],
              [7.691694135000034, 47.599648994000063],
              [7.692990744000042, 47.600669855000035],
              [7.693596586000069, 47.60053085800007],
              [7.692561267000031, 47.599243150000063],
              [7.691634281000063, 47.598529235000058],
              [7.690035185000056, 47.597571909000067],
              [7.688018228000033, 47.597162852000054],
              [7.684670030000063, 47.596659792000025],
              [7.683815533000029, 47.596221291000063],
              [7.683027196000069, 47.595546580000075],
              [7.681400548000056, 47.593838969000046],
              [7.68042586100006, 47.593040446000032],
              [7.679658111000037, 47.592367080000031],
              [7.677460286000041, 47.591275905000032],
              [7.676116609000076, 47.590359757000044],
              [7.673385232000044, 47.588533537000046],
              [7.671741323000049, 47.587359459000027],
              [7.671818422000058, 47.586705041000073],
              [7.671979152000063, 47.585293842000056],
              [7.67200426900007, 47.585073312000077],
              [7.674312943000075, 47.584440999000037],
              [7.677350422000075, 47.583611769000072],
              [7.680023381000069, 47.582880900000077],
              [7.680698626000037, 47.58269161100003],
              [7.681163277000053, 47.580590538000081],
              [7.681720189000032, 47.578033269000059],
              [7.681827791000046, 47.577541500000052],
              [7.683711330000051, 47.57666418000008],
              [7.683730672000024, 47.573976077000054],
              [7.685845189000077, 47.573005805000037],
              [7.688842047000037, 47.572409023000034],
              [7.689521708000029, 47.571484805000068],
              [7.689373404000037, 47.571235841000032],
              [7.688886341000057, 47.570449928000073],
              [7.687996063000071, 47.56927591300007],
              [7.687372818000028, 47.568549411000049],
              [7.687188031000062, 47.568292851000081],
              [7.687029780000046, 47.568036978000066],
              [7.686839855000073, 47.567636414000049],
              [7.685943343000076, 47.565634965000072],
              [7.683796740000048, 47.568233734000046],
              [7.683409336000068, 47.56855676400005],
              [7.683449826000071, 47.568998279000027],
              [7.683583211000041, 47.570452676000059],
              [7.683414608000021, 47.571257206000041],
              [7.681583040000021, 47.570698175000075],
              [7.680347595000057, 47.570166487000051],
              [7.678302728000062, 47.569030870000063],
              [7.677689003000069, 47.567765879000035],
              [7.675127873000065, 47.565510488000029],
              [7.677222389000065, 47.565030947000025],
              [7.677264098000023, 47.56379359500005],
              [7.676258376000021, 47.563553324000054],
              [7.675675819000048, 47.563489078000032],
              [7.674680971000043, 47.563476605000062],
              [7.672325256000022, 47.563770545000068],
              [7.672292055000071, 47.565523112000051],
              [7.67013324100003, 47.565871511000068],
              [7.665574053000057, 47.565071193000051],
              [7.664238190000049, 47.565381289000072],
              [7.658840523000038, 47.564490762000048],
              [7.656792411000026, 47.563116728000068],
              [7.656187920000036, 47.562315780000063],
              [7.654680521000046, 47.562410407000073],
              [7.650559849000047, 47.560827652000057],
              [7.648129296000036, 47.559891611000069],
              [7.647148446000074, 47.560283049000077],
              [7.644281685000067, 47.561427033000029],
              [7.641332940000041, 47.561187579000034],
              [7.638939526000058, 47.562842027000045],
              [7.636398799000062, 47.564118529000041],
              [7.636097393000057, 47.563706121000052],
              [7.635145906000048, 47.56249589600003],
              [7.63445426800007, 47.561599733000037],
              [7.634097006000047, 47.561113722000073],
              [7.636385593000057, 47.560296766000079],
              [7.637898965000034, 47.559651473000031],
              [7.638949049000075, 47.558993951000048],
              [7.640276364000044, 47.557915477000051],
              [7.64219528700005, 47.55608171800003],
              [7.643590751000033, 47.554548209000075],
              [7.645500023000068, 47.552143158000035],
              [7.646503237000047, 47.550827702000049],
              [7.647367006000025, 47.549736973000051],
              [7.648126921000028, 47.548986103000061],
              [7.649228549000043, 47.548158556000033],
              [7.65035755100007, 47.547588663000056],
              [7.651653310000029, 47.547051684000053],
              [7.652683373000059, 47.546736116000034],
              [7.653962780000029, 47.546484175000046],
              [7.657653448000076, 47.546095543000035],
              [7.658801623000045, 47.545925758000067],
              [7.659702054000036, 47.54566383100007],
              [7.660654338000029, 47.545231958000045],
              [7.661444704000075, 47.544681647000061],
              [7.662158976000057, 47.543986594000046],
              [7.662585025000055, 47.543169808000073],
              [7.663284935000036, 47.541246765000039],
              [7.663774162000038, 47.54006049000003],
              [7.664603389000035, 47.538826002000064],
              [7.66550215500007, 47.537850264000042],
              [7.666476962000047, 47.53701925200005],
              [7.66761849300002, 47.536221134000073],
              [7.668920256000035, 47.535569928000029],
              [7.670427592000067, 47.535009715000058],
              [7.675140445000068, 47.533676509000031],
              [7.678216388000067, 47.532957172000067],
              [7.680172017000075, 47.532665423000026],
              [7.68266674900002, 47.532530380000026],
              [7.685575940000035, 47.532520223000063],
              [7.687771173000044, 47.532462941000063],
              [7.690432634000047, 47.532360589000064],
              [7.692624641000066, 47.532360222000079],
              [7.694431389000044, 47.532464044000051],
              [7.696353182000053, 47.532770647000063],
              [7.698179581000034, 47.533274591000065],
              [7.69970655000003, 47.533856423000032],
              [7.701058766000074, 47.534547918000044],
              [7.70232683100005, 47.535237226000049],
              [7.703643432000035, 47.535813578000045],
              [7.704879075000065, 47.536330731000078],
              [7.707914538000068, 47.537051077000058],
              [7.709486181000045, 47.53761976800007],
              [7.71067344100004, 47.538249802000053],
              [7.711907620000034, 47.538795384000025],
              [7.713149808000026, 47.539198415000044],
              [7.714264125000057, 47.539626697000074],
              [7.715457873000048, 47.540142651000053],
              [7.717058295000072, 47.540925953000055],
              [7.718041602000028, 47.541436481000062],
              [7.719118688000037, 47.541778114000067],
              [7.719998025000052, 47.541886284000043],
              [7.721217356000068, 47.541946056000029],
              [7.722396180000032, 47.541976230000046],
              [7.724067496000032, 47.542247373000066],
              [7.725576782000076, 47.542400155000053],
              [7.727382376000037, 47.542531938000081],
              [7.729863191000049, 47.542652377000081],
              [7.731544086000042, 47.542752360000065],
              [7.737673553000036, 47.543222552000032],
              [7.745689876000029, 47.543883032000053],
              [7.748747639000044, 47.544246059000045],
              [7.749879705000069, 47.544360391000055],
              [7.75105230500003, 47.544504285000073],
              [7.752050198000063, 47.544757935000064],
              [7.753500234000057, 47.545222852000052],
              [7.754359259000069, 47.545701349000069],
              [7.754962523000074, 47.546230467000044],
              [7.756569718000037, 47.547669943000074],
              [7.757138780000048, 47.548055445000045],
              [7.757714135000072, 47.548326911000061],
              [7.75845141700006, 47.548529014000053],
              [7.759201506000068, 47.548707465000064],
              [7.761153350000029, 47.549197307000043],
              [7.762121914000033, 47.549455517000069],
              [7.764045810000027, 47.549971575000029],
              [7.765014898000061, 47.550220780000075],
              [7.76598498200002, 47.550452018000044],
              [7.767534690000048, 47.550769770000045],
              [7.769862430000046, 47.551316606000057],
              [7.771563922000041, 47.551816146000078],
              [7.773307558000056, 47.552316718000043],
              [7.774981059000027, 47.552558572000066],
              [7.777496801000041, 47.552821523000034],
              [7.780818921000048, 47.552990426000065],
              [7.782534594000026, 47.55323321700007],
              [7.784197277000032, 47.553674489000059],
              [7.785519979000071, 47.554164331000038],
              [7.786730362000071, 47.554394420000051],
              [7.78781907900003, 47.554535814000076],
              [7.788856366000061, 47.554847197000072],
              [7.789809453000032, 47.555356255000049],
              [7.790821917000073, 47.555923974000052],
              [7.792143193000072, 47.556442245000028],
              [7.793723391000071, 47.556852762000062],
              [7.794885561000058, 47.557195747000037],
              [7.795547008000028, 47.557440606000057],
              [7.796121131000064, 47.557740380000041],
              [7.796401999000068, 47.558004302000029],
              [7.796574290000024, 47.558456085000046],
              [7.797659897000074, 47.559691374000067],
              [7.79819999700004, 47.56061833800004],
              [7.798942973000067, 47.56169308300008],
              [7.799863747000074, 47.562600960000054],
              [7.801116878000073, 47.563602732000049],
              [7.802702398000065, 47.564698389000057],
              [7.804089734000058, 47.565560721000054],
              [7.805690824000067, 47.566371244000038],
              [7.80717794100002, 47.566950535000046],
              [7.808619882000073, 47.567585781000048],
              [7.809807569000043, 47.568243257000063],
              [7.810575573000051, 47.568861779000031],
              [7.811172010000064, 47.569533144000047],
              [7.81167931400006, 47.570456904000025],
              [7.812410674000034, 47.571590686000036],
              [7.812745156000062, 47.572426845000052],
              [7.813017496000043, 47.573632586000031],
              [7.81356738900007, 47.576729344000057],
              [7.813871128000073, 47.57813569800004],
              [7.814229336000039, 47.579315015000077],
              [7.814642012000036, 47.580267297000034],
              [7.816218777000074, 47.583103957000048],
              [7.817198389000055, 47.584498454000027],
              [7.818054713000038, 47.585832803000073],
              [7.818646842000021, 47.586589665000076],
              [7.819248211000058, 47.58717546500003],
              [7.82003506500007, 47.587451811000051],
              [7.822076966000054, 47.587930382000081],
              [7.823085303000028, 47.588012328000048],
              [7.824352631000068, 47.587986453000042],
              [7.831666871000039, 47.586938792000069],
              [7.832737227000052, 47.586651052000036],
              [7.833658100000036, 47.586248033000061],
              [7.834297101000061, 47.585890003000031],
              [7.834873961000028, 47.58536175100005],
              [7.83532897300006, 47.584744863000026],
              [7.835827639000058, 47.584100499000044],
              [7.836446600000045, 47.583573271000034],
              [7.837313797000036, 47.583137770000064],
              [7.83813426200004, 47.582786760000033],
              [7.839419755000051, 47.582418586000074],
              [7.840825542000061, 47.582167533000074],
              [7.841669815000046, 47.582159650000051],
              [7.842806003000021, 47.582215996000059],
              [7.844363568000063, 47.582282633000034],
              [7.84650954500006, 47.582392169000059],
              [7.848312347000046, 47.582607477000067],
              [7.849860816000046, 47.582845097000074],
              [7.851732743000071, 47.583347507000042],
              [7.853430082000045, 47.583959820000075],
              [7.855207192000023, 47.58465969100007],
              [7.856562948000033, 47.58534927900007],
              [7.85807821700007, 47.586214014000063],
              [7.859262460000025, 47.58695649200007],
              [7.860421244000065, 47.587384316000055],
              [7.86183290300005, 47.587818269000081],
              [7.863383111000076, 47.588027186000033],
              [7.865702808000037, 47.588207655000076],
              [7.869603236000046, 47.588769482000032],
              [7.871376283000075, 47.588755301000049],
              [7.873280279000028, 47.588658615000043],
              [7.87497957000005, 47.588442763000046],
              [7.876541886000041, 47.588423406000061],
              [7.880869155000028, 47.588784738000072],
              [7.883015492000027, 47.588893554000038],
              [7.885170834000064, 47.588831262000042],
              [7.887508230000037, 47.58851638200008],
              [7.889683008000077, 47.588083358000063],
              [7.891352032000043, 47.587638148000053],
              [7.892772654000055, 47.587101312000073],
              [7.894107256000041, 47.586375161000035],
              [7.895288618000052, 47.585791414000028],
              [7.896597648000068, 47.584966387000065],
              [7.898039023000024, 47.584030329000029],
              [7.899186859000054, 47.583058679000032],
              [7.900328689000048, 47.58220106300007],
              [7.901720327000021, 47.581406504000029],
              [7.903303510000057, 47.580526392000081],
              [7.903832258000023, 47.580131060000042],
              [7.904424629000061, 47.579573529000072],
              [7.906427170000029, 47.577086884000039],
              [7.907962817000055, 47.575179812000044],
              [7.90964107700006, 47.572694914000067],
              [7.910857698000029, 47.570961238000052],
              [7.911185984000042, 47.570063902000072],
              [7.911453858000073, 47.568974565000076],
              [7.911583586000063, 47.567834297000047],
              [7.911354368000048, 47.566828394000026],
              [7.911049905000027, 47.565915978000078],
              [7.910200391000046, 47.564657084000032],
              [7.90827573200005, 47.56241973300007],
              [7.907813408000038, 47.561837019000052],
              [7.907433788000048, 47.561018080000053],
              [7.907330394000041, 47.560301014000061],
              [7.907312173000037, 47.559300145000066],
              [7.908100965000074, 47.556317679000074],
              [7.908421771000064, 47.555563104000043],
              [7.909201443000029, 47.554104887000051],
              [7.90996868700006, 47.552884568000081],
              [7.910500287000048, 47.552135020000037],
              [7.911458508000067, 47.551300363000053],
              [7.912557256000071, 47.550469049000071],
              [7.913515410000059, 47.549634375000039],
              [7.915183721000062, 47.548673688000065],
              [7.916124504000038, 47.548172054000077],
              [7.917130603000032, 47.547767246000035],
              [7.918836973000055, 47.547426719000043],
              [7.920400303000065, 47.547130407000054],
              [7.922031425000057, 47.546883321000053],
              [7.923160753000047, 47.546814856000026],
              [7.924784465000073, 47.54671047000005],
              [7.926606690000028, 47.546848960000034],
              [7.928915938000046, 47.547094232000063],
              [7.930748015000063, 47.547042331000057],
              [7.93250981400007, 47.54698873600006],
              [7.933997867000073, 47.546785727000042],
              [7.935716346000049, 47.546207032000041],
              [7.937720781000053, 47.545539786000063],
              [7.939943324000069, 47.544734732000052],
              [7.942050085000062, 47.544125166000072],
              [7.943210745000044, 47.543818823000038],
              [7.944266351000067, 47.54378659200006],
              [7.945529563000036, 47.543816326000069],
              [7.946734579000065, 47.544158672000037],
              [7.947640470000067, 47.54457960700006],
              [7.948289343000056, 47.545080129000041],
              [7.949238496000021, 47.54610142100006],
              [7.949997735000068, 47.547118431000058],
              [7.950463616000036, 47.547900092000077],
              [7.951177560000076, 47.549601021000058],
              [7.951530053000056, 47.550950920000048],
              [7.951772284000072, 47.551984234000031],
              [7.952078315000051, 47.553418678000071],
              [7.952489034000052, 47.554455947000065],
              [7.953204805000041, 47.555300551000073],
              [7.95413264900003, 47.556121580000081],
              [7.955109932000028, 47.556801033000056],
              [7.956010294000066, 47.55733594700007],
              [7.956719401000043, 47.557694986000058],
              [7.957873590000077, 47.558007584000052],
              [7.959083402000033, 47.558264265000048],
              [7.96047334900004, 47.55829678200007],
              [7.961535069000035, 47.55815033600004],
              [7.962599690000047, 47.557946859000026],
              [7.967138377000026, 47.556597024000041],
              [7.968975574000069, 47.556126053000071],
              [7.970635569000024, 47.555822196000065],
              [7.972628139000051, 47.555611690000035],
              [7.975930672000061, 47.555345973000044],
              [7.981294338000055, 47.555255996000028],
              [7.982740258000035, 47.55528952800006],
              [7.984448519000068, 47.555343840000035],
              [7.986420846000044, 47.555532241000037],
              [7.988972769000043, 47.555933827000047],
              [7.99152904500005, 47.556249819000072],
              [7.994384492000052, 47.556487018000041],
              [7.996152047000066, 47.556556337000075],
              [7.99766689300003, 47.556619804000036],
              [7.999186043000066, 47.556597715000066],
              [8.00147621800005, 47.556336446000046],
              [8.003732833000072, 47.555903091000062],
              [8.006805369000062, 47.555174438000051],
              [8.007966829000054, 47.554715844000043],
              [8.008662124000068, 47.554303632000028],
              [8.010534503000031, 47.553119167000034],
              [8.011747977000027, 47.552461916000027],
              [8.013084914000046, 47.551864571000067],
              [8.014542467000069, 47.551384150000047],
              [8.016503942000043, 47.550943781000058],
              [8.018291239000064, 47.550613575000057],
              [8.019813037000063, 47.550534173000074],
              [8.021771233000038, 47.550514510000028],
              [8.022511190000046, 47.550538689000064],
              [8.023388496000052, 47.550701428000082],
              [8.024296573000072, 47.551093213000058],
              [8.02549379900006, 47.55160575900004],
              [8.026493226000071, 47.551856887000042],
              [8.029929717000073, 47.552277655000069],
              [8.033958720000044, 47.552654684000061],
              [8.036906232000035, 47.552998614000046],
              [8.040485193000052, 47.553687592000074],
              [8.041773927000065, 47.554059307000045],
              [8.043722107000065, 47.554546512000059],
              [8.045557412000051, 47.555143944000065],
              [8.046634221000033, 47.555539353000029],
              [8.048352162000072, 47.556530115000044],
              [8.050239624000028, 47.557675930000073],
              [8.051185950000047, 47.558153981000032],
              [8.052223553000033, 47.558491361000051],
              [8.05304635300007, 47.558909523000068],
              [8.053898673000049, 47.559585240000047],
              [8.054800147000037, 47.56011933700006],
              [8.055742361000057, 47.560682887000041],
              [8.056485180000038, 47.561013589000027],
              [8.057392307000043, 47.561433615000055],
              [8.057998978000057, 47.561961053000061],
              [8.058309387000065, 47.562510370000041],
              [8.058543947000032, 47.562886717000026],
              [8.058947015000058, 47.563266852000027],
              [8.059276301000068, 47.56341999700004],
              [8.059734817000049, 47.563541454000074],
              [8.060156078000034, 47.563550919000079],
              [8.06058630800004, 47.563521354000045],
              [8.061262536000072, 47.56334742100006],
              [8.062199085000032, 47.563168640000072],
              [8.063038807000055, 47.563244575000056],
              [8.064327956000056, 47.563616025000044],
              [8.066150820000075, 47.564284864000058],
              [8.067490512000063, 47.564486144000057],
              [8.068331636000039, 47.564576104000025],
              [8.069175592000022, 47.564523875000077],
              [8.070364895000068, 47.564350682000054],
              [8.071394036000072, 47.564002630000061],
              [8.072258831000056, 47.563565263000044],
              [8.074407089000033, 47.561745209000037],
              [8.076068301000021, 47.560681798000076],
              [8.078019398000038, 47.559583582000073],
              [8.079705193000052, 47.558736313000054],
              [8.08133633500006, 47.558144696000056],
              [8.082620771000052, 47.557745143000034],
              [8.084236619000023, 47.557467125000073],
              [8.086009865000051, 47.557420929000045],
              [8.087693337000076, 47.557486886000049],
              [8.089661994000039, 47.557758953000075],
              [8.091284035000058, 47.558223100000077],
              [8.093187171000068, 47.55897888800007],
              [8.095582068000056, 47.560030968000035],
              [8.097179452000034, 47.561008263000076],
              [8.098363902000074, 47.561805141000036],
              [8.099332258000061, 47.562711403000037],
              [8.100208142000042, 47.563786875000062],
              [8.100869300000056, 47.564943227000072],
              [8.101470488000075, 47.566469319000078],
              [8.101915562000045, 47.567735068000047],
              [8.10231118300004, 47.57002729900006],
              [8.102420146000043, 47.572141941000041],
              [8.102458126000045, 47.573891318000051],
              [8.102693073000069, 47.575230697000052],
              [8.103135728000041, 47.57636274400005],
              [8.104210050000063, 47.577890202000049],
              [8.105171961000053, 47.578938993000065],
              [8.106670765000047, 47.580227957000034],
              [8.108302930000036, 47.581377117000045],
              [8.109483932000046, 47.582259429000032],
              [8.110553615000072, 47.582825297000056],
              [8.111713088000045, 47.583278952000057],
              [8.113425929000073, 47.583630576000076],
              [8.115607849000071, 47.583878293000055],
              [8.117545122000024, 47.583949338000082],
              [8.119322010000076, 47.58384557200003],
              [8.123476688000039, 47.583422746000053],
              [8.124957177000056, 47.583340947000067],
              [8.126042082000026, 47.583284712000079],
              [8.128341851000073, 47.583541715000081],
              [8.130028046000064, 47.583569522000062],
              [8.132124393000026, 47.583440311000061],
              [8.133769374000053, 47.583447608000029],
              [8.135240355000064, 47.583565268000029],
              [8.136485715000049, 47.583991979000075],
              [8.137014629000021, 47.584403096000074],
              [8.137694525000029, 47.585188560000063],
              [8.138045398000031, 47.585795606000033],
              [8.138091770000074, 47.586595837000061],
              [8.137533329000064, 47.588581756000053],
              [8.137737457000071, 47.589613769000039],
              [8.138293694000026, 47.590339456000038],
              [8.139233365000052, 47.590987839000036],
              [8.140387877000023, 47.591555250000056],
              [8.142299795000042, 47.592167627000038],
              [8.143331966000062, 47.592646719000072],
              [8.14644645900006, 47.594598112000028],
              [8.147727600000053, 47.595168184000045],
              [8.148602055000026, 47.595415461000073],
              [8.149816454000074, 47.595612994000078],
              [8.151414299000066, 47.595733171000063],
              [8.152468173000045, 47.595755944000075],
              [8.153402313000072, 47.595633402000033],
              [8.154507757000033, 47.59545746200007],
              [8.159814148000066, 47.593887794000068],
              [8.161301594000065, 47.593662925000046],
              [8.162398924000058, 47.593657994000068],
              [8.163824102000035, 47.593859905000045],
              [8.164908045000061, 47.594140095000057],
              [8.165899659000047, 47.594589553000048],
              [8.166762152000047, 47.595093316000032],
              [8.168683260000023, 47.596419008000055],
              [8.170551577000026, 47.597892472000069],
              [8.170966504000035, 47.598326482000061],
              [8.17239483700007, 47.600182072000052],
              [8.173362522000048, 47.601029177000044],
              [8.174134211000023, 47.60167365500007],
              [8.175083899000072, 47.602122128000076],
              [8.176244409000049, 47.60257510200006],
              [8.177621078000072, 47.602918509000062],
              [8.179877841000064, 47.603394863000062],
              [8.181844830000045, 47.603750815000069],
              [8.183258416000058, 47.604209111000046],
              [8.184496736000028, 47.604806371000052],
              [8.185478120000028, 47.605483776000028],
              [8.186368564000077, 47.606301955000049],
              [8.190524272000062, 47.612241777000065],
              [8.191041459000076, 47.61288146000004],
              [8.193318676000047, 47.615697811000075],
              [8.194330662000027, 47.616632679000077],
              [8.19571696600002, 47.617689648000066],
              [8.196822639000061, 47.618426672000055],
              [8.198016657000039, 47.619079924000062],
              [8.199215988000049, 47.619619099000033],
              [8.200797574000035, 47.62010925900006],
              [8.202632251000068, 47.620604743000058],
              [8.204054414000041, 47.620891680000057],
              [8.206076292000034, 47.620991446000062],
              [8.207891235000034, 47.621001181000054],
              [8.20950055000003, 47.620892380000043],
              [8.211285132000057, 47.620644526000035],
              [8.213074947000052, 47.620282578000058],
              [8.21529911500005, 47.619584957000029],
              [8.216804608000075, 47.61904796500005],
              [8.218184351000048, 47.61842043200005],
              [8.219267526000067, 47.617815204000067],
              [8.220318965000047, 47.616980953000052],
              [8.220947325000054, 47.61616637000003],
              [8.222535416000028, 47.612831535000055],
              [8.222918504000063, 47.611840545000064],
              [8.223319490000051, 47.609536941000044],
              [8.223539093000056, 47.608428355000058],
              [8.224018212000033, 47.607182489000081],
              [8.22426037200006, 47.606502524000064],
              [8.224971560000029, 47.605718205000073],
              [8.225707930000056, 47.605305470000076],
              [8.22664728500007, 47.605068234000044],
              [8.227574898000057, 47.605087633000039],
              [8.228582932000052, 47.605194333000043],
              [8.229330170000026, 47.605466833000037],
              [8.229865287000052, 47.605763442000068],
              [8.232858919000023, 47.608328520000043],
              [8.234026955000047, 47.609242879000078],
              [8.236118452000028, 47.611174331000029],
              [8.236850240000024, 47.611788975000081],
              [8.237626813000077, 47.612347459000034],
              [8.238540295000064, 47.612680441000066],
              [8.239341542000034, 47.612697107000031],
              [8.240231021000056, 47.612629973000026],
              [8.241249603000028, 47.612508426000034],
              [8.242178656000021, 47.612499184000058],
              [8.244287200000031, 47.612542959000052],
              [8.245841058000053, 47.612717907000047],
              [8.247848474000023, 47.613130575000071],
              [8.248795534000067, 47.613370455000052],
              [8.24983183300003, 47.613679588000025],
              [8.252312981000046, 47.614378190000082],
              [8.253088133000062, 47.614583003000064],
              [8.253680579000047, 47.614712115000032],
              [8.254101975000026, 47.614801731000057],
              [8.256241293000073, 47.615159424000069],
              [8.258094349000032, 47.615254741000058],
              [8.258979991000047, 47.615273002000038],
              [8.259749396000075, 47.615060516000028],
              [8.26018141000003, 47.614841075000072],
              [8.260662015000037, 47.614479918000029],
              [8.263081985000042, 47.610419575000037],
              [8.263784920000035, 47.609806098000035],
              [8.264385545000039, 47.609590111000045],
              [8.265023205000034, 47.609489053000061],
              [8.265910028000064, 47.609478741000032],
              [8.267718161000062, 47.60963005900004],
              [8.270612466000046, 47.610031972000058],
              [8.272203395000076, 47.610321473000056],
              [8.273914467000054, 47.61075612500008],
              [8.276585281000052, 47.611438725000028],
              [8.277844023000057, 47.611607178000042],
              [8.279023529000028, 47.61165982600005],
              [8.280119969000054, 47.61168222200007],
              [8.281135887000062, 47.611617336000052],
              [8.284911965000049, 47.611180583000078],
              [8.286145068000053, 47.610977363000075],
              [8.287721870000041, 47.610638412000071],
              [8.288963828000021, 47.61023554500008],
              [8.294683746000032, 47.607840013000043],
              [8.295810456000027, 47.607177851000074],
              [8.296547524000061, 47.606736118000072],
              [8.297137504000034, 47.606117252000047],
              [8.297481039000047, 47.605670433000057],
              [8.297586848000037, 47.60518735900007],
              [8.297426253000026, 47.604100430000074],
              [8.296304823000071, 47.598882096000068],
              [8.295814894000046, 47.597559225000055],
              [8.295378529000061, 47.595980560000044],
              [8.295261741000047, 47.594807969000044],
              [8.295308524000063, 47.593752864000066],
              [8.295615819000034, 47.592531794000081],
              [8.296299956000041, 47.591375452000079],
              [8.296980271000052, 47.590304656000058],
              [8.297921047000045, 47.589067884000031],
              [8.299321650000024, 47.587926046000064],
              [8.300630321000028, 47.586953583000081],
              [8.302211985000042, 47.586047374000032],
              [8.30351610200006, 47.585613417000047],
              [8.30458367600005, 47.58532103500005],
              [8.307099382000047, 47.584715383000059],
              [8.308593424000037, 47.584317404000046],
              [8.309711881000055, 47.583826209000051],
              [8.310834082000042, 47.583249454000054],
              [8.312756044000025, 47.581954206000034],
              [8.313836254000023, 47.581169295000052],
              [8.31475639100006, 47.580388648000053],
              [8.315635609000026, 47.579578629000025],
              [8.317928443000028, 47.577312859000074],
              [8.319113798000046, 47.57625209400004],
              [8.320385883000029, 47.57513597600007],
              [8.322126439000044, 47.57391507400007],
              [8.323771406000049, 47.572949102000052],
              [8.325916979000056, 47.572107293000045],
              [8.32840206700007, 47.571215150000057],
              [8.33082752200005, 47.570721334000041],
              [8.333411540000043, 47.570458958000074],
              [8.33697402100006, 47.570402411000032],
              [8.341172155000038, 47.570442233000051],
              [8.343821837000064, 47.570609028000035],
              [8.345587890000047, 47.570729693000033],
              [8.347780261000025, 47.570744615000081],
              [8.350020931000074, 47.57061774400006],
              [8.354192469000054, 47.570312450000074],
              [8.356156644000066, 47.570139664000067],
              [8.357676028000071, 47.57011256100003],
              [8.358603041000038, 47.570130841000037],
              [8.359620461000077, 47.570008191000056],
              [8.360641556000076, 47.569799982000063],
              [8.362688621000075, 47.569269471000041],
              [8.36396862600003, 47.568923623000046],
              [8.365241272000048, 47.568748860000028],
              [8.367149250000068, 47.568594691000044],
              [8.36921914800007, 47.568427401000065],
              [8.371418744000039, 47.568270746000053],
              [8.37243051400003, 47.568118309000056],
              [8.374598407000065, 47.567876366000064],
              [8.376043181000057, 47.567619225000044],
              [8.377366373000029, 47.567417780000028],
              [8.378784383000038, 47.567045918000076],
              [8.379906722000044, 47.566684915000053],
              [8.381206759000065, 47.566194180000025],
              [8.382054455000059, 47.565927689000034],
              [8.382969504000073, 47.565812341000026],
              [8.383748924000031, 47.565994015000058],
              [8.38466733100006, 47.566378173000032],
              [8.385258454000052, 47.566939084000069],
              [8.385769492000065, 47.567648270000063],
              [8.386620260000029, 47.569046653000044],
              [8.387954647000072, 47.57113363600007],
              [8.388346979000062, 47.571826232000035],
              [8.389312333000021, 47.572929528000031],
              [8.391807933000052, 47.574747495000054],
              [8.39468662400003, 47.576487206000081],
              [8.395972547000042, 47.576997307000056],
              [8.397356047000073, 47.577195336000045],
              [8.398661292000043, 47.577249132000077],
              [8.400065275000031, 47.576962336000065],
              [8.404463716000066, 47.575677336000069],
              [8.40536191700005, 47.575380716000041],
              [8.406517756000028, 47.574974893000046],
              [8.408452509000028, 47.574098875000061],
              [8.409487865000074, 47.573548001000063],
              [8.411126332000038, 47.572694776000048],
              [8.412675678000028, 47.571953977000078],
              [8.414134722000028, 47.571354122000059],
              [8.415502287000038, 47.570923734000075],
              [8.418870626000057, 47.569871995000028],
              [8.421308207000038, 47.569236979000038],
              [8.423187245000065, 47.568673585000056],
              [8.424642497000036, 47.568159143000059],
              [8.42609772000003, 47.567644681000047],
              [8.427420566000023, 47.567270374000032],
              [8.428743392000058, 47.566896051000072],
              [8.430144536000057, 47.566665903000057],
              [8.431202659000064, 47.566571904000057],
              [8.432298173000049, 47.566592765000053],
              [8.433687448000057, 47.566647744000079],
              [8.436079691000032, 47.56692154600006],
              [8.437924198000076, 47.56718489800005],
              [8.439051231000064, 47.567463147000069],
              [8.439925459000051, 47.567736588000059],
              [8.448956185000043, 47.570647299000029],
              [8.450332668000044, 47.571015757000055],
              [8.451628414000027, 47.571297057000038],
              [8.452716999000074, 47.571488817000045],
              [8.453758758000049, 47.57179384300008],
              [8.454550035000068, 47.572037062000049],
              [8.45554850700006, 47.572369796000032],
              [8.456302347000076, 47.572498139000061],
              [8.456850174000067, 47.57250844500004],
              [8.457336934000068, 47.572435900000073],
              [8.459056693000036, 47.572178910000048],
              [8.46083476900003, 47.572012526000037],
              [8.462269872000036, 47.57198237800003],
              [8.463948477000031, 47.572185091000051],
              [8.465579123000055, 47.572529579000047],
              [8.467198139000061, 47.573159218000058],
              [8.469687043000022, 47.574176109000064],
              [8.471557395000048, 47.575153650000061],
              [8.472026443000061, 47.57539878700004],
              [8.475590364000027, 47.577311470000041],
              [8.476875978000066, 47.57784913100005],
              [8.477755235000075, 47.578008199000067],
              [8.478894323000077, 47.578000857000063],
              [8.480169111000066, 47.577767711000035],
              [8.482634363000045, 47.577299807000031],
              [8.484070761000055, 47.577240852000045],
              [8.485294121000038, 47.57723500700007],
              [8.48654923600003, 47.577486592000071],
              [8.487830359000043, 47.578138195000065],
              [8.489098833000071, 47.57910348300004],
              [8.49033673100007, 47.579782797000064],
              [8.491575815000033, 47.580433578000054],
              [8.492616849000058, 47.580766752000045],
              [8.494547109000052, 47.581201136000061],
              [8.494336991000068, 47.581799506000038],
              [8.494200866000028, 47.582280101000038],
              [8.492877031000035, 47.583615570000063],
              [8.489704711000059, 47.58681542100004],
              [8.489185187000032, 47.587339406000069],
              [8.488717275000056, 47.587802145000069],
              [8.48750172900003, 47.587434785000028],
              [8.483389787000021, 47.587000235000062],
              [8.481976554000028, 47.58630807000003],
              [8.481343865000042, 47.585406097000032],
              [8.481175948000043, 47.585246742000038],
              [8.480920077000064, 47.585117819000061],
              [8.480507686000067, 47.585057970000037],
              [8.480108311000038, 47.585077513000044],
              [8.479755836000038, 47.585250737000081],
              [8.479442093000046, 47.58545164700007],
              [8.477525705000062, 47.585107509000068],
              [8.474591554000028, 47.584648540000046],
              [8.47329577000005, 47.584529245000056],
              [8.470931677000067, 47.584746736000056],
              [8.470299411000042, 47.584734926000067],
              [8.469850534000045, 47.584536275000062],
              [8.469373329000064, 47.584170610000058],
              [8.46864345900002, 47.583966701000065],
              [8.467798507000055, 47.583998467000072],
              [8.466937684000072, 47.584202646000051],
              [8.466590327000063, 47.584829009000032],
              [8.465546326000037, 47.586711476000062],
              [8.465146627000024, 47.587409860000037],
              [8.464787908000062, 47.58803662400004],
              [8.462989292000032, 47.588155732000075],
              [8.462652891000062, 47.588476683000067],
              [8.460420286000044, 47.588482366000051],
              [8.460658592000073, 47.590233409000064],
              [8.460744938000062, 47.591044037000074],
              [8.461213806000046, 47.59257197200003],
              [8.460529295000072, 47.593386115000044],
              [8.460022852000066, 47.594938117000027],
              [8.459364624000045, 47.595984123000051],
              [8.458128603000034, 47.59697170700008],
              [8.45702046200006, 47.597284365000064],
              [8.45672201900004, 47.598402384000053],
              [8.456392204000053, 47.599636672000031],
              [8.456486978000044, 47.600564328000075],
              [8.456511746000047, 47.600958750000075],
              [8.456599807000032, 47.602346285000067],
              [8.458919322000042, 47.602137388000074],
              [8.460068231000037, 47.602033897000069],
              [8.461548744000027, 47.602150970000025],
              [8.463048982000032, 47.602269582000076],
              [8.463983810000059, 47.602484857000036],
              [8.465112345000023, 47.602671378000025],
              [8.466886432000024, 47.603144574000055],
              [8.468544937000047, 47.603865307000035],
              [8.468116067000039, 47.604463773000077],
              [8.468262057000061, 47.604763797000032],
              [8.468200206000063, 47.605416690000027],
              [8.470009943000036, 47.605450503000043],
              [8.470795490000057, 47.606452191000074],
              [8.471353386000033, 47.606569630000081],
              [8.471404759000052, 47.607034369000075],
              [8.471042673000056, 47.607289231000038],
              [8.470645441000045, 47.607543435000025],
              [8.470170229000075, 47.608244848000027],
              [8.470437785000058, 47.608582814000044],
              [8.473749867000038, 47.608420348000038],
              [8.474988921000033, 47.607697346000066],
              [8.476500603000034, 47.609339883000075],
              [8.476960846000054, 47.609795262000034],
              [8.477784858000064, 47.610610539000049],
              [8.478055466000058, 47.611091245000068],
              [8.478438143000062, 47.612112255000056],
              [8.478480352000076, 47.613362522000045],
              [8.477900388000023, 47.613567475000082],
              [8.479112077000025, 47.615154109000059],
              [8.480427502000055, 47.614937401000077],
              [8.481862829000022, 47.614238654000076],
              [8.483128865000026, 47.613810259000047],
              [8.484156054000039, 47.614067147000071],
              [8.484582901000067, 47.614733643000079],
              [8.487069423000037, 47.614312935000044],
              [8.488365197000064, 47.615012645000036],
              [8.490975423000066, 47.614714786000036],
              [8.492554464000023, 47.614526395000041],
              [8.493048444000067, 47.614487948000033],
              [8.493683367000074, 47.614471152000078],
              [8.494205426000065, 47.61458065100004],
              [8.501374122000072, 47.616496441000038],
              [8.502003934000072, 47.616579368000032],
              [8.503136158000075, 47.617289892000031],
              [8.505279316000042, 47.617353018000074],
              [8.505779036000035, 47.617171917000064],
              [8.508251649000044, 47.617507376000049],
              [8.507154731000071, 47.618332514000031],
              [8.508187727000063, 47.618432344000041],
              [8.508128813000042, 47.622224643000038],
              [8.507280105000063, 47.623827125000048],
              [8.508448162000036, 47.623560516000055],
              [8.509488056000066, 47.623508206000054],
              [8.510464777000038, 47.623276354000041],
              [8.511464280000041, 47.62335409700006],
              [8.512520317000053, 47.62333772900007],
              [8.513153560000035, 47.62333741100008],
              [8.513587758000028, 47.62347615300007],
              [8.51416447400004, 47.623569930000031],
              [8.514535963000071, 47.623517255000081],
              [8.515119799000047, 47.62343278000003],
              [8.515020555000035, 47.62459636400007],
              [8.513731237000059, 47.624727413000073],
              [8.512860918000058, 47.624937456000055],
              [8.512767800000063, 47.625506561000066],
              [8.513059493000071, 47.626130266000075],
              [8.513492292000024, 47.626744657000074],
              [8.514036729000054, 47.626326496000047],
              [8.515306176000024, 47.62713453300006],
              [8.514935150000042, 47.627615325000079],
              [8.514816388000042, 47.627946128000076],
              [8.514926621000029, 47.62826922000005],
              [8.515290077000031, 47.628418556000042],
              [8.515813642000069, 47.628523245000054],
              [8.515767570000037, 47.628795917000048],
              [8.51536659900006, 47.629145355000048],
              [8.515055416000052, 47.62944886300005],
              [8.514918597000076, 47.62979123000008],
              [8.514955194000038, 47.630196220000073],
              [8.515125184000055, 47.630618887000026],
              [8.515403279000054, 47.631310341000074],
              [8.516480917000024, 47.63207919000007],
              [8.515776316000029, 47.632542011000055],
              [8.515884669000059, 47.632912636000071],
              [8.515798688000075, 47.633303500000068],
              [8.515585846000022, 47.633787184000028],
              [8.516732884000021, 47.634141080000063],
              [8.517746404000036, 47.634314152000059],
              [8.518854468000029, 47.63432245000007],
              [8.519859889000031, 47.634257518000027],
              [8.520825411000033, 47.634310768000034],
              [8.521319094000035, 47.634284075000039],
              [8.522064427000032, 47.63323925800006],
              [8.524712628000032, 47.632121988000051],
              [8.525504567000041, 47.631672587000025],
              [8.52717371500006, 47.631726664000041],
              [8.528490795000039, 47.631786223000063],
              [8.529917129000069, 47.631752612000071],
              [8.530789535000054, 47.631934898000054],
              [8.531529308000074, 47.631912615000033],
              [8.532027667000023, 47.631767041000046],
              [8.532816711000066, 47.63138888800006],
              [8.533632909000062, 47.631213380000077],
              [8.534545648000062, 47.631265555000027],
              [8.535075861000053, 47.631203786000071],
              [8.535645932000023, 47.631023816000038],
              [8.536334359000023, 47.630964898000059],
              [8.537231864000034, 47.630957316000035],
              [8.538131219000036, 47.631138875000033],
              [8.538886704000049, 47.630927712000073],
              [8.539007429000037, 47.630097467000041],
              [8.539255640000022, 47.628255701000057],
              [8.538523263000059, 47.626319056000057],
              [8.54298682600006, 47.627051720000054],
              [8.543123584000057, 47.626532748000045],
              [8.544091904000027, 47.625170733000061],
              [8.547370537000063, 47.625443707000045],
              [8.548262497000053, 47.625126753000075],
              [8.548909608000031, 47.62522160900005],
              [8.549834033000025, 47.625180500000056],
              [8.550674760000049, 47.625287892000074],
              [8.552620501000035, 47.624788680000051],
              [8.554153014000065, 47.624732873000028],
              [8.555245727000056, 47.62466362400005],
              [8.557311840000068, 47.624552722000033],
              [8.55800398100007, 47.624314161000029],
              [8.558390751000047, 47.623869187000025],
              [8.558900673000039, 47.622522650000064],
              [8.559503963000054, 47.621486959000038],
              [8.560248972000068, 47.621180387000038],
              [8.560803164000049, 47.62094757300008],
              [8.56065708400007, 47.62026181300007],
              [8.561038223000025, 47.619961426000032],
              [8.561385118000032, 47.619688022000048],
              [8.561850433000075, 47.619321282000044],
              [8.561938250000026, 47.618432951000045],
              [8.56261758100004, 47.617132618000028],
              [8.562800650000042, 47.616767788000061],
              [8.564090298000053, 47.616834378000078],
              [8.564841855000054, 47.616954781000061],
              [8.565771015000053, 47.617030773000067],
              [8.566791752000029, 47.617013253000039],
              [8.56774357300003, 47.616958824000051],
              [8.568410498000048, 47.616994458000079],
              [8.569298052000022, 47.617236161000051],
              [8.569591253000056, 47.616932189000067],
              [8.569778199000041, 47.616478021000034],
              [8.570564195000031, 47.615427351000051],
              [8.570118794000052, 47.615122159000066],
              [8.570056299000044, 47.614467020000063],
              [8.570369821000043, 47.614092059000029],
              [8.571094525000035, 47.614074407000032],
              [8.570758245000036, 47.613599512000064],
              [8.570909853000046, 47.612864933000026],
              [8.570940800000074, 47.612520630000063],
              [8.57429034200004, 47.612306512000032],
              [8.574447501000066, 47.611881205000032],
              [8.574299009000072, 47.611628855000049],
              [8.572828328000071, 47.611008223000056],
              [8.571790606000036, 47.61101360400005],
              [8.57008742000005, 47.610947707000037],
              [8.567986507000057, 47.61025636100004],
              [8.566392536000023, 47.60987401400007],
              [8.566391232000058, 47.60959781300005],
              [8.566378148000069, 47.606826567000041],
              [8.566035938000027, 47.605373291000035],
              [8.564506807000043, 47.603683157000034],
              [8.56376872800007, 47.602834710000081],
              [8.561985458000038, 47.601673248000054],
              [8.561597573000029, 47.601250135000043],
              [8.562786833000075, 47.599606550000033],
              [8.563922369000068, 47.59843765100004],
              [8.566477567000049, 47.597093560000076],
              [8.567609860000061, 47.597706951000077],
              [8.569194711000023, 47.598032010000054],
              [8.571456413000021, 47.598191080000049],
              [8.572048610000024, 47.597880522000025],
              [8.573372532000064, 47.596833785000058],
              [8.574657904000048, 47.595521957000074],
              [8.57554274000006, 47.594881400000077],
              [8.578639828000064, 47.596619997000062],
              [8.582542233000026, 47.596104113000081],
              [8.583327847000021, 47.597436977000029],
              [8.584218646000068, 47.599657992000061],
              [8.585906811000029, 47.600743679000061],
              [8.587798786000064, 47.601776341000061],
              [8.590232752000077, 47.601195214000029],
              [8.591369841000073, 47.60222561900008],
              [8.591417938000063, 47.603026446000058],
              [8.592048069000043, 47.604240078000032],
              [8.592694158000029, 47.606158927000081],
              [8.594149905000052, 47.605852299000048],
              [8.594663858000047, 47.605744037000079],
              [8.595601865000049, 47.605544748000057],
              [8.596159918000069, 47.606260544000065],
              [8.596982601000036, 47.606817192000051],
              [8.59855895000004, 47.607529713000076],
              [8.599754697000037, 47.608264099000053],
              [8.601683468000033, 47.609696211000028],
              [8.603360386000077, 47.611095355000032],
              [8.604246917000069, 47.612195303000078],
              [8.604797156000075, 47.613260844000081],
              [8.605091087000062, 47.61440753200003],
              [8.605081080000048, 47.615777237000032],
              [8.604737975000035, 47.617026981000038],
              [8.604019572000027, 47.618156025000076],
              [8.601730729000053, 47.620815869000069],
              [8.600610302000064, 47.622320340000044],
              [8.599627707000025, 47.623730142000056],
              [8.599157654000066, 47.624549294000076],
              [8.598768346000043, 47.625227711000036],
              [8.598025675000031, 47.626984173000039],
              [8.597352044000047, 47.629141394000044],
              [8.597059582000043, 47.630163703000051],
              [8.596795101000055, 47.631557517000033],
              [8.596692826000037, 47.633125408000069],
              [8.596630555000047, 47.634751082000037],
              [8.596583576000057, 47.635977469000068],
              [8.596242304000043, 47.637170166000033],
              [8.595582981000064, 47.639000650000071],
              [8.595287928000062, 47.64003598100004],
              [8.595126337000067, 47.640946428000063],
              [8.595204548000027, 47.641933401000074],
              [8.595388571000058, 47.642578732000061],
              [8.595741548000035, 47.643132865000041],
              [8.596285555000065, 47.64358496400007],
              [8.59723471500007, 47.644044148000035],
              [8.598589038000057, 47.644510407000041],
              [8.599880249000023, 47.644996622000065],
              [8.600919746000045, 47.645541652000077],
              [8.601618048000034, 47.646038568000051],
              [8.602221255000075, 47.646575971000061],
              [8.60251683000007, 47.647002629000042],
              [8.602745372000072, 47.647872039000049],
              [8.603167523000025, 47.649564070000054],
              [8.603774144000056, 47.650565589000053],
              [8.604349958000057, 47.65127069600004],
              [8.60519458300007, 47.652023041000064],
              [8.605806736000034, 47.652328754000052],
              [8.606454884000073, 47.652508637000039],
              [8.607139825000047, 47.652541632000066],
              [8.607704901000034, 47.652446085000065],
              [8.608715176000032, 47.652126449000036],
              [8.610299316000066, 47.651479570000049],
              [8.611195289000023, 47.650883949000047],
              [8.612223920000076, 47.650079873000038],
              [8.612976004000075, 47.649165616000062],
              [8.613612187000058, 47.648017520000053],
              [8.61403497200007, 47.646739271000058],
              [8.614237176000074, 47.64552042400004],
              [8.614139695000063, 47.644802184000071],
              [8.61388719200005, 47.644060181000043],
              [8.613440513000057, 47.643504485000051],
              [8.612835622000034, 47.643009268000071],
              [8.612259505000054, 47.642577772000038],
              [8.611557143000027, 47.642186231000039],
              [8.610695771000053, 47.641876223000054],
              [8.609767275000024, 47.641691492000064],
              [8.608555108000076, 47.641586122000035],
              [8.607464392000054, 47.641567150000071],
              [8.60624500800003, 47.64165130300006],
              [8.605340469000055, 47.641656626000042],
              [8.604595762000031, 47.641559352000058],
              [8.603888652000023, 47.641294128000027],
              [8.603372547000049, 47.640926855000032],
              [8.602982709000059, 47.640519631000075],
              [8.602807797000025, 47.64020045500007],
              [8.602790306000031, 47.639841876000048],
              [8.602981636000038, 47.639246795000076],
              [8.603588844000058, 47.638528076000057],
              [8.604171446000066, 47.637969209000062],
              [8.604971359000047, 47.637435199000038],
              [8.606010902000037, 47.637158258000056],
              [8.606826693000073, 47.637024936000046],
              [8.608168999000043, 47.636985067000069],
              [8.613050003000069, 47.637364904000037],
              [8.615594003000069, 47.637704058000054],
              [8.617326251000065, 47.638071253000078],
              [8.619022580000035, 47.638564249000069],
              [8.620404136000047, 47.639136078000035],
              [8.621781742000053, 47.639813195000045],
              [8.622876534000056, 47.640548640000077],
              [8.623690888000056, 47.641279236000059],
              [8.624558054000033, 47.642263635000063],
              [8.625386008000021, 47.643635264000068],
              [8.626303840000048, 47.645044350000035],
              [8.626576295000064, 47.645579385000076],
              [8.627169653000067, 47.64677613200007],
              [8.627442465000058, 47.647302183000079],
              [8.62775550200007, 47.647819937000065],
              [8.628306571000053, 47.648728307000056],
              [8.628605993000065, 47.649254813000027],
              [8.628803807000054, 47.649653727000043],
              [8.628921521000052, 47.65006025200006],
              [8.628972089000058, 47.65048359900004],
              [8.628982774000065, 47.650906261000046],
              [8.628966871000046, 47.651328466000052],
              [8.628911423000034, 47.651741002000051],
              [8.628834460000064, 47.652018334000047],
              [8.628691361000051, 47.652285540000037],
              [8.628548260000059, 47.652552746000026],
              [8.628378907000069, 47.652810511000041],
              [8.628196595000077, 47.653059064000047],
              [8.62786363500004, 47.653421881000043],
              [8.627492140000072, 47.653748078000035],
              [8.626793424000027, 47.654284376000078],
              [8.625123595000048, 47.655523054000071],
              [8.624125538000044, 47.65623395700004],
              [8.622651229000041, 47.657224281000026],
              [8.62160093600005, 47.65790729500003],
              [8.620538339000063, 47.658563119000064],
              [8.619436164000035, 47.659209261000058],
              [8.618471351000039, 47.659740911000029],
              [8.617806537000035, 47.660079984000049],
              [8.617129099000067, 47.66040085800006],
              [8.616439036000031, 47.660703530000035],
              [8.614504838000073, 47.661532979000071],
              [8.613746911000021, 47.661169271000063],
              [8.612791589000039, 47.660748201000047],
              [8.610795567000025, 47.662151811000058],
              [8.610686454000074, 47.662221829000032],
              [8.609773312000073, 47.662790259000076],
              [8.609335482000063, 47.663106259000074],
              [8.608937197000046, 47.663431933000027],
              [8.608578458000068, 47.663767283000027],
              [8.608369412000059, 47.664015343000074],
              [8.608200257000021, 47.664264096000068],
              [8.607946179000066, 47.664646209000068],
              [8.607731306000062, 47.665046981000046],
              [8.60751437600004, 47.665501651000056],
              [8.607296416000054, 47.665983271000073],
              [8.606765620000033, 47.667340380000041],
              [8.606343062000064, 47.669004120000068],
              [8.60582280400007, 47.669031903000075],
              [8.605812051000044, 47.670011530000068],
              [8.606623298000045, 47.672120111000027],
              [8.602923245000056, 47.672635769000067],
              [8.598039469000071, 47.672806439000055],
              [8.596053055000027, 47.669454429000041],
              [8.595640970000034, 47.669411543000081],
              [8.593848901000058, 47.667251519000047],
              [8.593010555000035, 47.666866503000051],
              [8.591383161000067, 47.667597117000071],
              [8.587782136000044, 47.666475522000042],
              [8.58579013800005, 47.665631852000047],
              [8.580352854000068, 47.662836608000077],
              [8.579199978000076, 47.662150318000045],
              [8.578058748000046, 47.661618815000054],
              [8.577761542000076, 47.661565997000025],
              [8.577548613000033, 47.661609803000033],
              [8.577354048000075, 47.661706131000074],
              [8.577019568000026, 47.661937718000047],
              [8.576367044000051, 47.66229474000005],
              [8.576191049000045, 47.662372531000074],
              [8.576015401000063, 47.662441339000054],
              [8.57582680400003, 47.662500928000043],
              [8.575478701000065, 47.662546777000045],
              [8.574753779000048, 47.662629089000063],
              [8.573939515000063, 47.662745492000056],
              [8.573380357000076, 47.663092351000046],
              [8.572996644000057, 47.663454207000029],
              [8.572379162000061, 47.663942733000056],
              [8.57155287300003, 47.664368096000032],
              [8.570864534000066, 47.664867250000043],
              [8.570182144000057, 47.66476001500007],
              [8.569146498000066, 47.664230290000035],
              [8.568309519000024, 47.664477059000035],
              [8.567468831000042, 47.664818892000028],
              [8.566749425000069, 47.665210443000035],
              [8.566165193000074, 47.665747094000039],
              [8.564810135000073, 47.665283001000034],
              [8.563558680000028, 47.668031580000047],
              [8.563433192000048, 47.668540705000055],
              [8.563362801000039, 47.668991350000056],
              [8.563388718000056, 47.66922965200007],
              [8.563464635000059, 47.669540196000071],
              [8.563691018000043, 47.670055582000032],
              [8.561267686000065, 47.670345419000057],
              [8.560456515000055, 47.670378534000065],
              [8.559373129000051, 47.670168948000025],
              [8.558648130000051, 47.669799257000079],
              [8.557953682000061, 47.669549025000038],
              [8.557152285000029, 47.669332556000029],
              [8.556591156000025, 47.66927497000006],
              [8.554315554000027, 47.669388907000041],
              [8.553373428000043, 47.669169894000049],
              [8.552240117000053, 47.668887992000066],
              [8.551082825000037, 47.668320237000046],
              [8.549896442000033, 47.66759735100004],
              [8.549395120000042, 47.667362417000049],
              [8.54773362800006, 47.667082890000074],
              [8.547028990000058, 47.667094031000033],
              [8.546817709000038, 47.667542139000034],
              [8.54405164700006, 47.666204322000056],
              [8.542283429000065, 47.665345445000071],
              [8.539952147000065, 47.66508942300004],
              [8.539809571000035, 47.664105405000043],
              [8.539095063000048, 47.663328443000069],
              [8.539910441000075, 47.661212676000048],
              [8.540621473000044, 47.659726258000035],
              [8.54094088100004, 47.65876875400005],
              [8.541401242000063, 47.658253792000039],
              [8.541263558000026, 47.657728065000072],
              [8.541358285000058, 47.657111385000064],
              [8.540849610000066, 47.657066551000071],
              [8.539969281000026, 47.657698941000035],
              [8.537987023000028, 47.65823984900004],
              [8.536414187000048, 47.658803936000027],
              [8.535294898000075, 47.659151799000028],
              [8.53374784600004, 47.659914910000055],
              [8.534213565000073, 47.661595329000079],
              [8.533353656000031, 47.663194244000067],
              [8.529781361000062, 47.661290437000048],
              [8.527009314000054, 47.66039521600004],
              [8.527996736000034, 47.657644417000029],
              [8.52906039100003, 47.65766368900006],
              [8.529979351000065, 47.65697018000003],
              [8.529513766000036, 47.656548888000032],
              [8.529129973000067, 47.656018686000039],
              [8.52901048700005, 47.655481379000037],
              [8.529205232000038, 47.655009225000072],
              [8.529537848000075, 47.654610919000049],
              [8.530044925000027, 47.654251449000071],
              [8.530627999000046, 47.653750647000038],
              [8.531000482000024, 47.653234139000062],
              [8.531292085000075, 47.652537788000075],
              [8.531560441000067, 47.651983719000043],
              [8.532189, 47.651571680000075],
              [8.532906773000036, 47.651318334000052],
              [8.533329150000043, 47.650874074000058],
              [8.533543774000066, 47.650342815000045],
              [8.53394337900005, 47.65002895300006],
              [8.533995954000034, 47.64958990000008],
              [8.533556845000021, 47.64894459900006],
              [8.533329386000048, 47.647969656000043],
              [8.533179827000026, 47.647715255000037],
              [8.532787308000024, 47.647213753000074],
              [8.532312777000072, 47.646432102000063],
              [8.532122639000022, 47.646194944000058],
              [8.531866039000022, 47.645956583000043],
              [8.531526839000037, 47.645788641000081],
              [8.531130200000064, 47.645727527000076],
              [8.530691903000047, 47.645710605000033],
              [8.52984118300003, 47.645695200000034],
              [8.52901633700003, 47.645698237000033],
              [8.528605339000023, 47.645663822000074],
              [8.528182119000064, 47.645602216000043],
              [8.527043605000074, 47.645426710000038],
              [8.526569718000076, 47.645339258000035],
              [8.523755331000075, 47.64495886900005],
              [8.522894632000032, 47.644919446000074],
              [8.521885214000065, 47.645079474000056],
              [8.520676676000051, 47.645378574000063],
              [8.516912701000024, 47.646653819000051],
              [8.515824344000066, 47.647026409000034],
              [8.514793476000023, 47.64728111900007],
              [8.513798718000032, 47.647512694000056],
              [8.512793497000075, 47.647565688000043],
              [8.512148098000068, 47.647527136000065],
              [8.51111626900007, 47.647365572000069],
              [8.51058302000007, 47.64705852000003],
              [8.510137676000056, 47.647193080000079],
              [8.508924805000049, 47.646718989000078],
              [8.507494216000055, 47.646847392000041],
              [8.505709528000068, 47.647028746000046],
              [8.503850668000041, 47.647303846000057],
              [8.50242195800007, 47.64738464900006],
              [8.50087301700006, 47.647391872000071],
              [8.499558427000068, 47.647260677000077],
              [8.499771005000071, 47.646788902000026],
              [8.500127607000024, 47.646236530000067],
              [8.49945172300005, 47.646414376000052],
              [8.498850485000048, 47.646486562000064],
              [8.49733578200005, 47.646518147000052],
              [8.495839622000062, 47.646526269000049],
              [8.494055864000075, 47.646683665000069],
              [8.493357569000068, 47.646979982000062],
              [8.493704989000037, 47.645785286000034],
              [8.493804122000029, 47.645073588000059],
              [8.493773309000062, 47.643657861000065],
              [8.493968822000056, 47.64317389100006],
              [8.493624345000057, 47.642989156000056],
              [8.494257214000072, 47.642132706000041],
              [8.493677922000074, 47.642098239000063],
              [8.492376272000058, 47.642086114000051],
              [8.491688699000065, 47.642989112000066],
              [8.490461888000027, 47.642431310000063],
              [8.489596450000022, 47.642510455000036],
              [8.489715961000059, 47.643035916000031],
              [8.488852813000051, 47.644163053000057],
              [8.487325548000058, 47.645087672000045],
              [8.486854458000039, 47.644836976000079],
              [8.485164962000056, 47.643915021000055],
              [8.482705778000025, 47.644202047000078],
              [8.482004107000023, 47.645112642000072],
              [8.481456011000034, 47.645823910000047],
              [8.482170775000043, 47.647221529000035],
              [8.480802441000037, 47.648157999000034],
              [8.480479467000066, 47.649230727000031],
              [8.476107464000052, 47.650093363000053],
              [8.473737108000023, 47.649824505000026],
              [8.473530118000042, 47.649666821000039],
              [8.472769437000068, 47.649087326000028],
              [8.472909042000026, 47.647948275000033],
              [8.47373252400007, 47.64700175400003],
              [8.475982878000025, 47.646621147000076],
              [8.477434432000052, 47.645928997000055],
              [8.477665667000053, 47.644666402000041],
              [8.474367460000053, 47.643175125000027],
              [8.471116001000041, 47.642341443000078],
              [8.471972149000067, 47.640919116000077],
              [8.472772171000031, 47.640871104000041],
              [8.475122103000047, 47.640977801000076],
              [8.477827754000032, 47.639700921000042],
              [8.476783234000038, 47.639595506000035],
              [8.474124757000027, 47.639327163000075],
              [8.473854644000028, 47.638889427000038],
              [8.473494938000044, 47.638306486000033],
              [8.471799707000059, 47.638716811000052],
              [8.470157138000047, 47.639114362000043],
              [8.467461081000067, 47.641293369000039],
              [8.466137393000054, 47.642760860000067],
              [8.46586007600007, 47.643601516000047],
              [8.465043908000041, 47.64607546700006],
              [8.463758169000073, 47.648559452000029],
              [8.465116789000035, 47.651215515000047],
              [8.465852075000043, 47.652652855000042],
              [8.466995888000042, 47.655586816000039],
              [8.467162162000022, 47.656075354000052],
              [8.46612379000004, 47.656739148000042],
              [8.465430086000026, 47.657130518000031],
              [8.464070744000026, 47.655939640000042],
              [8.463491358000056, 47.656333137000047],
              [8.462055750000047, 47.655359553000039],
              [8.460315556000069, 47.653996501000051],
              [8.457372110000051, 47.652701440000044],
              [8.456506001000037, 47.653457561000039],
              [8.455694440000059, 47.653847970000072],
              [8.453630161000035, 47.654840955000054],
              [8.451849163000077, 47.65478175700008],
              [8.450426238000034, 47.655060191000075],
              [8.445064030000026, 47.653781417000062],
              [8.441316160000042, 47.655930979000061],
              [8.439282779000052, 47.656546218000074],
              [8.43879735400003, 47.657312631000082],
              [8.436745425000026, 47.65738161400003],
              [8.435345205000033, 47.659485766000046],
              [8.434742234000055, 47.659995387000038],
              [8.433285632000036, 47.661226427000031],
              [8.432713913000043, 47.661589675000073],
              [8.432334266000055, 47.66183088400004],
              [8.430976678000036, 47.662682879000045],
              [8.426871084000027, 47.66506884000006],
              [8.425288916000056, 47.665615152000044],
              [8.423684059000038, 47.666815004000057],
              [8.417895728000076, 47.666479667000033],
              [8.414224778000062, 47.666112708000071],
              [8.412354839000045, 47.666274624000039],
              [8.410756924000054, 47.668194732000075],
              [8.407623054000055, 47.672134972000038],
              [8.406018208000035, 47.673263791000068],
              [8.405864633000022, 47.673682728000074],
              [8.405559328000038, 47.674515546000066],
              [8.406082226000024, 47.675473683000064],
              [8.406406160000074, 47.676058096000077],
              [8.407050654000045, 47.677023528000063],
              [8.408567831000028, 47.67869470200003],
              [8.409557780000057, 47.679022932000066],
              [8.410731205000047, 47.679176283000061],
              [8.414239417000033, 47.679505206000044],
              [8.415944381000031, 47.680001682000068],
              [8.416240387000073, 47.679662458000053],
              [8.417251561000057, 47.680726554000046],
              [8.417707267000026, 47.681129383000041],
              [8.418436801000041, 47.682779485000026],
              [8.420641547000059, 47.683855453000035],
              [8.419379795000054, 47.685431065000046],
              [8.419005411000057, 47.685959087000072],
              [8.418143126000075, 47.688233933000049],
              [8.417515839000032, 47.688865986000053],
              [8.412109921000024, 47.694255289000068],
              [8.408827251000048, 47.695369975000062],
              [8.406386341000029, 47.695466908000071],
              [8.406148263000034, 47.695994690000077],
              [8.406004399000039, 47.696313611000051],
              [8.40530469600003, 47.697747541000069],
              [8.404425785000058, 47.698063259000037],
              [8.406706515000053, 47.700067884000077],
              [8.407986200000039, 47.701558542000043],
              [8.409044935000054, 47.702671763000069],
              [8.410223212000062, 47.703760612000053],
              [8.412101697000026, 47.705102777000036],
              [8.413286818000074, 47.706031788000075],
              [8.414275806000035, 47.70693037500007],
              [8.415143089000026, 47.70790659000005],
              [8.416828300000077, 47.710006226000075],
              [8.417833791000021, 47.709664038000028],
              [8.419179878000023, 47.710150069000065],
              [8.419797247000076, 47.709721350000052],
              [8.420140812000056, 47.709472474000052],
              [8.424268750000067, 47.711196553000036],
              [8.425337820000038, 47.711643017000029],
              [8.425853258000075, 47.711157612000079],
              [8.43052358500006, 47.714097059000039],
              [8.431430011000032, 47.714401958000053],
              [8.432582278000041, 47.715520618000028],
              [8.434735611000065, 47.717233614000065],
              [8.436732247000066, 47.718233385000076],
              [8.438415337000038, 47.71844505200005],
              [8.441551592000053, 47.717668290000063],
              [8.441787282000064, 47.718272327000079],
              [8.44187671100002, 47.718501515000071],
              [8.440225987000076, 47.719755890000044],
              [8.441359598000076, 47.720683712000039],
              [8.442609703000073, 47.721706825000069],
              [8.445235640000021, 47.722961052000073],
              [8.447107537000022, 47.72312220200007],
              [8.450852575000056, 47.722770178000076],
              [8.454988426000057, 47.722258710000062],
              [8.455348937000053, 47.722919595000064],
              [8.454036809000058, 47.723537187000034],
              [8.454527086000041, 47.725419369000065],
              [8.454652702000033, 47.727219736000052],
              [8.456984833000035, 47.728827761000048],
              [8.456937837000055, 47.729968617000054],
              [8.456374907000054, 47.730371603000037],
              [8.452841294000052, 47.730431129000067],
              [8.451372934000062, 47.733397233000062],
              [8.449997957000051, 47.737247511000078],
              [8.449780339000029, 47.738036506000071],
              [8.44982623900006, 47.738632031000066],
              [8.450133949000076, 47.739291949000062],
              [8.450433874000055, 47.739713854000058],
              [8.450577697000028, 47.740073356000039],
              [8.450987267000073, 47.740402176000032],
              [8.451743802000067, 47.740868341000066],
              [8.452680906000069, 47.741659011000081],
              [8.45379377200004, 47.742036710000036],
              [8.454733900000065, 47.742327903000046],
              [8.455824279000069, 47.742824090000056],
              [8.455726875000039, 47.74304823500006],
              [8.455508566000049, 47.743638804000057],
              [8.455340085000046, 47.744264215000044],
              [8.455984145000059, 47.744778093000036],
              [8.456549057000075, 47.745455092000043],
              [8.456523808000043, 47.746067713000059],
              [8.456218820000061, 47.74675505700003],
              [8.455997202000049, 47.747337339000069],
              [8.456043245000046, 47.748137892000045],
              [8.456182550000051, 47.748593661000029],
              [8.456640672000049, 47.749147992000076],
              [8.457628440000065, 47.749953580000067],
              [8.458557665000058, 47.750424145000068],
              [8.459728265000024, 47.750792595000064],
              [8.461017368000057, 47.751163249000058],
              [8.462385482000059, 47.751535365000052],
              [8.463745958000061, 47.752093914000056],
              [8.465606809000064, 47.752981663000071],
              [8.466603142000054, 47.75374663000008],
              [8.467126619000055, 47.754476114000056],
              [8.467486655000073, 47.755335831000082],
              [8.468186021000065, 47.757561347000035],
              [8.468806237000024, 47.758825756000078],
              [8.469734869000035, 47.760282501000063],
              [8.470861076000062, 47.761742917000049],
              [8.47195765400005, 47.762962862000052],
              [8.472986168000034, 47.763914965000026],
              [8.473712822000039, 47.764514915000063],
              [8.47445642100007, 47.764970652000045],
              [8.47572742400007, 47.765323022000075],
              [8.477017916000023, 47.765860768000039],
              [8.477884215000074, 47.766419176000056],
              [8.478662432000021, 47.76706157700005],
              [8.479613384000061, 47.767621542000029],
              [8.480615963000048, 47.767954099000065],
              [8.481324727000072, 47.76822412100006],
              [8.481943077000039, 47.768635185000051],
              [8.482382914000027, 47.769271296000056],
              [8.482865072000038, 47.769908189000034],
              [8.483643408000034, 47.770550556000046],
              [8.484511025000074, 47.771080391000055],
              [8.485507908000045, 47.77155551900006],
              [8.486422509000022, 47.771972030000029],
              [8.487629825000056, 47.772479568000051],
              [8.488417526000035, 47.77289372000007],
              [8.489027460000045, 47.773268666000035],
              [8.490076867000028, 47.772056346000056],
              [8.490949599000032, 47.771683895000081],
              [8.494370829000047, 47.771074558000066],
              [8.495972965000021, 47.770699453000077],
              [8.498048227000027, 47.771816401000081],
              [8.498314188000052, 47.772495551000077],
              [8.500463184000068, 47.77311035300005],
              [8.502136820000032, 47.773608520000039],
              [8.503345054000022, 47.773154303000069],
              [8.504420882000034, 47.773602157000028],
              [8.50492497700003, 47.773789781000062],
              [8.505643031000034, 47.773921849000033],
              [8.508176055000035, 47.774110865000068],
              [8.50894796800003, 47.774220107000076],
              [8.509361549000062, 47.77446552400005],
              [8.510217720000071, 47.776162744000032],
              [8.511482405000038, 47.775693551000074],
              [8.512439724000046, 47.775140123000028],
              [8.513642896000022, 47.774614952000036],
              [8.514719774000071, 47.774158829000044],
              [8.515836175000061, 47.773596376000057],
              [8.516306454000073, 47.773307599000077],
              [8.51700635800006, 47.772571052000046],
              [8.517446115000041, 47.772162783000056],
              [8.518021630000021, 47.771447755000054],
              [8.518619082000043, 47.771066135000069],
              [8.519450453000047, 47.770569828000077],
              [8.520132131000025, 47.770493486000078],
              [8.520327764000058, 47.771572899000034],
              [8.520475985000076, 47.771837242000061],
              [8.52076334700007, 47.772151683000061],
              [8.520998772000041, 47.772441394000055],
              [8.521245185000055, 47.772897809000028],
              [8.521454921000043, 47.773389239000039],
              [8.521545992000028, 47.773759583000071],
              [8.521728064000058, 47.774060218000045],
              [8.522091661000047, 47.774233319000075],
              [8.522485779000021, 47.774525905000075],
              [8.522721225000055, 47.774815613000044],
              [8.522884729000054, 47.775139696000053],
              [8.523137338000026, 47.775441608000051],
              [8.523234115000037, 47.775669334000042],
              [8.523579624000035, 47.77585399600008],
              [8.524047606000067, 47.776064662000067],
              [8.524408383000036, 47.776309064000031],
              [8.524905476000072, 47.776674866000064],
              [8.52532010300007, 47.776896454000052],
              [8.52561084000007, 47.777127690000043],
              [8.525670948000027, 47.777390431000072],
              [8.525839688000076, 47.777583779000054],
              [8.526117060000047, 47.777707732000067],
              [8.526322487000073, 47.777866062000044],
              [8.526482337000061, 47.778133365000031],
              [8.527184078000062, 47.777941118000058],
              [8.527784978000057, 47.777916307000055],
              [8.528526459000034, 47.777905926000074],
              [8.529564846000028, 47.777972265000074],
              [8.530498860000023, 47.778001030000041],
              [8.531629658000043, 47.777961978000064],
              [8.532636901000046, 47.77798384700003],
              [8.534376848000022, 47.778930528000046],
              [8.535678932000053, 47.779638930000033],
              [8.540754806000052, 47.781474324000044],
              [8.541230626000072, 47.781497491000039],
              [8.543608907000021, 47.781613255000082],
              [8.545857277000039, 47.782644682000068],
              [8.548786428000028, 47.783119660000068],
              [8.549541960000056, 47.783414556000025],
              [8.550107700000069, 47.783635367000045],
              [8.551536339000052, 47.78419295100008],
              [8.552648794000049, 47.784627110000031],
              [8.556546592000075, 47.783536902000037],
              [8.559259359000066, 47.782047894000073],
              [8.561763271000075, 47.78043824100007],
              [8.563213586000074, 47.780588758000079],
              [8.563101814000049, 47.779385564000052],
              [8.562531233000072, 47.777853753000045],
              [8.565983798000047, 47.778330647000075],
              [8.566295604000061, 47.77802695400004],
              [8.568642254000054, 47.779157822000059],
              [8.572003098000039, 47.780078472000071],
              [8.574625608000076, 47.78066606200008],
              [8.577304001000073, 47.781706261000068],
              [8.576464817000044, 47.782868883000049],
              [8.576357085000041, 47.783306795000044],
              [8.57615138400007, 47.784142921000068],
              [8.575920028000041, 47.785083291000035],
              [8.575018872000044, 47.786262633000035],
              [8.574399158000062, 47.787073614000064],
              [8.574862262000067, 47.789336681000066],
              [8.574998878000031, 47.78962458500007],
              [8.572101844000031, 47.79060099700007],
              [8.568651610000074, 47.791096571000026],
              [8.564369202000023, 47.792290869000055],
              [8.563706968000076, 47.792436108000061],
              [8.562655929000073, 47.791870079000034],
              [8.561915749000036, 47.792746828000077],
              [8.562050054000053, 47.793359233000047],
              [8.562365094000029, 47.794795699000076],
              [8.562312200000065, 47.797097758000064],
              [8.562409828000057, 47.801423792000037],
              [8.56334791300003, 47.804738806000046],
              [8.563511872000049, 47.805318157000045],
              [8.565904903000046, 47.806574285000067],
              [8.567852077000055, 47.808481249000067],
              [8.568860071000074, 47.807246700000064],
              [8.570187431000022, 47.806263525000077],
              [8.572360115000038, 47.806328898000061],
              [8.573013867000043, 47.80598982500004],
              [8.573239311000066, 47.804654261000053],
              [8.574493410000059, 47.80397516000005],
              [8.575488875000076, 47.801709208000034],
              [8.575192668000057, 47.79971714900006],
              [8.578072699000074, 47.800079176000054],
              [8.58084930800004, 47.800428126000043],
              [8.584738770000058, 47.801675605000071],
              [8.587642913000025, 47.802680576000057],
              [8.589661357000068, 47.800694080000028],
              [8.591552973000034, 47.799704365000025],
              [8.592737555000042, 47.79873794100007],
              [8.597934654000028, 47.802218233000076],
              [8.598560144000032, 47.802478892000067],
              [8.600819882000053, 47.802934511000046],
              [8.604598377000059, 47.802453124000067],
              [8.607424575000039, 47.802407035000044],
              [8.611399280000057, 47.80186935200004],
              [8.612594805000072, 47.801533244000041],
              [8.613868586000024, 47.801176971000075],
              [8.614347280000061, 47.80073176500008],
              [8.615711954000062, 47.79946250100005],
              [8.618583503000025, 47.798334358000034],
              [8.618828918000077, 47.797493526000039],
              [8.617881146000059, 47.796452316000057],
              [8.617793938000034, 47.795938380000052],
              [8.620386001000043, 47.795488617000046],
              [8.620869423000045, 47.795248083000047],
              [8.622044999000025, 47.794663135000064],
              [8.621674686000063, 47.793781254000066],
              [8.620544237000047, 47.791088946000059],
              [8.620417628000041, 47.790787391000038],
              [8.620401001000062, 47.788764360000073],
              [8.618038206000051, 47.78740209700004],
              [8.617290848000039, 47.787294069000041],
              [8.616399855000054, 47.787165273000028],
              [8.615636929000061, 47.787054983000075],
              [8.615485838000041, 47.786117416000081],
              [8.615381584000033, 47.785702076000064],
              [8.615333388000067, 47.785566394000057],
              [8.615271862000043, 47.785430482000038],
              [8.615073615000028, 47.78503149800008],
              [8.614977228000043, 47.784760134000067],
              [8.614913312000056, 47.784336501000041],
              [8.614897249000023, 47.784057535000045],
              [8.614908187000026, 47.783770046000029],
              [8.614998421000053, 47.783501907000073],
              [8.615115313000047, 47.783234228000026],
              [8.615200076000065, 47.783109834000072],
              [8.615382931000056, 47.782861275000073],
              [8.61557911400007, 47.782612947000075],
              [8.616207298000063, 47.781877633000079],
              [8.616894244000036, 47.780999493000081],
              [8.617214812000043, 47.78063644100007],
              [8.617561351000063, 47.780291816000044],
              [8.61771172400006, 47.780195522000042],
              [8.618104406000043, 47.780040480000025],
              [8.618281094000054, 47.779953629000033],
              [8.618404807000047, 47.779856875000064],
              [8.618494333000058, 47.779606702000081],
              [8.618504567000059, 47.779337181000074],
              [8.618488485000057, 47.779058217000056],
              [8.618783686000029, 47.77812212300006],
              [8.620009794000055, 47.777893515000073],
              [8.62150826900006, 47.777624285000059],
              [8.622414269000046, 47.777461494000079],
              [8.623331807000056, 47.777296620000072],
              [8.62096299500007, 47.771837064000067],
              [8.620184838000057, 47.771041079000042],
              [8.61929656600006, 47.769722716000047],
              [8.619370692000075, 47.768340599000055],
              [8.619414418000076, 47.767675367000038],
              [8.619682348000026, 47.767499074000057],
              [8.620708348000051, 47.766823964000025],
              [8.621385505000035, 47.766401138000049],
              [8.622091471000033, 47.765925695000078],
              [8.623312812000052, 47.765095562000056],
              [8.624437305000072, 47.764331217000063],
              [8.625060717000054, 47.763907455000037],
              [8.625989700000048, 47.761630258000025],
              [8.627679192000073, 47.759259025000063],
              [8.629607101000033, 47.758883574000038],
              [8.631608950000043, 47.758180555000081],
              [8.633822404000057, 47.760287788000028],
              [8.635896876000061, 47.761405510000031],
              [8.636831289000042, 47.761885296000059],
              [8.637544373000026, 47.762622932000056],
              [8.640634079000051, 47.764423890000046],
              [8.641663865000055, 47.76471497700004],
              [8.642348932000061, 47.76526182200007],
              [8.644536924000022, 47.764300093000031],
              [8.647522270000024, 47.767014811000081],
              [8.646022192000032, 47.767976409000028],
              [8.645295683000029, 47.768534903000045],
              [8.649370204000036, 47.770435606000035],
              [8.651758833000031, 47.772424234000027],
              [8.652971559000036, 47.773433797000052],
              [8.652208014000053, 47.774039284000025],
              [8.651209141000038, 47.774331567000047],
              [8.650540038000031, 47.774296435000053],
              [8.649885019000067, 47.774356681000029],
              [8.64923354900003, 47.774321842000063],
              [8.648095511000065, 47.774088453000047],
              [8.648197185000072, 47.77567410000006],
              [8.648427412000046, 47.776154688000076],
              [8.649100325000063, 47.777559308000036],
              [8.64939821300004, 47.778867884000078],
              [8.649934769000026, 47.781286256000044],
              [8.64969054200003, 47.782468770000037],
              [8.649327583000058, 47.783972905000041],
              [8.647169256000041, 47.785482431000048],
              [8.645338997000067, 47.787235258000067],
              [8.645520056000066, 47.79019216100005],
              [8.646493572000054, 47.792461213000081],
              [8.646567676000075, 47.793782589000045],
              [8.646920593000061, 47.794728127000042],
              [8.648762866000027, 47.795021048000081],
              [8.648754818000043, 47.79716034900008],
              [8.649398829000063, 47.798492797000051],
              [8.64994566300004, 47.798654],
              [8.654255551000062, 47.799923557000056],
              [8.656975077000027, 47.800347105000071],
              [8.657488543000056, 47.799456783000039],
              [8.659191151000073, 47.797085214000049],
              [8.660259758000052, 47.796262182000078],
              [8.659997703000045, 47.794051854000031],
              [8.658467382000026, 47.793199172000072],
              [8.657496098000024, 47.791791304000071],
              [8.658972351000045, 47.791958943000054],
              [8.660611326000037, 47.79202226700005],
              [8.662065110000071, 47.791844591000029],
              [8.663169207000067, 47.791102045000059],
              [8.665226554000071, 47.790351738000027],
              [8.665341149000028, 47.789640096000028],
              [8.666904973000044, 47.788393854000049],
              [8.667566260000058, 47.787691396000071],
              [8.669960751000076, 47.787362917000053],
              [8.671135346000028, 47.787572901000033],
              [8.674231349000024, 47.786487217000058],
              [8.676127778000023, 47.785700873000053],
              [8.677026561000048, 47.785732994000057],
              [8.677518754000062, 47.786264499000026],
              [8.678326381000034, 47.786852344000067],
              [8.679516807000027, 47.786764341000037],
              [8.680492942000058, 47.786699719000069],
              [8.680894192000039, 47.786670452000067],
              [8.680072100000075, 47.785083531000055],
              [8.680710514000054, 47.784770550000076],
              [8.681702764000022, 47.784265689000051],
              [8.681557497000028, 47.783499139000071],
              [8.68292255800003, 47.780465382000045],
              [8.682442295000044, 47.778650448000064],
              [8.682776895000075, 47.777163734000055],
              [8.685135530000025, 47.775396084000079],
              [8.688021364000065, 47.773779915000034],
              [8.688253339000028, 47.773649993000049],
              [8.686867825000036, 47.772142174000066],
              [8.683482987000048, 47.770634949000055],
              [8.685871475000056, 47.767071271000077],
              [8.686118484000076, 47.766587787000049],
              [8.686346122000032, 47.766151550000075],
              [8.686864267000033, 47.765006594000056],
              [8.68706880700006, 47.764236983000046],
              [8.687575473000038, 47.762284855000075],
              [8.688407158000075, 47.761972501000059],
              [8.68841472400004, 47.761282864000066],
              [8.688222750000023, 47.760744513000077],
              [8.687940042000037, 47.760276010000041],
              [8.687924340000052, 47.759740589000046],
              [8.688201083000024, 47.758924610000065],
              [8.688610570000037, 47.75833679200008],
              [8.689439157000038, 47.757862967000051],
              [8.692511651000075, 47.756308476000072],
              [8.693971634000036, 47.755928332000053],
              [8.695090664000077, 47.755709017000072],
              [8.69551268500004, 47.756227375000037],
              [8.695811770000034, 47.756731805000072],
              [8.696596362000037, 47.756495046000055],
              [8.697192595000047, 47.756588155000031],
              [8.697603933000039, 47.756916050000029],
              [8.698058650000064, 47.757506293000063],
              [8.698889405000045, 47.758911430000069],
              [8.699053143000071, 47.759259014000065],
              [8.699092637000035, 47.759628331000044],
              [8.700376707000032, 47.760208476000059],
              [8.700841407000041, 47.760525348000044],
              [8.701320422000038, 47.760840421000069],
              [8.701495325000053, 47.760632146000034],
              [8.701818205000052, 47.760339292000026],
              [8.703410993000034, 47.761162341000045],
              [8.703922143000057, 47.761658351000051],
              [8.704824117000044, 47.762077547000047],
              [8.704726080000057, 47.762349458000074],
              [8.706848669000067, 47.763644982000073],
              [8.709758523000062, 47.763169532000063],
              [8.711870130000023, 47.76477397900004],
              [8.713254622000022, 47.765022630000033],
              [8.71415973400002, 47.765358552000066],
              [8.716636179000034, 47.764673649000031],
              [8.718537780000077, 47.764276609000035],
              [8.720898232000025, 47.76324186100004],
              [8.721847489000027, 47.764239178000025],
              [8.723547436000047, 47.763748858000042],
              [8.723271031000024, 47.76327690200003],
              [8.722954013000049, 47.762822263000032],
              [8.727146060000052, 47.762277472000051],
              [8.728734862000067, 47.760757295000076],
              [8.730641923000064, 47.759706062000078],
              [8.729100749000054, 47.757920985000055],
              [8.735245336000048, 47.754994364000027],
              [8.736552870000025, 47.753841088000058],
              [8.739765317000035, 47.753089783000064],
              [8.740109216000064, 47.752789698000072],
              [8.740309826000043, 47.752589516000057],
              [8.741048911000064, 47.751851995000038],
              [8.740873187000034, 47.751207289000035],
              [8.740423840000062, 47.749558620000073],
              [8.740717295000024, 47.749176816000045],
              [8.741420436000055, 47.74820233500003],
              [8.740470176000031, 47.747651854000026],
              [8.739557817000048, 47.74653115600006],
              [8.73419652900003, 47.746563355000035],
              [8.733128792000059, 47.746343886000034],
              [8.730995046000032, 47.745857375000071],
              [8.730060676000051, 47.745854098000052],
              [8.727951810000036, 47.746152814000027],
              [8.727286941000045, 47.745678120000036],
              [8.726598376000027, 47.745048616000076],
              [8.723407380000026, 47.745531797000069],
              [8.721578152000063, 47.743932202000053],
              [8.720691248000037, 47.742289544000073],
              [8.720185322000077, 47.740983998000047],
              [8.71897916000006, 47.740607546000035],
              [8.716401056000052, 47.739340479000077],
              [8.714343626000073, 47.738697874000081],
              [8.71466821100006, 47.737085117000049],
              [8.712945690000026, 47.734593819000054],
              [8.711920872000064, 47.730864439000072],
              [8.711256621000075, 47.730071472000077],
              [8.71210512600004, 47.728710043000035],
              [8.713597990000039, 47.727952466000033],
              [8.715234383000052, 47.725426346000063],
              [8.716571993000059, 47.723312798000052],
              [8.717919266000024, 47.721622402000037],
              [8.719771612000045, 47.721569443000078],
              [8.72117395500004, 47.721774994000043],
              [8.723325393000039, 47.721216816000037],
              [8.724838870000042, 47.72130726000006],
              [8.724669198000072, 47.720139088000053],
              [8.725624523000022, 47.720035733000032],
              [8.72858341400007, 47.719096859000047],
              [8.730396459000076, 47.719048665000059],
              [8.731599427000049, 47.718747941000061],
              [8.733204809000028, 47.718366130000049],
              [8.734714189000044, 47.717500679000068],
              [8.735565775000055, 47.716777370000045],
              [8.73629401200003, 47.716150939000045],
              [8.734966201000077, 47.715284460000078],
              [8.732760497000072, 47.712516022000045],
              [8.731919086000062, 47.711459638000065],
              [8.731584132000023, 47.709610678000047],
              [8.730783662000022, 47.708341909000069],
              [8.731148773000029, 47.70766274600004],
              [8.730689297000026, 47.706729414000051],
              [8.728780371000028, 47.702752212000064],
              [8.728685125000027, 47.702436049000028],
              [8.727762380000058, 47.700147790000074],
              [8.726361024000028, 47.696672245000059],
              [8.726718123000069, 47.695248819000028],
              [8.727286347000074, 47.694080625000026],
              [8.72763776100004, 47.693358137000075],
              [8.727981485000043, 47.692680574000065],
              [8.732399078000071, 47.692752377000033],
              [8.733224371000063, 47.69275678200006],
              [8.734253090000038, 47.692656614000043],
              [8.735069549000059, 47.692535017000068],
              [8.735873016000028, 47.692404216000057],
              [8.736476252000045, 47.692288143000042],
              [8.737267683000027, 47.692121181000061],
              [8.738825828000074, 47.691732906000027],
              [8.739818102000072, 47.691533218000075],
              [8.740421, 47.69142610800003],
              [8.74123774100002, 47.691295481000054],
              [8.742040536000047, 47.691182602000026],
              [8.742856633000031, 47.691069931000072],
              [8.743658784000047, 47.690975007000077],
              [8.744299677000072, 47.690922421000039],
              [8.745326748000025, 47.690867067000056],
              [8.745952110000076, 47.69087714300008],
              [8.747200615000054, 47.690960171000029],
              [8.747812990000057, 47.690961038000069],
              [8.748226732000035, 47.690931740000053],
              [8.748841325000058, 47.690869716000066],
              [8.750151291000066, 47.690719988000069],
              [8.752520524000033, 47.690464117000033],
              [8.754567087000055, 47.690080748000071],
              [8.755377414000066, 47.689903972000081],
              [8.755948907000061, 47.689779294000061],
              [8.757305993000045, 47.689423493000049],
              [8.758625035000023, 47.689013135000039],
              [8.763236841000037, 47.687410622000073],
              [8.766699920000065, 47.68613074700005],
              [8.767578187000026, 47.685758209000028],
              [8.768431086000021, 47.685349307000081],
              [8.769068913000069, 47.684999900000037],
              [8.769941666000022, 47.684402538000029],
              [8.770697167000037, 47.683731398000077],
              [8.77108187500005, 47.683386948000077],
              [8.772143155000037, 47.68234312900006],
              [8.772637394000071, 47.681910525000035],
              [8.773061046000066, 47.68159365300005],
              [8.773360591000028, 47.681400653000026],
              [8.773686114000043, 47.681226042000048],
              [8.774238724000043, 47.681028064000031],
              [8.774992436000048, 47.680788326000027],
              [8.776435819000028, 47.680235912000057],
              [8.777540679000026, 47.679848909000043],
              [8.778080267000064, 47.679641718000028],
              [8.778958335000027, 47.679269091000037],
              [8.780500658000051, 47.678547405000074],
              [8.783485222000024, 47.677300143000025],
              [8.784214091000024, 47.677006021000068],
              [8.784929029000068, 47.676729651000073],
              [8.785670252000045, 47.676462680000043],
              [8.786599243000069, 47.676153716000044],
              [8.787339830000064, 47.675904701000036],
              [8.788106392000032, 47.675674067000045],
              [8.788859337000076, 47.675452202000031],
              [8.789638568000044, 47.675239734000058],
              [8.790215485000033, 47.675104979000025],
              [8.791550073000053, 47.674898879000068],
              [8.792572731000064, 47.674855469000079],
              [8.793609309000033, 47.674919289000059],
              [8.794608246000053, 47.67505385700008],
              [8.795947417000036, 47.675302071000033],
              [8.795468449000055, 47.675996338000061],
              [8.795019963000072, 47.676654471000063],
              [8.793426057000033, 47.679272147000063],
              [8.793324006000034, 47.679917728000078],
              [8.794376459000034, 47.682297636000044],
              [8.795201360000021, 47.684162818000061],
              [8.796037222000052, 47.685793863000072],
              [8.796514882000054, 47.687778846000072],
              [8.798032256000056, 47.689726156000063],
              [8.798783540000045, 47.690385827000057],
              [8.799815661000025, 47.691103536000071],
              [8.799804262000066, 47.691436316000079],
              [8.800076137000076, 47.69172595200007],
              [8.802989267000044, 47.692033003000063],
              [8.803843550000067, 47.691772813000057],
              [8.804730187000075, 47.691596360000062],
              [8.805524342000069, 47.691549265000049],
              [8.806138817000033, 47.69160639100005],
              [8.806992841000067, 47.691869391000068],
              [8.808090481000022, 47.692219408000028],
              [8.809076444000027, 47.692746050000039],
              [8.810078414000031, 47.693320497000059],
              [8.809350392000056, 47.694010783000067],
              [8.80890725200004, 47.69461035900008],
              [8.808289276000039, 47.695171544000061],
              [8.807656113000064, 47.695661141000073],
              [8.806988134000051, 47.696138303000055],
              [8.806324198000027, 47.696496611000043],
              [8.804953073000036, 47.696415820000027],
              [8.803790771000024, 47.696409612000082],
              [8.80267925000004, 47.696463642000026],
              [8.800714571000071, 47.696742177000033],
              [8.798645057000044, 47.696995256000037],
              [8.797723906000044, 47.697147340000072],
              [8.798208362000025, 47.697915961000035],
              [8.798596251000049, 47.698932791000061],
              [8.798607829000048, 47.699622674000068],
              [8.798495880000075, 47.700469975000033],
              [8.798420852000049, 47.700942041000076],
              [8.798188794000055, 47.70154487800005],
              [8.797928447000061, 47.701945118000026],
              [8.797756943000024, 47.702322964000075],
              [8.797650156000032, 47.70286830100008],
              [8.796716591000063, 47.702865596000038],
              [8.796253511000032, 47.703012941000054],
              [8.795857591000072, 47.703256467000074],
              [8.795725362000042, 47.703516011000033],
              [8.795161940000071, 47.703507193000064],
              [8.794555952000053, 47.703711751000071],
              [8.794246010000052, 47.704016076000073],
              [8.793956941000033, 47.704225594000036],
              [8.793601936000073, 47.70430327300005],
              [8.793036869000048, 47.704341985000042],
              [8.792447651000032, 47.704570577000027],
              [8.792066035000062, 47.704909447000034],
              [8.791354371000068, 47.705112332000056],
              [8.790836794000029, 47.705306366000059],
              [8.789912603000062, 47.705030246000035],
              [8.789160809000066, 47.704863849000049],
              [8.78830255500003, 47.704719558000079],
              [8.787335793000068, 47.704656793000026],
              [8.786312516000066, 47.704700155000069],
              [8.785036984000044, 47.704906016000052],
              [8.78406323400003, 47.705045268000049],
              [8.78261572200006, 47.705129477000071],
              [8.781782822000025, 47.70527093000004],
              [8.780540001000077, 47.705548604000057],
              [8.779403224000021, 47.705816049000077],
              [8.778094069000076, 47.705973733000064],
              [8.777157971000065, 47.706042170000046],
              [8.775629400000071, 47.705922848000057],
              [8.774747775000037, 47.705944560000034],
              [8.77387714300005, 47.706156705000069],
              [8.773358659000053, 47.706374427000071],
              [8.772863985000072, 47.706414150000057],
              [8.772170656000071, 47.706593419000058],
              [8.771421187000044, 47.706866924000053],
              [8.770051077000062, 47.706750039000042],
              [8.769350111000051, 47.706875956000033],
              [8.769748831000072, 47.707839264000029],
              [8.769631978000064, 47.709169269000029],
              [8.771218267000052, 47.710049964000063],
              [8.771384983000075, 47.71213176100008],
              [8.772800226000072, 47.713194221000037],
              [8.770436549000067, 47.715077729000029],
              [8.77092417800003, 47.716001130000052],
              [8.770351359000074, 47.716362634000063],
              [8.770454752000035, 47.716935077000073],
              [8.77035177700003, 47.717361543000038],
              [8.770057142000041, 47.717725508000058],
              [8.769832949000033, 47.718090590000031],
              [8.769908575000045, 47.718448543000079],
              [8.770311376000052, 47.719025741000053],
              [8.772189233000063, 47.718235012000036],
              [8.774800873000061, 47.719144496000069],
              [8.775789347000057, 47.72011148100006],
              [8.776612464000038, 47.72076665700007],
              [8.777348495000069, 47.720885323000061],
              [8.776206929000068, 47.722294273000045],
              [8.776315769000064, 47.72271220500005],
              [8.778248036000036, 47.722386007000068],
              [8.779394681000042, 47.721845211000073],
              [8.780739064000045, 47.721699951000062],
              [8.78239241600005, 47.723319518000039],
              [8.78257786000006, 47.724071620000075],
              [8.78341223700005, 47.724405845000035],
              [8.783131568000044, 47.724877092000042],
              [8.783887346000029, 47.724936565000064],
              [8.783652051000047, 47.726133924000067],
              [8.785023876000025, 47.727158446000033],
              [8.786479048000047, 47.726300417000061],
              [8.788472108000065, 47.727822038000056],
              [8.790673593000065, 47.727298298000051],
              [8.791821506000076, 47.728767090000076],
              [8.799121573000036, 47.727133208000055],
              [8.799081314000034, 47.728821201000073],
              [8.796557226000061, 47.734573050000051],
              [8.799757689000046, 47.735312753000073],
              [8.799429651000025, 47.736140058000046],
              [8.80464368500003, 47.736768318000031],
              [8.804913637000027, 47.738103675000048],
              [8.805103189000022, 47.738123361000078],
              [8.806440663000046, 47.738262251000037],
              [8.807454312000061, 47.737064479000026],
              [8.80698082400005, 47.734540199000037],
              [8.808458414000029, 47.73106642700003],
              [8.810842579000052, 47.730740344000026],
              [8.811948569000037, 47.730353166000043],
              [8.810788093000042, 47.729752490000067],
              [8.811473699000032, 47.729287450000072],
              [8.811471458000028, 47.728835532000062],
              [8.810979210000028, 47.728280887000039],
              [8.80984647300005, 47.727606509000054],
              [8.805839218000074, 47.726024915000039],
              [8.80487714700007, 47.725296453000055],
              [8.804851516000042, 47.72449931400007],
              [8.807579734000058, 47.72460118500004],
              [8.810834163000038, 47.724259265000057],
              [8.812775561000024, 47.723659091000059],
              [8.813686018000055, 47.722697855000035],
              [8.81857289900006, 47.717649729000073],
              [8.824976396000068, 47.718934902000058],
              [8.826169827000058, 47.717910540000048],
              [8.825149024000041, 47.716977990000032],
              [8.822990659000027, 47.71581219400008],
              [8.82181601800005, 47.714879344000053],
              [8.81880644000006, 47.713509482000063],
              [8.818828358000076, 47.71286262600006],
              [8.822458637000068, 47.71224443300008],
              [8.822914269000023, 47.712161561000073],
              [8.822634526000058, 47.711375229000055],
              [8.823401472000057, 47.711144339000043],
              [8.823641619000057, 47.710911924000072],
              [8.825418600000035, 47.710986823000042],
              [8.827673039000047, 47.711532790000035],
              [8.828935754000042, 47.711706757000059],
              [8.830092818000026, 47.711879090000082],
              [8.829883505000055, 47.712339646000032],
              [8.831546942000045, 47.71369697800003],
              [8.833631895000053, 47.714573184000074],
              [8.834132934000024, 47.713819795000063],
              [8.835505783000031, 47.713864564000062],
              [8.837889927000049, 47.713175592000027],
              [8.840702342000043, 47.712849835000043],
              [8.841044366000062, 47.712105888000053],
              [8.84326326200005, 47.712139658000069],
              [8.845761198000048, 47.711202530000037],
              [8.845773527000063, 47.709775755000067],
              [8.845807602000036, 47.70875361700007],
              [8.846040522000067, 47.707579913000075],
              [8.846104837000041, 47.707236042000034],
              [8.846579872000063, 47.70725514600008],
              [8.846970449000025, 47.706107617000043],
              [8.847308376000058, 47.705482507000056],
              [8.847902298000065, 47.704575888000079],
              [8.848230903000058, 47.703700918000038],
              [8.848327246000053, 47.703452663000064],
              [8.849743157000034, 47.703783299000065],
              [8.850420757000052, 47.704067063000025],
              [8.850950561000047, 47.704027521000057],
              [8.851704918000053, 47.70412218000007],
              [8.852369268000075, 47.704274927000029],
              [8.852992095000047, 47.704617302000031],
              [8.853743705000056, 47.704795144000059],
              [8.854709767000031, 47.704881089000025],
              [8.855738501000076, 47.704670691000047],
              [8.856499568000061, 47.704563266000036],
              [8.857325161000063, 47.704635177000057],
              [8.858013042000039, 47.704609876000063],
              [8.858514313000057, 47.704367716000036],
              [8.858939648000046, 47.70429088700007],
              [8.86001488900007, 47.704271409000057],
              [8.860970017000056, 47.70415498400007],
              [8.861478281000075, 47.704233979000037],
              [8.862084348000053, 47.704552267000054],
              [8.862799597000048, 47.704765172000066],
              [8.863533637000046, 47.704942681000034],
              [8.864071644000035, 47.705188588000055],
              [8.864525925000066, 47.705302432000053],
              [8.865282286000024, 47.705337569000051],
              [8.865947867000045, 47.705454578000058],
              [8.866456936000077, 47.705509779000067],
              [8.866989088000025, 47.705398847000026],
              [8.867555283000058, 47.705324096000027],
              [8.868135565000046, 47.705356574000064],
              [8.868557767000027, 47.705374791000054],
              [8.868845355000076, 47.705200730000058],
              [8.869066807000024, 47.704894875000036],
              [8.869531249000033, 47.704699678000054],
              [8.869975349000072, 47.70458741300007],
              [8.870467975000054, 47.704606676000026],
              [8.870869833000029, 47.704707817000042],
              [8.871376721000047, 47.704959945000041],
              [8.87198653300004, 47.704498583000031],
              [8.872719752000023, 47.704164695000031],
              [8.87290715000006, 47.703863833000071],
              [8.871933737000063, 47.702999770000076],
              [8.869676448000064, 47.701998414000059],
              [8.870165626000073, 47.701263726000036],
              [8.871224829000028, 47.701193956000054],
              [8.871415382000066, 47.700540413000056],
              [8.871468380000067, 47.700045245000069],
              [8.872101032000046, 47.700090378000027],
              [8.872787143000039, 47.699042319000057],
              [8.873621158000049, 47.698317528000075],
              [8.873736042000075, 47.698245234000069],
              [8.874322567000036, 47.697876138000026],
              [8.875792271000023, 47.697101364000048],
              [8.876026582000065, 47.696938384000077],
              [8.876140379000049, 47.696690367000031],
              [8.875988934000077, 47.696474069000033],
              [8.875716590000025, 47.696184620000054],
              [8.875481404000027, 47.695836271000076],
              [8.875151489000075, 47.695153556000037],
              [8.874953077000043, 47.694758189000027],
              [8.874419801000045, 47.69436971500005],
              [8.873757074000025, 47.69416956200007],
              [8.873004773000048, 47.69401563200006],
              [8.871802573000025, 47.693617148000044],
              [8.871153570000047, 47.693536094000081],
              [8.870585565000056, 47.693670290000057],
              [8.870188914000039, 47.693949739000061],
              [8.869817277000038, 47.694003632000033],
              [8.869382255000062, 47.693842535000044],
              [8.868838486000072, 47.693774935000079],
              [8.86825482100005, 47.693849427000032],
              [8.867298345000052, 47.69401345700004],
              [8.866595358000041, 47.693967241000053],
              [8.865742548000071, 47.693657168000072],
              [8.864448498000058, 47.692841034000026],
              [8.863754543000027, 47.692521440000064],
              [8.863208444000065, 47.692525123000053],
              [8.862847360000046, 47.692793190000032],
              [8.862734289000059, 47.693017421000036],
              [8.862970549000067, 47.693330142000036],
              [8.86405177000006, 47.69419066100005],
              [8.863840104000076, 47.69473447300004],
              [8.865105652000068, 47.694812937000052],
              [8.866229584000052, 47.696518345000072],
              [8.863258153000061, 47.698495220000041],
              [8.86248751200003, 47.697294519000081],
              [8.86170469800004, 47.696997357000043],
              [8.860950821000074, 47.696890883000037],
              [8.860690340000076, 47.696244840000077],
              [8.860166845000037, 47.696629366000082],
              [8.860167039000032, 47.698222785000041],
              [8.859431147000066, 47.698104681000075],
              [8.858069545000035, 47.698797631000048],
              [8.857215622000069, 47.697988043000066],
              [8.856541608000043, 47.697597356000074],
              [8.855778004000058, 47.69725287600005],
              [8.855149342000061, 47.697088797000049],
              [8.854287878000036, 47.697040107000078],
              [8.853332872000067, 47.697156474000053],
              [8.852673202000062, 47.697396212000058],
              [8.852188789000024, 47.697662381000043],
              [8.851729869000053, 47.697691109000061],
              [8.851541738000037, 47.697521785000049],
              [8.85164042100007, 47.697202216000051],
              [8.851758683000071, 47.696823488000064],
              [8.851644527000076, 47.696548263000068],
              [8.850902527000073, 47.696085164000067],
              [8.850804174000075, 47.695334530000025],
              [8.850773477000075, 47.694668159000059],
              [8.852674083000068, 47.694185607000065],
              [8.853138348000073, 47.694525583000029],
              [8.854634696000062, 47.694548203000068],
              [8.854972720000035, 47.694446289000041],
              [8.855527897000059, 47.694169288000069],
              [8.856068613000048, 47.69379693500008],
              [8.856555723000042, 47.693447555000034],
              [8.857255249000048, 47.693065702000069],
              [8.857565523000062, 47.692737431000069],
              [8.857580074000055, 47.692297679000035],
              [8.857437376000064, 47.691819882000061],
              [8.857080298000028, 47.691433979000067],
              [8.856830023000043, 47.691014013000029],
              [8.856671701000039, 47.690476523000029],
              [8.856335389000037, 47.689995804000034],
              [8.855882054000062, 47.689858156000071],
              [8.856082522000065, 47.689090031000035],
              [8.853604724000036, 47.68817217000003],
              [8.852767757000038, 47.686646964000033],
              [8.852376569000057, 47.685699272000079],
              [8.850942226000029, 47.685620479000079],
              [8.850685852000026, 47.685018252000077],
              [8.850510408000048, 47.684511496000027],
              [8.85054311500005, 47.683927739000069],
              [8.850672658000065, 47.682833105000043],
              [8.850503183000058, 47.682011498000065],
              [8.850474997000049, 47.681874851000032],
              [8.850583167000025, 47.681163027000025],
              [8.85185789600007, 47.680954025000062],
              [8.852492416000075, 47.680935091000038],
              [8.853169175000062, 47.680916793000051],
              [8.85406279700004, 47.680730538000034],
              [8.854865321000034, 47.68074266900004],
              [8.855461379000076, 47.68060898300007],
              [8.856020863000026, 47.680303511000034],
              [8.856908800000042, 47.680288378000057],
              [8.857874609000021, 47.680474181000079],
              [8.858633949000023, 47.680514171000027],
              [8.859479651000072, 47.680498380000074],
              [8.860806314000058, 47.680252766000081],
              [8.862391612000067, 47.679432611000038],
              [8.863787580000064, 47.678671609000048],
              [8.866666292000048, 47.676530656000068],
              [8.867837401000031, 47.675728186000072],
              [8.868963001000054, 47.673868578000054],
              [8.870243948000052, 47.672144021000065],
              [8.870647661000021, 47.671601776000045],
              [8.872164501000043, 47.670860313000048],
              [8.873471649000066, 47.670221317000028],
              [8.873858053000049, 47.668656672000054],
              [8.874304050000035, 47.66682073000004],
              [8.876020281000024, 47.660725335000052],
              [8.875289918000021, 47.659869537000077],
              [8.875341678000041, 47.656749785000045],
              [8.875350702000048, 47.656205913000065],
              [8.877346747000047, 47.656367852000074],
              [8.878368261000048, 47.656454986000028],
              [8.878807059000053, 47.656461525000054],
              [8.879130875000044, 47.656322537000051],
              [8.879392310000071, 47.656056785000033],
              [8.879793155000073, 47.655595367000046],
              [8.880237512000065, 47.655431207000049],
              [8.880529159000048, 47.655462513000032],
              [8.880833811000059, 47.655503],
              [8.881423086000041, 47.655790401000047],
              [8.882220013000051, 47.655829217000075],
              [8.883526312000072, 47.655749761000038],
              [8.884639875000062, 47.655460699000059],
              [8.886318595000034, 47.654973282000071],
              [8.887509279000028, 47.654766229000074],
              [8.889652738000052, 47.654303623000033],
              [8.891004493000025, 47.653640520000067],
              [8.892968774000053, 47.652546031000043],
              [8.893226046000052, 47.652406020000058],
              [8.893659068000034, 47.652178722000031],
              [8.894180800000072, 47.652087554000047],
              [8.89559938900004, 47.652234315000044],
              [8.897472330000028, 47.652729300000033],
              [8.899623351000059, 47.653677750000043],
              [8.900782422000077, 47.654449795000062],
              [8.901623567000058, 47.654767751000065],
              [8.903268008000055, 47.65492671700008],
              [8.905770110000049, 47.655304955000076],
              [8.907956582000054, 47.655570659000034],
              [8.909259668000061, 47.655589717000055],
              [8.910116127000038, 47.655431460000045],
              [8.910828328000036, 47.655208173000062],
              [8.911466570000073, 47.655217492000077],
              [8.912414171000023, 47.655536918000053],
              [8.913447401000042, 47.656091275000051],
              [8.914913261000038, 47.65726311800006],
              [8.915597268000056, 47.657506771000044],
              [8.916604716000052, 47.65762030500008],
              [8.91709122900005, 47.657752119000065],
              [8.917936877000045, 47.657981229000029],
              [8.921165919000032, 47.658935928000062],
              [8.924811881000039, 47.659752755000056],
              [8.926520206000021, 47.660002173000066],
              [8.927646558000049, 47.660144287000037],
              [8.928411372000028, 47.659939620000046],
              [8.929063317000043, 47.659517605000076],
              [8.930118445000062, 47.658966581000072],
              [8.930958193000038, 47.658915776000072],
              [8.932779138000058, 47.658968981000044],
              [8.935153784000022, 47.659182917000066],
              [8.936349461000077, 47.659236056000054],
              [8.937229100000025, 47.659185776000072],
              [8.937681793000024, 47.659174300000075],
              [8.937897102000022, 47.659096498000054],
              [8.938319895000063, 47.660882207000043],
              [8.939093513000046, 47.661666282000056],
              [8.939836573000036, 47.66215330700004],
              [8.94082015400005, 47.662607820000062],
              [8.941350743000044, 47.663082802000076],
              [8.94233435700005, 47.663537302000066],
              [8.94348769100003, 47.663972469000043],
              [8.944661844000052, 47.664415471000041],
              [8.947332955000036, 47.665370399000039],
              [8.948272558000042, 47.66595903800004],
              [8.949348103000034, 47.66688216600005],
              [8.94982421800006, 47.667401271000074],
              [8.950321212000063, 47.667677992000051],
              [8.951023040000052, 47.667786852000063],
              [8.952262621000045, 47.668146035000063],
              [8.953022748000024, 47.668484965000061],
              [8.953548632000036, 47.66875561300003],
              [8.955366458000071, 47.669745071000079],
              [8.956995934000076, 47.670406340000056],
              [8.958275161000074, 47.670677685000044],
              [8.959084661000077, 47.670849384000064],
              [8.961915511000029, 47.671392757000035],
              [8.964268719000074, 47.671461937000061],
              [8.965431205000073, 47.67130755900007],
              [8.966067443000043, 47.671388432000072],
              [8.966713102000028, 47.671595267000043],
              [8.967971460000058, 47.671783760000039],
              [8.969003703000055, 47.671969058000059],
              [8.969651319000036, 47.672112987000048],
              [8.970250992000047, 47.672085464000077],
              [8.970918278000056, 47.67202293500003],
              [8.97122033900007, 47.672153011000034],
              [8.971398539000063, 47.67241616900003],
              [8.971388306000051, 47.672748584000033],
              [8.971347597000033, 47.673206406000077],
              [8.972269424000046, 47.674819231000072],
              [8.973387216000049, 47.676120213000047],
              [8.97430988800005, 47.676843210000072],
              [8.975307378000025, 47.677297604000046],
              [8.976143320000062, 47.677812644000028],
              [8.977178276000075, 47.678348438000057],
              [8.978673550000053, 47.67863],
              [8.979387798000062, 47.678774801000031],
              [8.981054666000034, 47.679103668000039],
              [8.982547788000034, 47.679457052000032],
              [8.983731657000021, 47.679913965000026],
              [8.985328932000073, 47.680781084000046],
              [8.985896766000053, 47.68136422300006],
              [8.986541541000065, 47.681606879000071],
              [8.987681312000063, 47.681766528000026],
              [8.989833572000066, 47.681895274000055],
              [8.990677937000044, 47.682140675000028],
              [8.991063684000039, 47.68258644000008],
              [8.991586505000043, 47.683339699000044],
              [8.992188418000069, 47.68368059800008],
              [8.993429785000046, 47.684003379000046],
              [8.994162587000062, 47.68441798300006],
              [8.994682794000028, 47.684820655000067],
              [8.995476191000023, 47.684993408000025],
              [8.995793333000051, 47.685069695000038],
              [8.996146037000074, 47.685290282000039],
              [8.996271196000066, 47.685552667000081],
              [8.996367568000039, 47.685886559000039],
              [8.996612478000031, 47.686150597000051],
              [8.996856302000026, 47.686450572000069],
              [8.997646469000074, 47.686731122000026],
              [8.998292187000061, 47.686946757000044],
              [8.998628892000056, 47.687256997000077],
              [8.998725012000023, 47.687599872000078],
              [8.998914274000072, 47.687944031000029],
              [8.999357709000037, 47.688246752000055],
              [8.999788188000025, 47.688745446000041],
              [9.000103662000072, 47.689110905000064],
              [9.000515346000043, 47.689583959000061],
              [9.001242879000074, 47.69061862500007],
              [9.001669267000068, 47.691487357000028],
              [9.002006567000024, 47.691779619000044],
              [9.002688766000063, 47.692112576000056],
              [9.003918226000053, 47.69283954000008],
              [9.004452763000074, 47.693655818000082],
              [9.004924569000025, 47.694345398000053],
              [9.00566903400005, 47.694823002000078],
              [9.006009952000056, 47.695438877000072],
              [9.006162674000052, 47.696115086000077],
              [9.005901764000043, 47.696821574000069],
              [9.004873065000027, 47.697823122000045],
              [9.001009912000029, 47.701419236000049],
              [8.999617584000021, 47.702550560000077],
              [8.999153637000063, 47.70336209900006],
              [8.996692557000074, 47.705044918000056],
              [8.994000441000026, 47.706436866000047],
              [8.992330529000071, 47.707051933000059],
              [8.990158855000061, 47.707525197000052],
              [8.987026273000026, 47.708065970000064],
              [8.980879990000062, 47.709607314000039],
              [8.976941856000053, 47.710352285000056],
              [8.974472611000067, 47.710964895000075],
              [8.972803411000029, 47.711543728000038],
              [8.971111170000029, 47.712436806000028],
              [8.968407674000048, 47.714160557000071],
              [8.964658334000035, 47.716103212000064],
              [8.963264903000038, 47.716630790000067],
              [8.962003322000044, 47.717108422000081],
              [8.958344840000052, 47.718683626000029],
              [8.955400454000028, 47.719990194000047],
              [8.953734822000058, 47.720663676000072],
              [8.953024336000055, 47.720843848000072],
              [8.952106186000037, 47.720902154000044],
              [8.951153548000036, 47.720936179000034],
              [8.950265423000076, 47.721161371000051],
              [8.94926640400007, 47.721551454000064],
              [8.946664218000024, 47.722489456000062],
              [8.946097576000057, 47.722576505000063],
              [8.945390015000044, 47.722661540000047],
              [8.944783668000071, 47.722890709000069],
              [8.943924743000025, 47.723306526000044],
              [8.943139995000024, 47.723604485000067],
              [8.942635585000062, 47.723954010000057],
              [8.942152308000061, 47.72448459800006],
              [8.941432808000059, 47.725337211000067],
              [8.940824397000029, 47.726183304000074],
              [8.940569110000069, 47.726538312000059],
              [8.940213046000054, 47.727270280000027],
              [8.939828360000035, 47.728064757000027],
              [8.939733584000066, 47.729807190000031],
              [8.939766187000032, 47.730041361000076],
              [8.939917017000027, 47.731176086000062],
              [8.940365359000054, 47.732171253000047],
              [8.94088139400003, 47.732708967000065],
              [8.941376169000023, 47.733075590000055],
              [8.941778856000042, 47.733404939000081],
              [8.942195712000057, 47.733707524000067],
              [8.943050374000052, 47.734070295000038],
              [8.943659054000022, 47.734204830000067],
              [8.944410854000068, 47.734449269000038],
              [8.944964016000029, 47.734654914000032],
              [8.945490264000057, 47.734869160000073],
              [8.945818433000056, 47.73502664800003],
              [8.946172958000034, 47.735193498000058],
              [8.94699878800003, 47.735627736000026],
              [8.947208788000069, 47.735729603000038],
              [8.947619972000041, 47.735789393000061],
              [8.948033687000077, 47.735768320000034],
              [8.948539788000062, 47.735775526000054],
              [8.94900059500003, 47.735952869000073],
              [8.949419765000073, 47.736183549000032],
              [8.950072374000058, 47.736192833000075],
              [8.950738303000037, 47.736202302000038],
              [8.951244408000036, 47.736209495000026],
              [8.952083479000066, 47.736221416000035],
              [8.952629541000022, 47.736229171000048],
              [8.953225234000058, 47.736354479000056],
              [8.953594514000031, 47.736476572000072],
              [8.954272085000071, 47.736540116000072],
              [8.95481815100004, 47.736547859000041],
              [8.955457448000061, 47.736556922000034],
              [8.955882806000034, 47.736589915000081],
              [8.956170504000056, 47.73676477500004],
              [8.956551435000051, 47.736940954000033],
              [8.957136623000054, 47.736976206000065],
              [8.957681576000027, 47.737019874000055],
              [8.958359160000043, 47.737083393000034],
              [8.959037584000043, 47.737119953000047],
              [8.959795921000023, 47.737157639000031],
              [8.960302038000066, 47.737164790000065],
              [8.96068828500006, 47.737170246000062],
              [8.960890577000043, 47.737092206000057],
              [8.961808577000056, 47.736278214000038],
              [8.961984506000022, 47.736190811000029],
              [8.962584679000031, 47.736172314000044],
              [8.963340221000067, 47.736299822000035],
              [8.96384187700005, 47.736450711000032],
              [8.96430803100003, 47.736457281000071],
              [8.965180975000067, 47.736235875000034],
              [8.96856834700003, 47.735276806000059],
              [8.968748143000028, 47.73506360600004],
              [8.968757852000067, 47.734749143000045],
              [8.96868848400004, 47.734406602000035],
              [8.968696529000056, 47.734146046000035],
              [8.968822494000051, 47.73395006800007],
              [8.969250612000053, 47.733893162000072],
              [8.969583563000072, 47.733897838000075],
              [8.970222828000033, 47.733906814000079],
              [8.970593793000035, 47.733974941000042],
              [8.971014708000041, 47.734151630000042],
              [8.971222536000028, 47.734325328000068],
              [8.971800783000049, 47.73458511900003],
              [8.972856558000046, 47.734914518000039],
              [8.973531367000021, 47.735067790000073],
              [8.974116822000042, 47.735093966000079],
              [8.974877350000042, 47.735059669000066],
              [8.975345150000066, 47.73501228300006],
              [8.977403545000072, 47.734366919000081],
              [8.978726639000058, 47.733801142000061],
              [8.979921582000031, 47.733503217000077],
              [8.980901499000026, 47.733265202000041],
              [8.982220675000065, 47.732825168000033],
              [8.983673829000054, 47.732360017000076],
              [8.98466084100005, 47.731888367000067],
              [8.985786221000069, 47.731247849000056],
              [8.987073296000062, 47.73054664600005],
              [8.987874623000039, 47.730045424000082],
              [8.988748992000069, 47.72976992200006],
              [8.989246920000028, 47.729606045000025],
              [8.98980705200006, 47.729586844000039],
              [8.990193243000022, 47.729592196000056],
              [8.990660977000061, 47.729544744000066],
              [8.991574452000066, 47.729296727000076],
              [8.992195495000033, 47.729026680000061],
              [8.992608924000024, 47.728573988000051],
              [8.993456116000061, 47.727875615000073],
              [8.994528026000069, 47.727234273000079],
              [8.995559651000065, 47.727041787000076],
              [8.995787117000077, 47.727008973000068],
              [8.996787744000073, 47.726959863000047],
              [8.997135056000047, 47.72692870000003],
              [8.997936752000044, 47.726849870000081],
              [8.998591967000038, 47.726769016000048],
              [8.998826772000029, 47.726493610000034],
              [8.998741988000063, 47.726213800000039],
              [8.998284357000045, 47.725928852000038],
              [8.998224306000054, 47.725712302000034],
              [8.998163438000063, 47.725522706000049],
              [8.998634117000051, 47.725376389000076],
              [8.998982776000048, 47.725300297000047],
              [8.999318118000076, 47.725224020000041],
              [8.999917329000027, 47.725232271000039],
              [9.00407436200004, 47.725947360000077],
              [9.00506359700006, 47.724700497000072],
              [9.004846355000041, 47.723722459000044],
              [9.005567436000035, 47.723185369000078],
              [9.007718776000047, 47.723340075000067],
              [9.007984953000062, 47.722776172000067],
              [9.005064223000034, 47.722525934000032],
              [9.006146987000022, 47.721742013000039],
              [9.008295532000034, 47.721771451000052],
              [9.008434615000056, 47.721289888000058],
              [9.009192116000065, 47.72102331800005],
              [9.009762914000021, 47.720793309000044],
              [9.011491419000038, 47.720420427000079],
              [9.013371343000074, 47.719915782000044],
              [9.014279685000076, 47.719829301000061],
              [9.014928057000077, 47.719972966000057],
              [9.015221114000042, 47.720417389000033],
              [9.015543903000037, 47.721203775000049],
              [9.015586947000031, 47.72154591900005],
              [9.015579150000065, 47.721806475000051],
              [9.015315949000069, 47.722144446000073],
              [9.014646295000034, 47.722710575000065],
              [9.014097541000069, 47.723242395000057],
              [9.013364243000069, 47.72370877600008],
              [9.01275696700003, 47.723970140000063],
              [9.01224073800006, 47.724304651000068],
              [9.011777064000057, 47.725107274000038],
              [9.011571396000022, 47.725302209000063],
              [9.011101296000049, 47.725430613000071],
              [9.010496954000075, 47.725593132000029],
              [9.009937776000072, 47.726025919000051],
              [9.009212584000068, 47.726663165000048],
              [9.008298242000023, 47.727387702000044],
              [9.005654392000054, 47.728475030000027],
              [9.004424964000066, 47.72904241100008],
              [9.002655234000031, 47.729854034000027],
              [9.001493986000071, 47.730858556000044],
              [9.001049607000027, 47.731565905000082],
              [9.000708053000039, 47.732369796000057],
              [9.000516059000063, 47.732890360000056],
              [9.000068770000041, 47.73344081700003],
              [8.999152598000023, 47.733680182000057],
              [8.996114249000073, 47.733899898000061],
              [8.993955372000073, 47.734179252000047],
              [8.992435813000043, 47.734300935000078],
              [8.99109171200007, 47.734448807000035],
              [8.990097813000034, 47.734672863000071],
              [8.989134074000049, 47.735063804000049],
              [8.987814309000044, 47.735568707000027],
              [8.987238888000036, 47.735941237000077],
              [8.986342766000064, 47.736585777000073],
              [8.986078190000057, 47.73695962100004],
              [8.986027811000042, 47.737300486000038],
              [8.986017662000052, 47.737632921000056],
              [8.985947199000066, 47.737864445000071],
              [8.985740393000071, 47.738231044000031],
              [8.985564289000024, 47.738516490000052],
              [8.985133406000045, 47.738663307000081],
              [8.984730805000027, 47.738756585000033],
              [8.984286323000049, 47.738912198000037],
              [8.983853509000028, 47.739121904000058],
              [8.983702050000034, 47.739281591000065],
              [8.983467101000031, 47.739556968000045],
              [8.983394732000022, 47.739744721000079],
              [8.983180098000048, 47.740227117000074],
              [8.983165258000042, 47.740712294000048],
              [8.983323579000057, 47.741199881000057],
              [8.983644491000064, 47.741599844000064],
              [8.983979279000039, 47.741982022000059],
              [8.984397014000024, 47.742266478000033],
              [8.984844964000047, 47.742434501000048],
              [8.985526373000027, 47.742812503000039],
              [8.986702300000047, 47.743143437000072],
              [8.988268650000066, 47.743344945000047],
              [8.989864116000035, 47.743465936000064],
              [8.990986880000037, 47.743355645000065],
              [8.99216947900004, 47.743030445000045],
              [8.993092420000039, 47.742917369000054],
              [8.994051499000022, 47.742930624000053],
              [8.994745803000058, 47.742886283000075],
              [8.995577673000071, 47.742700020000029],
              [8.996279057000038, 47.742422064000039],
              [8.997079394000025, 47.741956709000078],
              [8.998731064000026, 47.740618769000037],
              [8.999343133000025, 47.740199118000078],
              [8.999743021000029, 47.739800325000033],
              [9.000143624000032, 47.739377759000035],
              [9.000684464000074, 47.738980904000073],
              [9.001085770000032, 47.738534561000051],
              [9.001240383000038, 47.73808482700008],
              [9.001533801000051, 47.73770834700008],
              [9.002304514000059, 47.737498414000072],
              [9.003219705000049, 47.737196389000076],
              [9.004050053000071, 47.736614548000034],
              [9.004388173000052, 47.736448407000069],
              [9.004739068000049, 47.736300418000042],
              [9.005102738000062, 47.736170579000031],
              [9.005479454000067, 47.736049907000051],
              [9.006683551000037, 47.735886643000072],
              [9.007591115000025, 47.735836155000072],
              [9.008804115000032, 47.73537637000004],
              [9.010739966000074, 47.734360178000031],
              [9.012536515000022, 47.733099365000044],
              [9.014471394000054, 47.73211006300005],
              [9.015321168000071, 47.731762106000076],
              [9.016345939000075, 47.731353607000074],
              [9.016963649000047, 47.73119123500004],
              [9.017283268000028, 47.731195584000034],
              [9.017496348000066, 47.73119848400006],
              [9.01812226900006, 47.731206997000072],
              [9.01855245400003, 47.731078020000041],
              [9.01901114900005, 47.730886509000072],
              [9.019379838000077, 47.730585913000027],
              [9.019477082000037, 47.730452408000076],
              [9.019629740000028, 47.730247748000068],
              [9.019944883000051, 47.729955412000038],
              [9.020960012000046, 47.729420902000072],
              [9.022190866000074, 47.728799425000034],
              [9.02305625300005, 47.728370726000037],
              [9.024007891000053, 47.728176888000064],
              [9.02480769400006, 47.728160753000054],
              [9.025663167000062, 47.728064471000039],
              [9.026466971000048, 47.727913553000064],
              [9.027181823000035, 47.727617612000074],
              [9.028045280000072, 47.727251768000031],
              [9.029143091000037, 47.727068848000044],
              [9.031303809000065, 47.726981145000082],
              [9.031530188000033, 47.726984196000046],
              [9.033385418000023, 47.726865369000052],
              [9.034902110000075, 47.726481297000078],
              [9.035025131000054, 47.726429617000065],
              [9.036021680000033, 47.726010974000076],
              [9.03683118400005, 47.725212897000063],
              [9.037125059000061, 47.72428205600005],
              [9.037361492000059, 47.723943674000054],
              [9.037941212000021, 47.72370877000003],
              [9.038668456000039, 47.72343988800003],
              [9.039822050000055, 47.723167728000078],
              [9.040969553000025, 47.723102205000032],
              [9.042749210000068, 47.722829408000052],
              [9.044482177000077, 47.722331251000071],
              [9.045746448000045, 47.721916695000061],
              [9.046907599000065, 47.721383902000071],
              [9.049244717000022, 47.720264548000046],
              [9.051021934000062, 47.719614079000053],
              [9.053690116000041, 47.719011367000064],
              [9.055777640000031, 47.718221130000074],
              [9.058200556000031, 47.717345411000053],
              [9.060578754000062, 47.716630837000025],
              [9.064477952000061, 47.715361020000046],
              [9.065984633000028, 47.714841572000068],
              [9.066714191000074, 47.714482658000065],
              [9.067522235000069, 47.713711315000069],
              [9.067991472000074, 47.713142241000071],
              [9.06849700600003, 47.712699477000058],
              [9.069825322000042, 47.712357398000051],
              [9.07112182000003, 47.712194649000025],
              [9.072484356000075, 47.712050726000029],
              [9.073750197000038, 47.711563971000032],
              [9.075679147000073, 47.710708372000056],
              [9.076552944000071, 47.710423186000071],
              [9.081742787000053, 47.708693259000029],
              [9.083513521000043, 47.708239931000037],
              [9.084969348000072, 47.708088079000049],
              [9.086076252000055, 47.708030548000067],
              [9.086490701000059, 47.707973011000036],
              [9.086878525000031, 47.707915126000046],
              [9.087481122000042, 47.707797109000069],
              [9.087883278000049, 47.707703455000058],
              [9.088660706000042, 47.707524781000075],
              [9.089438896000047, 47.707319148000067],
              [9.09066609000007, 47.707245152000041],
              [9.091831313000057, 47.707008557000051],
              [9.09312575000007, 47.706441060000031],
              [9.094020066000041, 47.70589534800007],
              [9.09429951900006, 47.70543157600008],
              [9.094279693000033, 47.704721265000046],
              [9.095110464000072, 47.70406686900003],
              [9.096525342000064, 47.703473924000036],
              [9.098087473000021, 47.703323269000066],
              [9.098013734000062, 47.702609425000048],
              [9.099558118000061, 47.702068949000079],
              [9.101057506000075, 47.700023792000081],
              [9.102214550000042, 47.699271861000057],
              [9.103089101000023, 47.697690529000056],
              [9.105598051000072, 47.696184360000075],
              [9.10626429000007, 47.695689564000077],
              [9.106529507000062, 47.695252549000031],
              [9.106550442000071, 47.694506818000036],
              [9.106525713000053, 47.693490865000058],
              [9.10705314300003, 47.692248292000045],
              [9.107223167000029, 47.691881962000082],
              [9.107488355000044, 47.691444946000047],
              [9.107887617000074, 47.690973692000057],
              [9.104228904000024, 47.691334952000034],
              [9.103341520000072, 47.690268347000028],
              [9.103092483000069, 47.69013033400006],
              [9.103059895000058, 47.689869266000073],
              [9.103072031000067, 47.689438002000031],
              [9.102984341000024, 47.688893205000056],
              [9.102785143000062, 47.688462599000047],
              [9.10258394300007, 47.688103310000031],
              [9.102204709000034, 47.687813075000065],
              [9.101503269000034, 47.687708946000043],
              [9.098971135000056, 47.687581272000045],
              [9.098087637000049, 47.687688803000071],
              [9.097271859000045, 47.687892321000049],
              [9.096592866000037, 47.688240280000059],
              [9.095949742000073, 47.688564916000075],
              [9.094956564000029, 47.688813692000053],
              [9.094314096000062, 47.689114547000031],
              [9.09378330100003, 47.689202815000044],
              [9.09318545800005, 47.689171312000042],
              [9.092343192000044, 47.689065304000053],
              [9.091856368000037, 47.68884498400007],
              [9.091479887000048, 47.688459626000054],
              [9.091019533000065, 47.688231123000037],
              [9.090424835000022, 47.688079619000064],
              [9.089746986000023, 47.68804387800003],
              [9.089161516000047, 47.688036293000039],
              [9.088482902000067, 47.688027498000054],
              [9.087830134000058, 47.688045998000064],
              [9.087173274000065, 47.688208247000034],
              [9.086487240000054, 47.688459994000027],
              [9.085975204000022, 47.688678044000028],
              [9.085463932000039, 47.68886913700004],
              [9.084696504000021, 47.689173743000026],
              [9.084087976000035, 47.689507374000073],
              [9.083490951000044, 47.689904067000043],
              [9.082762389000038, 47.690245117000075],
              [9.082251345000032, 47.690427211000042],
              [9.081523794000077, 47.690732314000059],
              [9.080965114000037, 47.691183422000051],
              [9.08043303900007, 47.691634873000055],
              [9.079269279000073, 47.69276116900005],
              [9.078869474000044, 47.693241303000036],
              [9.078360885000052, 47.693800908000071],
              [9.07786790800003, 47.694279823000045],
              [9.077313276000041, 47.694587159000037],
              [9.076707981000027, 47.69480395000005],
              [9.076034337000067, 47.695082759000059],
              [9.075347377000071, 47.695361391000063],
              [9.074910943000077, 47.695724189000032],
              [9.074431223000033, 47.696203263000029],
              [9.073954849000074, 47.696565535000047],
              [9.073652253000034, 47.69690311800008],
              [9.073131550000028, 47.69741760200003],
              [9.07262853800006, 47.69777952000004],
              [9.071926662000067, 47.698111864000055],
              [9.071161594000046, 47.698326530000031],
              [9.07014183900003, 47.698600764000048],
              [9.069325852000077, 47.698733856000047],
              [9.068603800000062, 47.698841213000037],
              [9.068098059000022, 47.698834565000027],
              [9.067380152000055, 47.698798159000035],
              [9.067050800000061, 47.698676981000062],
              [9.066505134000067, 47.698669800000062],
              [9.066031794000025, 47.698924222000073],
              [9.065714263000075, 47.69931551600007],
              [9.065451522000046, 47.699653602000069],
              [9.065070552000066, 47.69993620200006],
              [9.064218813000025, 47.700383368000075],
              [9.063158833000045, 47.701124388000039],
              [9.062696940000023, 47.701441865000049],
              [9.062179460000038, 47.701839498000027],
              [9.061742091000042, 47.702229200000033],
              [9.061224074000052, 47.702644799000041],
              [9.060918750000042, 47.703072194000072],
              [9.060403063000024, 47.70340692700006],
              [9.059797326000023, 47.703632610000057],
              [9.059166006000055, 47.70382199900007],
              [9.058614544000022, 47.704012441000032],
              [9.058009575000028, 47.704211160000057],
              [9.057543711000051, 47.70420499100004],
              [9.057078632000071, 47.704171866000081],
              [9.056835141000022, 47.703845068000078],
              [9.056843240000035, 47.703566543000079],
              [9.056850817000054, 47.703305988000068],
              [9.056820815000037, 47.702964042000076],
              [9.056536357000027, 47.702672653000036],
              [9.056210142000054, 47.702443626000047],
              [9.055746911000028, 47.702347603000078],
              [9.055108822000022, 47.702312175000031],
              [9.054603047000057, 47.702305464000062],
              [9.053883529000075, 47.702322877000029],
              [9.053199750000033, 47.702484570000081],
              [9.052471843000035, 47.70278948300006],
              [9.051781236000068, 47.703184768000028],
              [9.051301221000074, 47.70366374300005],
              [9.050740547000032, 47.704168608000032],
              [9.05029965500006, 47.70467506500006],
              [9.049814623000032, 47.705324743000062],
              [9.049331678000044, 47.705902542000047],
              [9.049025968000024, 47.70633889000004],
              [9.048586617000069, 47.706791433000035],
              [9.048203131000037, 47.707154837000076],
              [9.047773757000073, 47.70726595900004],
              [9.047227210000074, 47.707285636000051],
              [9.046679610000069, 47.707341248000034],
              [9.046076395000057, 47.707477008000069],
              [9.045313706000059, 47.707601648000036],
              [9.044454934000044, 47.707823868000048],
              [9.043424162000065, 47.708007829000053],
              [9.042835825000054, 47.708089842000049],
              [9.042246957000032, 47.708189821000076],
              [9.041737692000027, 47.708299851000049],
              [9.041364180000073, 47.708321814000044],
              [9.040976564000061, 47.708370552000076],
              [9.04072443900003, 47.708340210000074],
              [9.040614677000065, 47.707997188000036],
              [9.040619698000057, 47.707826480000051],
              [9.04082597200005, 47.707604538000055],
              [9.041261175000045, 47.707295781000028],
              [9.041657232000034, 47.706959533000031],
              [9.042043404000026, 47.706506306000051],
              [9.042362224000044, 47.706079140000043],
              [9.042452117000039, 47.70573879300008],
              [9.042527114000052, 47.705452175000062],
              [9.042921829000022, 47.705160846000069],
              [9.043706762000056, 47.704730924000046],
              [9.044606069000054, 47.704032880000057],
              [9.044375442000046, 47.703615501000058],
              [9.044026066000072, 47.703515706000076],
              [9.043568949000075, 47.703485813000043],
              [9.043220275000067, 47.703362244000061],
              [9.043227951000063, 47.703100754000047],
              [9.043588483000065, 47.702820201000065],
              [9.043949013000031, 47.702539646000048],
              [9.043982601000039, 47.702137036000067],
              [9.043749616000071, 47.701909217000036],
              [9.043368645000044, 47.701733348000062],
              [9.042908083000043, 47.701547424000069],
              [9.042190155000071, 47.701510852000069],
              [9.041604533000054, 47.701503012000046],
              [9.041285103000064, 47.70149873400004],
              [9.040927329000056, 47.701440013000081],
              [9.040855132000047, 47.701178389000063],
              [9.040863320000028, 47.700899867000032],
              [9.04108472300004, 47.700615212000059],
              [9.041711473000021, 47.70012925900005],
              [9.042538375000049, 47.699628005000079],
              [9.043614841000021, 47.698788534000073],
              [9.043997638000064, 47.697993710000048],
              [9.044018854000058, 47.697724351000033],
              [9.043962063000038, 47.697391031000052],
              [9.043717110000046, 47.697118113000045],
              [9.043512348000036, 47.696836743000063],
              [9.043375712000056, 47.696502356000053],
              [9.043359643000031, 47.696142617000078],
              [9.042764230000046, 47.695110008000029],
              [9.042483857000036, 47.694683816000065],
              [9.042493882000031, 47.694342402000075],
              [9.042609313000071, 47.694038352000064],
              [9.042939245000071, 47.693683244000056],
              [9.043334390000041, 47.693373948000044],
              [9.043913199000031, 47.693156987000066],
              [9.044437982000034, 47.692966266000042],
              [9.045323111000073, 47.692744404000052],
              [9.046652368000025, 47.692357690000051],
              [9.047976085000073, 47.692159636000042],
              [9.048510472000032, 47.69209485600004],
              [9.048980423000046, 47.691957311000067],
              [9.049584228000072, 47.691794582000057],
              [9.05017551100002, 47.691604719000054],
              [9.050888387000043, 47.691353555000035],
              [9.051871324000047, 47.690971158000082],
              [9.052435974000048, 47.690780929000027],
              [9.05296174800003, 47.690554229000043],
              [9.053343761000065, 47.690235736000034],
              [9.053564521000055, 47.689969028000064],
              [9.053825721000067, 47.689684881000062],
              [9.054159168000069, 47.689662345000045],
              [9.05429171000003, 47.689682081000058],
              [9.05450356700004, 47.689720845000068],
              [9.054497811000033, 47.689918505000037],
              [9.054492840000023, 47.690089212000032],
              [9.054742265000073, 47.69020936700008],
              [9.055248701000039, 47.690189124000028],
              [9.055894998000042, 47.689937045000079],
              [9.05986241200003, 47.689000909000072],
              [9.060291601000074, 47.688889741000025],
              [9.060787320000031, 47.688779450000027],
              [9.061337824000077, 47.688615953000067],
              [9.061930845000063, 47.688363135000031],
              [9.062496207000038, 47.688145901000041],
              [9.063183139000046, 47.687867352000069],
              [9.063855978000049, 47.687615578000077],
              [9.064594300000067, 47.687400614000069],
              [9.065400184000055, 47.687150584000051],
              [9.066244160000053, 47.686963965000075],
              [9.06691515600005, 47.686775064000074],
              [9.067517284000076, 47.686666144000071],
              [9.068081048000067, 47.686502788000041],
              [9.068593140000075, 47.686284822000061],
              [9.068986513000027, 47.68602934200004],
              [9.069542655000021, 47.685668144000033],
              [9.069925042000023, 47.68533162500006],
              [9.070531286000062, 47.685078936000082],
              [9.071081717000027, 47.684915390000072],
              [9.071802527000045, 47.684843957000055],
              [9.072639207000066, 47.68490885600005],
              [9.073235620000048, 47.68499756500006],
              [9.073860968000076, 47.685005758000045],
              [9.074419790000036, 47.685013077000065],
              [9.075140597000029, 47.684941621000064],
              [9.07713209700006, 47.684653088000061],
              [9.077682501000027, 47.684489509000059],
              [9.078408441000022, 47.684238340000036],
              [9.078876177000041, 47.684172543000045],
              [9.079381770000055, 47.684179141000072],
              [9.079889162000029, 47.684122845000047],
              [9.080495340000027, 47.683870100000036],
              [9.080836955000052, 47.683559977000073],
              [9.081137109000053, 47.683303239000054],
              [9.081523464000043, 47.683290298000031],
              [9.081988620000061, 47.683314333000055],
              [9.082620585000029, 47.683556248000059],
              [9.083376659000066, 47.683646980000049],
              [9.083957208000072, 47.683825302000059],
              [9.084416223000062, 47.684064957000032],
              [9.084699970000031, 47.684383223000054],
              [9.084999587000027, 47.684611815000039],
              [9.085363173000076, 47.68493111600003],
              [9.085904596000034, 47.685081956000033],
              [9.08646342000003, 47.685089213000026],
              [9.086971581000057, 47.685005930000045],
              [9.08752938300006, 47.685049119000041],
              [9.088228179000055, 47.685282880000045],
              [9.089326912000047, 47.685494856000048],
              [9.090371412000025, 47.685742069000071],
              [9.09108430200007, 47.685949031000064],
              [9.091729650000048, 47.68619106500006],
              [9.092619102000072, 47.686390940000081],
              [9.093076091000057, 47.686420626000029],
              [9.094026622000058, 47.686432905000061],
              [9.095117972000025, 47.686446992000072],
              [9.095579671000053, 47.686310265000031],
              [9.096219406000046, 47.686104491000037],
              [9.096789400000034, 47.685874033000061],
              [9.09746298500005, 47.685716248000062],
              [9.098202277000041, 47.685725769000044],
              [9.098906365000062, 47.685734832000037],
              [9.099680192000051, 47.685768567000025],
              [9.105478086000062, 47.686058826000078],
              [9.105626224000048, 47.68513015800005],
              [9.109127155000067, 47.684880024000051],
              [9.11169886700003, 47.685060303000057],
              [9.113125776000061, 47.685018660000026],
              [9.113998895000066, 47.684256824000045],
              [9.114295358000049, 47.683649424000066],
              [9.114683927000044, 47.682602793000058],
              [9.115532375000043, 47.681768730000044],
              [9.116835895000065, 47.680841579000059],
              [9.117355721000024, 47.680335877000061],
              [9.117682229000025, 47.679603024000073],
              [9.118041387000062, 47.679131230000053],
              [9.119984636000027, 47.677920189000076],
              [9.120291024000039, 47.677676781000059],
              [9.122831953000059, 47.676270912000064],
              [9.123438564000026, 47.675990977000026],
              [9.12425193100006, 47.675453006000055],
              [9.124609752000026, 47.675026116000026],
              [9.125004987000068, 47.674689575000059],
              [9.125641405000067, 47.674293163000073],
              [9.125893034000057, 47.673855941000056],
              [9.125904222000031, 47.67345163400006],
              [9.125871774000075, 47.673181593000038],
              [9.12592485700003, 47.672705914000062],
              [9.126348279000069, 47.67183046100007],
              [9.126869653000028, 47.671261826000034],
              [9.126952670000037, 47.670184348000078],
              [9.127071117000071, 47.66926909700004],
              [9.127346191000072, 47.668463674000066],
              [9.127918094000051, 47.667509203000066],
              [9.128168180000046, 47.667125885000075],
              [9.127830524000046, 47.666598650000026],
              [9.129379338000035, 47.666243499000075],
              [9.13077918700003, 47.666032832000042],
              [9.13238702600006, 47.665938904000029],
              [9.133362999000042, 47.665779947000033],
              [9.135419163000051, 47.665203802000065],
              [9.137154231000068, 47.664628983000057],
              [9.138220876000048, 47.66424283300006],
              [9.139325821000057, 47.663999831000069],
              [9.140380722000032, 47.664041550000036],
              [9.141599072000076, 47.664285050000046],
              [9.142894094000042, 47.664814850000027],
              [9.146511178000026, 47.666943003000029],
              [9.147346452000022, 47.667295816000035],
              [9.148339066000062, 47.667611930000078],
              [9.148471830000062, 47.667622566000034],
              [9.148884157000055, 47.66762768600006],
              [9.149310275000062, 47.667614999000079],
              [9.149723579000067, 47.667584177000037],
              [9.15013712800004, 47.667544368000051],
              [9.150550919000068, 47.667495574000043],
              [9.150951654000039, 47.667437628000073],
              [9.151339330000042, 47.667370531000074],
              [9.156892957000025, 47.666189928000051],
              [9.157522210000025, 47.666044902000067],
              [9.157709389000047, 47.666011260000062],
              [9.157871665000073, 47.665914398000041],
              [9.158116657000051, 47.665710704000048],
              [9.158484990000034, 47.665373716000033],
              [9.158840503000022, 47.66501859400006],
              [9.159169654000038, 47.664654158000076],
              [9.159472442000038, 47.664280409000071],
              [9.159748625000077, 47.663906332000067],
              [9.159915254000055, 47.663647744000059],
              [9.159971848000055, 47.663522615000034],
              [9.159989026000062, 47.66337902500004],
              [9.159979605000046, 47.663235108000038],
              [9.159908048000034, 47.662928650000026],
              [9.15988532800003, 47.662784569000053],
              [9.159888964000061, 47.662649800000054],
              [9.159945556000025, 47.662524671000028],
              [9.160041804000059, 47.662409017000073],
              [9.160151109000026, 47.662302512000053],
              [9.16040937300005, 47.662098978000074],
              [9.16070753300005, 47.661895933000039],
              [9.161004964000028, 47.661719842000025],
              [9.161585552000076, 47.661403432000043],
              [9.162315811000042, 47.66096303300003],
              [9.163034451000044, 47.660459573000026],
              [9.164607573000069, 47.659346458000073],
              [9.165339224000036, 47.65885213200005],
              [9.166233095000052, 47.658260927000072],
              [9.167163884000047, 47.657667036000078],
              [9.168195577000063, 47.65700873600008],
              [9.16972768100004, 47.656074111000066],
              [9.170096818000047, 47.655515718000061],
              [9.170534654000051, 47.65485338600007],
              [9.171882271000072, 47.655458384000042],
              [9.172905946000071, 47.655466509000064],
              [9.174402822000047, 47.655645536000065],
              [9.175332480000066, 47.655756712000027],
              [9.175793332000069, 47.653937864000056],
              [9.176537223000025, 47.65421655800003],
              [9.178181896000069, 47.654832695000039],
              [9.181678163000072, 47.65573491300006],
              [9.181285073000026, 47.656512060000068],
              [9.181190257000026, 47.657077122000032],
              [9.181092338000042, 47.657758984000054],
              [9.178858538000043, 47.657219601000065],
              [9.178549964000069, 47.657818016000078],
              [9.178767488000062, 47.660642733000032],
              [9.180123282000068, 47.660686147000035],
              [9.179819017000057, 47.662623761000077],
              [9.179718993000051, 47.662883185000055],
              [9.179422577000025, 47.663023390000035],
              [9.179125442000043, 47.663190547000056],
              [9.178999770000075, 47.663413710000043],
              [9.178989017000049, 47.663818018000029],
              [9.178977785000029, 47.66424029600006],
              [9.17896703100007, 47.664644605000035],
              [9.178961773000026, 47.66484226700004],
              [9.178958667000074, 47.66495906800003],
              [9.178952692000053, 47.665183684000056],
              [9.178733672000021, 47.665414702000078],
              [9.178424894000045, 47.665518803000055],
              [9.17744056500004, 47.666010149000044],
              [9.178010723000057, 47.666583292000041],
              [9.17842558600006, 47.666992771000025],
              [9.179243627000062, 47.666751049000027],
              [9.179794451000021, 47.666551018000064],
              [9.179982332000066, 47.666490384000042],
              [9.180183037000063, 47.666447880000078],
              [9.180383502000041, 47.666414361000079],
              [9.180783476000045, 47.666383259000042],
              [9.181209813000066, 47.666361463000044],
              [9.181635434000043, 47.666366620000076],
              [9.182539164000048, 47.666404525000075],
              [9.182871205000026, 47.666426519000026],
              [9.183481607000033, 47.666487830000051],
              [9.184861073000036, 47.66664830700006],
              [9.185325410000075, 47.66669885500005],
              [9.185949357000027, 47.666751327000043],
              [9.186361206000072, 47.666774274000034],
              [9.187397718000057, 47.666822729000046],
              [9.188022618000048, 47.666839251000056],
              [9.188647993000075, 47.666837800000053],
              [9.189261016000046, 47.666800247000026],
              [9.190088273000072, 47.666711343000031],
              [9.191102684000043, 47.666588734000072],
              [9.192318730000068, 47.666387651000036],
              [9.193722394000076, 47.666134881000062],
              [9.19452491900006, 47.665973747000066],
              [9.195314375000066, 47.665803463000032],
              [9.198406349000038, 47.665094520000025],
              [9.199074898000049, 47.66496770100008],
              [9.19966011300005, 47.664974695000069],
              [9.200271929000053, 47.664982003000034],
              [9.200737441000058, 47.664987561000032],
              [9.201369136000039, 47.66474345000006],
              [9.201718701000061, 47.664603821000071],
              [9.20278303200007, 47.664095237000026],
              [9.203358690000073, 47.663958297000079],
              [9.206421962000036, 47.663320689000045],
              [9.207264301000066, 47.663159936000056],
              [9.207742863000021, 47.663174606000041],
              [9.208601983000051, 47.663391516000047],
              [9.209336040000039, 47.66381364700004],
              [9.210510419000059, 47.664699352000071],
              [9.211234688000047, 47.664987325000027],
              [9.211419049000028, 47.66506062600007],
              [9.213747522000062, 47.66556711800007],
              [9.214739783000027, 47.665782939000053],
              [9.215083529000026, 47.665867023000033],
              [9.215704919000075, 47.666019018000043],
              [9.216635734000022, 47.666038986000046],
              [9.217314069000054, 47.666046982000069],
              [9.217727909000075, 47.666122019000056],
              [9.217837747000033, 47.666376701000047],
              [9.217763588000025, 47.666672414000061],
              [9.217367421000063, 47.667072183000073],
              [9.216887960000065, 47.667605781000077],
              [9.216622701000063, 47.668087977000027],
              [9.21631823000007, 47.668542749000039],
              [9.215881435000028, 47.668968996000046],
              [9.215325151000059, 47.669384845000081],
              [9.214928246000056, 47.669811560000028],
              [9.214436128000045, 47.670318036000026],
              [9.214063019000037, 47.670852880000041],
              [9.213582089000056, 47.671440373000053],
              [9.213142219000076, 47.671983413000078],
              [9.212918205000051, 47.672412166000072],
              [9.212518459000023, 47.67294669000006],
              [9.212133406000021, 47.673427462000063],
              [9.21169350200006, 47.673970497000028],
              [9.211386152000046, 47.674533075000056],
              [9.211027681000076, 47.675014158000067],
              [9.210601288000021, 47.675548362000029],
              [9.210415746000024, 47.676031493000039],
              [9.210362301000032, 47.676552138000034],
              [9.210386110000059, 47.677172563000056],
              [9.210410387000024, 47.677775018000034],
              [9.210525692000033, 47.678459439000051],
              [9.21059361600004, 47.678918611000029],
              [9.210687964000044, 47.679278823000061],
              [9.210809762000054, 47.679819929000075],
              [9.211104800000044, 47.680245839000065],
              [9.211523548000059, 47.680520424000065],
              [9.211836564000066, 47.680766793000032],
              [9.211895628000036, 47.681055095000033],
              [9.211407124000061, 47.682442393000031],
              [9.210568214000034, 47.683484012000065],
              [9.209797202000061, 47.683960209000077],
              [9.209156894000046, 47.684527828000057],
              [9.20849204700005, 47.685526559000039],
              [9.208044982000047, 47.686339131000068],
              [9.207599305000031, 47.687097792000031],
              [9.206945626000049, 47.687665241000047],
              [9.20634749900006, 47.688143470000057],
              [9.205521741000041, 47.68867291600003],
              [9.204824346000066, 47.689383637000049],
              [9.203837459000056, 47.689965081000025],
              [9.203062525000064, 47.690584992000026],
              [9.202583387000061, 47.691091583000059],
              [9.201880127000038, 47.691514611000059],
              [9.201044955000043, 47.691891123000062],
              [9.199976245000073, 47.692543460000081],
              [9.199154114000066, 47.692929101000061],
              [9.198127637000027, 47.693492048000053],
              [9.197438792000071, 47.693870283000081],
              [9.196497789000034, 47.694218533000026],
              [9.195770885000059, 47.694524400000034],
              [9.195042555000043, 47.694884172000059],
              [9.194329414000038, 47.695172219000028],
              [9.193173062000028, 47.695607736000056],
              [9.192485334000025, 47.695941016000063],
              [9.191717743000027, 47.696273332000032],
              [9.190258086000028, 47.696597322000059],
              [9.189519223000048, 47.696849078000071],
              [9.188711197000032, 47.69719886300004],
              [9.188075703000038, 47.697568696000076],
              [9.18734418300005, 47.698045221000029],
              [9.186827024000024, 47.698470400000076],
              [9.186391378000053, 47.698833646000026],
              [9.186207891000038, 47.699226895000038],
              [9.186191956000073, 47.699828885000045],
              [9.186031029000048, 47.700878517000035],
              [9.185744607000061, 47.701639025000077],
              [9.185293473000058, 47.702082971000038],
              [9.183908222000071, 47.702605510000069],
              [9.182336834000068, 47.70311679200006],
              [9.181541012000025, 47.703502626000045],
              [9.180997603000037, 47.703909487000033],
              [9.180246876000069, 47.704601445000037],
              [9.179606443000068, 47.705150930000059],
              [9.179352498000071, 47.705687123000075],
              [9.179299652000054, 47.706171826000059],
              [9.179288413000052, 47.706594120000034],
              [9.179448312000034, 47.707090391000065],
              [9.179612517000066, 47.707424933000027],
              [9.179883696000047, 47.707742795000058],
              [9.180130406000046, 47.707979469000065],
              [9.180191230000048, 47.708195915000033],
              [9.180186211000034, 47.708384600000045],
              [9.180077087000029, 47.708482144000072],
              [9.179860989000076, 47.70859636800003],
              [9.17957522100005, 47.708826589000068],
              [9.179472234000059, 47.709193844000026],
              [9.179460757000072, 47.70962512300008],
              [9.179664668000044, 47.709969135000051],
              [9.180120085000055, 47.710370121000039],
              [9.180533660000037, 47.710842502000048],
              [9.180854531000023, 47.711295782000036],
              [9.181018521000055, 47.711639308000031],
              [9.181007057000045, 47.712070589000064],
              [9.180996548000053, 47.712465929000075],
              [9.180747771000028, 47.713307780000036],
              [9.180469731000073, 47.714248144000067],
              [9.18020881800004, 47.715044909000028],
              [9.18009363300007, 47.715870403000054],
              [9.179921601000046, 47.716830027000071],
              [9.179569856000057, 47.717535812000051],
              [9.179094443000054, 47.718383905000053],
              [9.178826978000075, 47.71919673900004],
              [9.178265364000026, 47.721432026000059],
              [9.17824788300004, 47.72208816300008],
              [9.178231162000031, 47.722715772000072],
              [9.178089887000056, 47.723256260000028],
              [9.177986325000063, 47.723968427000045],
              [9.177974162000055, 47.724424871000053],
              [9.178043516000059, 47.724996452000028],
              [9.178027551000071, 47.725595535000082],
              [9.177720184000066, 47.726019860000065],
              [9.17715836800005, 47.726469634000068],
              [9.176767948000077, 47.726835874000074],
              [9.176283527000066, 47.727504578000037],
              [9.175591931000042, 47.728848357000061],
              [9.174412042000029, 47.731125964000057],
              [9.174238537000065, 47.731636173000027],
              [9.174232293000046, 47.731869786000061],
              [9.174466738000035, 47.732070376000081],
              [9.174700465000058, 47.732297920000065],
              [9.174721820000059, 47.732495917000051],
              [9.174528400000042, 47.732754219000071],
              [9.174148758000058, 47.733001267000077],
              [9.173887539000077, 47.733303683000031],
              [9.173742100000027, 47.733760306000079],
              [9.17332499500003, 47.734411359000035],
              [9.172740021000038, 47.734862629000077],
              [9.171772872000076, 47.735156442000061],
              [9.170883219000075, 47.735541072000046],
              [9.170425550000061, 47.735715251000045],
              [9.169997167000076, 47.735790917000031],
              [9.169385928000054, 47.735729528000036],
              [9.168597200000022, 47.735827752000034],
              [9.167763684000022, 47.736105186000032],
              [9.166807144000074, 47.736497955000061],
              [9.166136340000037, 47.73666950900008],
              [9.165103487000067, 47.736926507000078],
              [9.163622119000024, 47.737510558000054],
              [9.161609846000033, 47.738510514000041],
              [9.158861678000051, 47.740112576000058],
              [9.157437014000038, 47.741056771000046],
              [9.156233220000047, 47.741716050000036],
              [9.15460108700006, 47.742936286000031],
              [9.153042071000073, 47.743914722000056],
              [9.151829600000042, 47.744888436000053],
              [9.150859929000035, 47.746242648000077],
              [9.150369577000049, 47.746632060000081],
              [9.149758095000038, 47.747064911000052],
              [9.149531481000054, 47.74755645700003],
              [9.149351789000036, 47.74828227900008],
              [9.149073588000022, 47.748710267000035],
              [9.148898680000059, 47.748771017000081],
              [9.14870995900003, 47.74884957200004],
              [9.148508649000064, 47.74890100600004],
              [9.148307584000065, 47.748943455000074],
              [9.148107009000057, 47.748967932000028],
              [9.147906678000027, 47.748983424000073],
              [9.147706838000033, 47.748980945000028],
              [9.147387583000068, 47.748959008000043],
              [9.146843069000056, 47.748889333000079],
              [9.146368849000055, 47.748685703000035],
              [9.14588548200004, 47.748329158000047],
              [9.145413480000059, 47.748044658000026],
              [9.144257376000041, 47.747922427000049],
              [9.14182528200007, 47.747676434000027],
              [9.139430222000044, 47.747538708000036],
              [9.138616822000074, 47.74755551800007],
              [9.138006465000046, 47.747458011000049],
              [9.137413383000023, 47.747216904000027],
              [9.136857802000065, 47.747066146000066],
              [9.136283467000055, 47.747112892000075],
              [9.135622770000055, 47.747392249000029],
              [9.134946022000065, 47.747770272000025],
              [9.134117024000034, 47.748353114000054],
              [9.132994165000071, 47.748959231000072],
              [9.130867355000021, 47.749723510000081],
              [9.129854237000075, 47.75021412600006],
              [9.128563206000024, 47.751114700000073],
              [9.127414565000038, 47.751684485000055],
              [9.126348577000044, 47.752156428000035],
              [9.125302739000063, 47.752862312000047],
              [9.124161360000073, 47.753647876000059],
              [9.123419667000064, 47.754438476000075],
              [9.12257610000006, 47.755057006000072],
              [9.12223550300007, 47.755322353000054],
              [9.121745586000031, 47.755684684000073],
              [9.120259967000038, 47.75686134700004],
              [9.11998772000004, 47.757064634000074],
              [9.119157140000027, 47.757692293000048],
              [9.118287064000071, 47.75830146900006],
              [9.117391068000074, 47.758883345000072],
              [9.116753499000026, 47.759279736000053],
              [9.116011824000054, 47.759584919000076],
              [9.114603362000025, 47.759899603000065],
              [9.113677367000037, 47.760121532000028],
              [9.112990472000035, 47.760373460000039],
              [9.112135360000025, 47.760919862000037],
              [9.111240252000073, 47.761465747000045],
              [9.110471103000066, 47.761797509000075],
              [9.109085161000053, 47.762256226000034],
              [9.107596621000027, 47.762569800000051],
              [9.106768628000054, 47.762622143000044],
              [9.105860928000027, 47.76266447200004],
              [9.10410507000006, 47.763001547000044],
              [9.10318875300004, 47.763349351000045],
              [9.102280682000071, 47.763877023000077],
              [9.101187539000023, 47.764348383000026],
              [9.100123821000068, 47.76472123700006],
              [9.098523709000062, 47.765204039000025],
              [9.09729799400003, 47.765646692000075],
              [9.09571395200004, 47.766030787000034],
              [9.094601688000068, 47.766232182000067],
              [9.093414551000023, 47.766252830000042],
              [9.092330203000074, 47.766409619000058],
              [9.091576476000057, 47.766660554000055],
              [9.090628494000043, 47.767178629000057],
              [9.089948065000044, 47.767664202000049],
              [9.089526730000046, 47.767946386000062],
              [9.087828253000055, 47.768598545000032],
              [9.086774084000069, 47.76909723600005],
              [9.084854329000052, 47.770025127000054],
              [9.083338206000064, 47.770823402000076],
              [9.080722660000049, 47.771832069000027],
              [9.079543242000057, 47.772508835000053],
              [9.078819811000074, 47.773092658000053],
              [9.078110981000066, 47.773631723000051],
              [9.076654924000024, 47.774188001000027],
              [9.075589777000062, 47.774596560000077],
              [9.074995793000028, 47.774849470000049],
              [9.074598386000048, 47.775221799000064],
              [9.074320940000064, 47.77559569500005],
              [9.073939437000035, 47.775878344000034],
              [9.073225462000039, 47.776129676000039],
              [9.072023581000053, 47.77665326500005],
              [9.071251602000075, 47.777065622000066],
              [9.070375822000074, 47.777377737000052],
              [9.069701538000061, 47.777638556000056],
              [9.069087672000023, 47.778115892000073],
              [9.068718672000045, 47.778425653000056],
              [9.067416360000038, 47.779190570000026],
              [9.066343751000034, 47.779850628000077],
              [9.065293612000062, 47.780654790000028],
              [9.064811155000029, 47.781196753000074],
              [9.064348061000032, 47.781990652000047],
              [9.064081227000031, 47.782454552000047],
              [9.063713205000056, 47.782728356000064],
              [9.063336797000034, 47.782831264000038],
              [9.062679383000045, 47.782966423000062],
              [9.061693922000075, 47.783375903000035],
              [9.060848831000044, 47.784002956000052],
              [9.060001629000055, 47.784701884000071],
              [9.059146042000066, 47.785688336000078],
              [9.058526485000073, 47.786354306000078],
              [9.057516595000038, 47.787599382000053],
              [9.056720523000024, 47.788370874000066],
              [9.056024567000065, 47.788909979000039],
              [9.054712906000077, 47.789521824000076],
              [9.052686404000042, 47.790402826000047],
              [9.051178007000033, 47.791353594000043],
              [9.05021264100003, 47.791978975000063],
              [9.049468669000021, 47.792787067000063],
              [9.049275329000068, 47.793051674000026],
              [9.049162950000039, 47.793205476000026],
              [9.048918635000064, 47.793804478000027],
              [9.048703788000068, 47.794763424000053],
              [9.048168894000071, 47.795718113000078],
              [9.047745765000059, 47.796045069000058],
              [9.047125503000075, 47.796270521000054],
              [9.045986748000075, 47.796435129000031],
              [9.044974738000064, 47.79682613600005],
              [9.043272571000045, 47.79754949900007],
              [9.042305927000029, 47.798210755000071],
              [9.041894222000053, 47.798600764000071],
              [9.041779337000037, 47.798877884000035],
              [9.041633811000054, 47.799289427000076],
              [9.041466637000042, 47.799529892000066],
              [9.04082502600005, 47.800024692000079],
              [9.039778814000044, 47.800666885000055],
              [9.039250487000061, 47.800938470000062],
              [9.038564238000049, 47.801136026000052],
              [9.038257767000061, 47.801122932000055],
              [9.037842749000049, 47.801171305000025],
              [9.036888171000044, 47.801419188000068],
              [9.034599980000053, 47.802098608000051],
              [9.033802482000056, 47.802447452000081],
              [9.032101845000057, 47.803557193000074],
              [9.030987173000028, 47.80470176700004],
              [9.030626018000021, 47.805631755000036],
              [9.030604588000074, 47.805870619000075],
              [9.030532939000068, 47.80652040800004],
              [9.030771164000043, 47.807035986000074],
              [9.03117024900007, 47.807526762000066],
              [9.03174953000007, 47.807936158000075],
              [9.032165267000039, 47.808203367000033],
              [9.032621230000075, 47.808304632000045],
              [9.032871084000021, 47.808212857000058],
              [9.033301614000038, 47.80798081100005],
              [9.033727214000066, 47.807915180000066],
              [9.034035578000044, 47.808095637000065],
              [9.034243205000053, 47.808373994000078],
              [9.034058306000077, 47.808656911000071],
              [9.033728720000056, 47.809056801000054],
              [9.033633945000076, 47.809492520000049],
              [9.033761592000076, 47.811040339000044],
              [9.033910754000033, 47.811410891000037],
              [9.034426236000058, 47.812029066000036],
              [9.035036437000031, 47.812603564000028],
              [9.035454530000038, 47.812905812000054],
              [9.036242152000057, 47.813347849000081],
              [9.036874756000032, 47.813617012000066],
              [9.037351536000074, 47.813740259000042],
              [9.037724253000022, 47.813772220000033],
              [9.038072943000032, 47.813713968000059],
              [9.03835811700003, 47.813546996000071],
              [9.038564841000039, 47.813325040000052],
              [9.03883481500003, 47.813220786000045],
              [9.039034909000065, 47.813223465000078],
              [9.039283061000049, 47.813406566000026],
              [9.03937034300003, 47.813614481000059],
              [9.039482451000026, 47.813885651000078],
              [9.039594915000066, 47.814597286000037],
              [9.039488550000044, 47.815036323000072],
              [9.039146035000044, 47.815337366000051],
              [9.038748829000042, 47.815682620000075],
              [9.038470355000072, 47.816074408000077],
              [9.038319712000032, 47.816656676000036],
              [9.038455849000059, 47.817018060000066],
              [9.038623444000052, 47.817218062000052],
              [9.039006082000071, 47.817367008000076],
              [9.039536531000067, 47.817481975000078],
              [9.040674997000053, 47.817344388000038],
              [9.04220536400004, 47.817041233000054],
              [9.042847301000052, 47.816995871000074],
              [9.043399818000069, 47.816814476000047],
              [9.044354396000074, 47.816575519000025],
              [9.044918395000025, 47.816457193000076],
              [9.045385841000041, 47.816445445000056],
              [9.045758583000065, 47.816477379000048],
              [9.046254293000061, 47.816412070000069],
              [9.04681934000007, 47.816257792000044],
              [9.052846765000027, 47.815052448000074],
              [9.05322396400004, 47.814931603000048],
              [9.054280234000032, 47.814406261000045],
              [9.055396889000065, 47.814097443000037],
              [9.056288567000024, 47.81418115300005],
              [9.057069863000038, 47.814389241000072],
              [9.05767748300002, 47.814604018000068],
              [9.057902171000023, 47.814678899000057],
              [9.05865732500007, 47.81486865200003],
              [9.060215507000066, 47.814979107000056],
              [9.060855835000041, 47.814987551000058],
              [9.06164603700006, 47.814890100000071],
              [9.062144579000062, 47.814725878000047],
              [9.063228993000052, 47.814146889000028],
              [9.06533573300004, 47.812826262000044],
              [9.065830271000038, 47.812338371000067],
              [9.066410037000026, 47.811671819000026],
              [9.067981293000059, 47.809481177000066],
              [9.068611235000049, 47.808923141000037],
              [9.069007399000043, 47.808604737000053],
              [9.069416897000053, 47.808286506000059],
              [9.070526094000058, 47.807303275000038],
              [9.070745468000041, 47.807099404000041],
              [9.071363426000062, 47.806954685000051],
              [9.071795166000072, 47.80678954800004],
              [9.07228206800005, 47.806562208000059],
              [9.073200955000061, 47.806160738000074],
              [9.073960550000038, 47.805730213000061],
              [9.074792509000076, 47.805102874000056],
              [9.075597771000048, 47.804475180000054],
              [9.075938439000026, 47.804227939000043],
              [9.076454296000065, 47.803920060000053],
              [9.077266919000067, 47.80349919400004],
              [9.078119024000046, 47.80309681500006],
              [9.080012225000075, 47.802213596000058],
              [9.080864285000075, 47.801811196000074],
              [9.081703509000022, 47.801390644000037],
              [9.082340872000032, 47.801030386000036],
              [9.083545548000075, 47.800425804000042],
              [9.08400617500007, 47.800180096000076],
              [9.084482188000038, 47.799862676000032],
              [9.084710700000073, 47.79980271900007],
              [9.085030768000024, 47.799806869000065],
              [9.085395463000054, 47.799649800000054],
              [9.086238972000046, 47.799076462000073],
              [9.087102973000071, 47.798251698000058],
              [9.087763582000036, 47.79754114900004],
              [9.088413931000048, 47.797190015000069],
              [9.088751669000033, 47.797041575000037],
              [9.089462797000067, 47.79689796100007],
              [9.090926578000051, 47.796557325000038],
              [9.092665468000064, 47.79592358900004],
              [9.094795615000066, 47.795133070000077],
              [9.096452615000032, 47.794561143000067],
              [9.096654164000029, 47.794509803000039],
              [9.097056498000029, 47.794434079000041],
              [9.097659105000048, 47.79435193900008],
              [9.098903556000039, 47.794215118000068],
              [9.09930563000006, 47.794148371000063],
              [9.099908738000067, 47.794048248000081],
              [9.100901847000046, 47.793836270000043],
              [9.10188237400007, 47.793597155000043],
              [9.103721871000062, 47.793171278000045],
              [9.105757372000028, 47.792415293000033],
              [9.107932464000044, 47.79143633700005],
              [9.109070430000031, 47.790812656000071],
              [9.109930125000062, 47.790122498000073],
              [9.110619485000029, 47.789322302000073],
              [9.110840882000048, 47.789037485000051],
              [9.111153594000029, 47.78882573900006],
              [9.111678125000026, 47.788670620000062],
              [9.112109068000052, 47.788523296000051],
              [9.11310805100004, 47.788095558000066],
              [9.11430096600003, 47.787409604000061],
              [9.115674230000025, 47.786950642000079],
              [9.116456314000061, 47.786645963000069],
              [9.117077896000069, 47.78635722000007],
              [9.118289559000061, 47.785473714000034],
              [9.119014459000027, 47.784826726000063],
              [9.119654341000057, 47.784358430000054],
              [9.120316622000075, 47.784043219000068],
              [9.12182705500004, 47.783442100000059],
              [9.124431041000037, 47.78236038700004],
              [9.125366127000063, 47.781823873000064],
              [9.126208621000046, 47.781259219000049],
              [9.126836800000035, 47.78072781700007],
              [9.127851920000069, 47.779706910000073],
              [9.128606104000028, 47.778475978000074],
              [9.130103929000029, 47.776391490000037],
              [9.132057805000045, 47.774204845000042],
              [9.133035670000027, 47.773075569000071],
              [9.133474837000051, 47.772622661000071],
              [9.134110711000062, 47.772289065000052],
              [9.135366382000029, 47.771720534000053],
              [9.136819747000061, 47.770749981000051],
              [9.137648099000046, 47.770203049000031],
              [9.138683514000036, 47.769398031000037],
              [9.139103595000051, 47.769151598000064],
              [9.139307216000077, 47.769019313000058],
              [9.140475138000056, 47.768728273000079],
              [9.142862037000043, 47.768227687000035],
              [9.144213067000067, 47.768064723000066],
              [9.145813879000059, 47.768030683000063],
              [9.14893014300003, 47.76815922000003],
              [9.150424821000058, 47.768105820000073],
              [9.151670912000043, 47.767878547000066],
              [9.153323414000056, 47.767413594000061],
              [9.155780169000025, 47.766787754000063],
              [9.157529539000052, 47.76618910600007],
              [9.158564257000023, 47.76588724700008],
              [9.160046047000037, 47.765321222000068],
              [9.162679506000075, 47.764068217000045],
              [9.163974622000069, 47.763499851000063],
              [9.164301494000028, 47.763737552000066],
              [9.169439037000075, 47.761562273000038],
              [9.173835051000026, 47.759683346000031],
              [9.175100631000021, 47.759213365000051],
              [9.176083235000021, 47.758856782000066],
              [9.176691275000053, 47.758549574000028],
              [9.177176263000035, 47.758357717000081],
              [9.177671697000051, 47.75827384400003],
              [9.178192170000045, 47.758726544000069],
              [9.179962932000024, 47.758328573000028],
              [9.180921223000041, 47.757881769000051],
              [9.181976595000037, 47.757292320000033],
              [9.18178890300004, 47.756831651000027],
              [9.183198522000055, 47.756453202000046],
              [9.183684180000057, 47.756234361000054],
              [9.184430395000049, 47.755740027000058],
              [9.185638204000043, 47.754927678000058],
              [9.186234717000048, 47.75454837500007],
              [9.187401543000021, 47.753771467000035],
              [9.188254751000045, 47.753260420000061],
              [9.188738930000056, 47.753095469000073],
              [9.189208119000057, 47.752993253000056],
              [9.190044885000077, 47.752598842000054],
              [9.191272294000044, 47.752047327000071],
              [9.191642940000065, 47.75163832000004],
              [9.192058054000029, 47.751059070000053],
              [9.192410150000057, 47.750847577000059],
              [9.192932366000036, 47.75075497000006],
              [9.193536651000045, 47.750582450000081],
              [9.193924920000029, 47.750515197000027],
              [9.194366007000042, 47.750466552000034],
              [9.196724225000025, 47.750494769000056],
              [9.197367284000052, 47.750367633000053],
              [9.197973436000041, 47.750123206000069],
              [9.19846179700005, 47.749796476000029],
              [9.198880708000047, 47.749576773000058],
              [9.199524927000027, 47.749404697000045],
              [9.200313103000042, 47.749333203000049],
              [9.200848376000067, 47.749249702000043],
              [9.201756642000021, 47.74900215100007],
              [9.202139398000043, 47.748891977000028],
              [9.204822719000049, 47.74811954900008],
              [9.206454413000074, 47.747896243000071],
              [9.208548420000056, 47.747318868000036],
              [9.209475387000055, 47.747033238000029],
              [9.210069519000058, 47.746734675000027],
              [9.210968654000055, 47.746493644000054],
              [9.212082335000048, 47.746201213000063],
              [9.214462257000037, 47.745384425000054],
              [9.217575184000054, 47.74404591800004],
              [9.219827729000031, 47.742993829000056],
              [9.220761967000044, 47.74242057400005],
              [9.221484900000064, 47.741772929000035],
              [9.222027929000035, 47.741383824000081],
              [9.222500873000058, 47.741128715000059],
              [9.22292899100006, 47.741061828000056],
              [9.223382824000055, 47.741031192000037],
              [9.223718851000058, 47.740918283000042],
              [9.224774045000061, 47.740301472000056],
              [9.225388253000062, 47.739733423000075],
              [9.225984116000063, 47.738841588000071],
              [9.226218240000037, 47.738026416000025],
              [9.226429577000033, 47.737579486000072],
              [9.226710970000056, 47.736998554000081],
              [9.227004117000035, 47.735959372000082],
              [9.227018185000077, 47.735411270000043],
              [9.226764254000045, 47.734922952000034],
              [9.225954756000021, 47.733241730000032],
              [9.225898340000072, 47.732927974000063],
              [9.225986999000042, 47.732505094000032],
              [9.226255973000036, 47.731888069000036],
              [9.226351419000025, 47.731222093000042],
              [9.226277836000065, 47.730793181000081],
              [9.226332575000072, 47.730308696000066],
              [9.226430329000038, 47.729796176000036],
              [9.226317393000045, 47.729252657000075],
              [9.226161446000049, 47.72873717300007],
              [9.226556643000038, 47.728171058000044],
              [9.226819125000077, 47.72783168400008],
              [9.226870926000061, 47.727461312000059],
              [9.227163960000041, 47.727135072000067],
              [9.227742817000035, 47.726899158000037],
              [9.228195596000035, 47.72690444400007],
              [9.228568473000053, 47.726908795000043],
              [9.228652060000059, 47.726765964000037],
              [9.228646112000035, 47.726478281000027],
              [9.228610525000022, 47.726344158000074],
              [9.228485198000044, 47.726000045000035],
              [9.228330925000023, 47.725782535000064],
              [9.228012705000026, 47.725724893000063],
              [9.227709417000028, 47.725604510000039],
              [9.227756098000043, 47.724823107000077],
              [9.227839962000076, 47.724149994000072],
              [9.226429881000058, 47.723558297000068],
              [9.226307793000046, 47.723125451000044],
              [9.228456928000071, 47.723465128000043],
              [9.229317445000049, 47.723151603000076],
              [9.229222425000046, 47.722701101000041],
              [9.227278125000055, 47.722166098000059],
              [9.227418658000033, 47.721880127000077],
              [9.229206117000047, 47.722090051000066],
              [9.229448397000056, 47.721679119000044],
              [9.230334652000067, 47.719837950000056],
              [9.232356490000029, 47.71785720400004],
              [9.235100106000061, 47.715767966000044],
              [9.236688921000052, 47.71404276700008],
              [9.238078950000045, 47.711227726000061],
              [9.238298125000028, 47.710987595000063],
              [9.238517297000044, 47.710747463000075],
              [9.238599686000043, 47.710649552000064],
              [9.238885418000052, 47.710410190000061],
              [9.239266618000045, 47.710082055000044],
              [9.239687295000067, 47.709772352000073],
              [9.240121278000061, 47.709462801000029],
              [9.241286657000046, 47.708667375000061],
              [9.241707309000049, 47.708357664000062],
              [9.242399661000036, 47.707835383000031],
              [9.244139293000046, 47.70644438000005],
              [9.244993829000066, 47.705825089000029],
              [9.245576668000069, 47.705418368000039],
              [9.246456884000054, 47.704835313000046],
              [9.247499306000066, 47.704155252000078],
              [9.248568094000063, 47.703484472000071],
              [9.250867344000028, 47.70206384800008],
              [9.253963261000024, 47.700193926000054],
              [9.255057820000047, 47.699550345000034],
              [9.256152125000028, 47.698915738000039],
              [9.262150728000051, 47.695518613000047],
              [9.263417251000021, 47.694801256000062],
              [9.265140638000048, 47.694020916000056],
              [9.265665249000051, 47.693802174000041],
              [9.266391265000038, 47.693513811000059],
              [9.266928503000031, 47.693322169000055],
              [9.267492354000069, 47.693130825000026],
              [9.268243404000032, 47.692905646000042],
              [9.270549746000029, 47.692230679000033],
              [9.271727509000073, 47.691974343000027],
              [9.272238068000036, 47.692321628000059],
              [9.274479122000059, 47.691591918000029],
              [9.275122769000063, 47.691401434000056],
              [9.275394464000044, 47.691179801000033],
              [9.275590521000026, 47.690786554000056],
              [9.275796117000027, 47.690546202000064],
              [9.276255657000036, 47.690263766000044],
              [9.276794151000047, 47.690018166000073],
              [9.277396298000042, 47.689890115000026],
              [9.277758691000031, 47.689768358000038],
              [9.278432012000053, 47.689452363000044],
              [9.278956737000044, 47.689224573000047],
              [9.279468813000051, 47.688969676000056],
              [9.280481187000021, 47.688396830000045],
              [9.281133815000032, 47.687837925000053],
              [9.282173420000049, 47.687238407000052],
              [9.282761862000029, 47.687667399000077],
              [9.28409902900006, 47.686873465000076],
              [9.283736354000041, 47.686464977000071],
              [9.285351803000026, 47.685719074000076],
              [9.286297733000026, 47.685136449000026],
              [9.286990170000024, 47.684577955000066],
              [9.287498865000032, 47.684457796000061],
              [9.287877790000039, 47.684201379000058],
              [9.288606892000075, 47.68322986000004],
              [9.289228088000073, 47.683407532000047],
              [9.291160754000032, 47.682197727000073],
              [9.292302628000073, 47.68176102700005],
              [9.294311925000045, 47.68122607600003],
              [9.29601473200006, 47.68070567500007],
              [9.297414324000044, 47.68006506200004],
              [9.298305916000061, 47.679517688000033],
              [9.299111578000065, 47.679221006000034],
              [9.300520051000035, 47.678760201000046],
              [9.301688155000022, 47.678332683000065],
              [9.302373389000024, 47.678061614000057],
              [9.302914220000048, 47.677708067000026],
              [9.303225411000028, 47.677495791000069],
              [9.303671155000075, 47.677222081000082],
              [9.304234032000068, 47.67705750500005],
              [9.304514495000035, 47.677015649000055],
              [9.305638722000026, 47.676749380000047],
              [9.306646874000023, 47.676329042000077],
              [9.307254390000026, 47.675967218000039],
              [9.308982899000057, 47.674916648000078],
              [9.310423362000051, 47.67422239800004],
              [9.311483989000067, 47.673829553000076],
              [9.312703160000069, 47.673483364000049],
              [9.313288921000037, 47.673471776000042],
              [9.313779843000077, 47.673531051000055],
              [9.314135161000024, 47.673696694000057],
              [9.314395644000058, 47.673933202000057],
              [9.31491317800004, 47.673992762000069],
              [9.315236312000025, 47.673834507000038],
              [9.315625530000034, 47.673694945000079],
              [9.316310838000049, 47.67341480500005],
              [9.316659070000071, 47.67331973000006],
              [9.317233237000039, 47.673236097000029],
              [9.31802046100006, 47.673145787000067],
              [9.318794808000064, 47.673037358000045],
              [9.319383552000033, 47.672899947000076],
              [9.319971439000028, 47.672798474000047],
              [9.320557616000031, 47.672768878000056],
              [9.321049819000052, 47.672774210000057],
              [9.321369513000036, 47.67275969700006],
              [9.322267407000027, 47.672490809000067],
              [9.32256198400006, 47.672413110000036],
              [9.323188064000021, 47.67238393100007],
              [9.324031879000074, 47.672150393000038],
              [9.325871550000045, 47.671442281000054],
              [9.327164077000077, 47.670800143000065],
              [9.327921941000056, 47.670260082000027],
              [9.328425779000042, 47.669771206000064],
              [9.32904657000006, 47.669400420000045],
              [9.329678959000034, 47.669101655000077],
              [9.330298251000045, 47.66879375700006],
              [9.331099762000065, 47.668092374000025],
              [9.331695177000029, 47.667667379000079],
              [9.332576458000062, 47.666966842000079],
              [9.333290502000068, 47.666588047000062],
              [9.333879551000052, 47.666432589000067],
              [9.335039069000061, 47.66634614700007],
              [9.335729253000068, 47.66641644200007],
              [9.336152363000053, 47.66652881400006],
              [9.33644393700007, 47.66657686800005],
              [9.336857326000029, 47.666536350000058],
              [9.337569859000041, 47.666220422000038],
              [9.338086021000038, 47.665767585000026],
              [9.338495136000063, 47.665340565000065],
              [9.339113486000031, 47.66506855800003],
              [9.339892278000036, 47.664762310000071],
              [9.340619325000034, 47.664392594000049],
              [9.341520317000061, 47.663979789000052],
              [9.342355001000044, 47.663557285000081],
              [9.343053319000035, 47.663277120000032],
              [9.343871749000073, 47.662980253000057],
              [9.344704515000046, 47.662638595000033],
              [9.345402598000021, 47.66236740100004],
              [9.346248435000064, 47.662034858000027],
              [9.346954795000045, 47.661979434000045],
              [9.347517981000067, 47.661787681000078],
              [9.34816242100004, 47.661533875000032],
              [9.348969158000045, 47.661164950000057],
              [9.349306648000038, 47.660952827000074],
              [9.349721644000056, 47.660840380000081],
              [9.350040837000051, 47.660843754000041],
              [9.350370002000034, 47.660991026000033],
              [9.350753615000031, 47.661084949000042],
              [9.351245499000072, 47.661099129000036],
              [9.35197968600005, 47.660990044000073],
              [9.353047814000035, 47.660821562000081],
              [9.354019107000056, 47.660813820000044],
              [9.354778018000047, 47.660785860000033],
              [9.355445073000055, 47.660703006000062],
              [9.356314724000072, 47.660487470000078],
              [9.35675629900004, 47.660375277000071],
              [9.356982806000076, 47.660359681000045],
              [9.357193945000063, 47.660433796000063],
              [9.35740301900006, 47.66059776000003],
              [9.357689205000042, 47.660879366000074],
              [9.358328914000026, 47.661407333000056],
              [9.358853684000053, 47.661727387000042],
              [9.359343306000028, 47.661840366000035],
              [9.359834374000059, 47.661890447000076],
              [9.360419574000048, 47.661896576000061],
              [9.361137775000032, 47.661904094000079],
              [9.361852063000072, 47.66208232200006],
              [9.362523988000021, 47.662367948000053],
              [9.363139223000076, 47.662805760000026],
              [9.363849626000047, 47.663154690000056],
              [9.364483319000044, 47.663368008000077],
              [9.365333313000065, 47.663430796000057],
              [9.365998335000029, 47.66343772700003],
              [9.366389174000062, 47.66321712000007],
              [9.366771244000063, 47.662214539000047],
              [9.367672579000043, 47.662358727000026],
              [9.367376270000022, 47.663101577000077],
              [9.367365821000021, 47.663559813000063],
              [9.36757125400004, 47.663885488000062],
              [9.367920129000026, 47.664338475000079],
              [9.368469546000028, 47.664748610000061],
              [9.369009149000021, 47.665005859000075],
              [9.369750113000066, 47.665184313000054],
              [9.370309569000028, 47.66515417200003],
              [9.370738262000032, 47.665023814000051],
              [9.371289519000072, 47.664768904000027],
              [9.371807434000061, 47.664810223000075],
              [9.372149583000066, 47.664975537000032],
              [9.372461868000073, 47.66528433600007],
              [9.372736905000068, 47.665475915000059],
              [9.373159072000021, 47.66563306900008],
              [9.373463977000029, 47.665681161000066],
              [9.374142330000041, 47.665688180000075],
              [9.374743321000039, 47.665586549000068],
              [9.375425742000061, 47.665413859000068],
              [9.375980030000051, 47.665024150000079],
              [9.376479886000027, 47.664687800000081],
              [9.377096598000037, 47.664478473000031],
              [9.377404546000037, 47.664391778000038],
              [9.377899109000055, 47.664289032000056],
              [9.377990590000024, 47.664361873000075],
              [9.377934545000073, 47.664487115000043],
              [9.377626192000037, 47.66459178100007],
              [9.377291438000043, 47.664687187000027],
              [9.377155586000072, 47.664811606000058],
              [9.377150305000043, 47.665045217000056],
              [9.377226048000068, 47.665225741000029],
              [9.377517044000058, 47.665300640000055],
              [9.377956991000076, 47.665260240000066],
              [9.378306265000049, 47.665111059000026],
              [9.378526384000054, 47.664789790000043],
              [9.378688022000063, 47.664701584000056],
              [9.378911297000059, 47.664829704000056],
              [9.379227881000077, 47.664949798000066],
              [9.379959255000074, 47.665044858000044],
              [9.380942490000052, 47.66515008500005],
              [9.382792681000069, 47.665570611000078],
              [9.383553669000037, 47.665452600000037],
              [9.38420622600006, 47.665423343000043],
              [9.385245722000036, 47.665344124000057],
              [9.385603639000067, 47.665401712000062],
              [9.385946644000057, 47.665531043000044],
              [9.386250755000049, 47.665615039000045],
              [9.386436970000034, 47.665616945000068],
              [9.38674450600007, 47.665548194000053],
              [9.386988153000061, 47.665361956000027],
              [9.387096977000056, 47.665255223000031],
              [9.387034499000038, 47.665074842000081],
              [9.386922845000072, 47.66471421500006],
              [9.387111674000039, 47.664599313000053],
              [9.387377288000039, 47.664620003000039],
              [9.387546576000034, 47.664783502000034],
              [9.387694314000044, 47.665315252000028],
              [9.387922488000072, 47.666414013000065],
              [9.388156682000044, 47.666650072000039],
              [9.388725825000051, 47.666781704000073],
              [9.389080742000033, 47.666974057000061],
              [9.39091860800005, 47.667487092000044],
              [9.391808411000056, 47.667559065000034],
              [9.392350570000076, 47.667708378000043],
              [9.392693609000048, 47.667837688000077],
              [9.393523532000074, 47.667656560000069],
              [9.394230059000051, 47.667544848000034],
              [9.395179765000023, 47.667578270000035],
              [9.395915138000021, 47.667752181000026],
              [9.396541765000052, 47.668067656000062],
              [9.397135845000037, 47.66826390500006],
              [9.397872818000053, 47.668366484000046],
              [9.398787349000031, 47.668399519000047],
              [9.399458679000077, 47.668287416000055],
              [9.400672046000068, 47.668035394000071],
              [9.401633747000062, 47.667865360000064],
              [9.402030812000021, 47.667959238000037],
              [9.402414974000067, 47.66803500900005],
              [9.402813233000074, 47.668074973000046],
              [9.403886512000042, 47.668274516000054],
              [9.405097375000025, 47.668268728000044],
              [9.406281832000047, 47.668253675000074],
              [9.40704161900004, 47.668189410000025],
              [9.407402152000031, 47.668130120000058],
              [9.407711057000029, 47.667998414000067],
              [9.408652448000055, 47.667540527000028],
              [9.408760046000054, 47.667487683000047],
              [9.409220787000038, 47.667105856000035],
              [9.409329370000023, 47.667008086000067],
              [9.409583677000057, 47.666938737000066],
              [9.409837194000033, 47.666905328000041],
              [9.410301366000056, 47.666972886000053],
              [9.410643460000074, 47.667147065000051],
              [9.410959348000063, 47.667303007000044],
              [9.411517030000027, 47.667353521000052],
              [9.411983767000038, 47.667304265000041],
              [9.412504497000043, 47.667219598000031],
              [9.413262686000053, 47.667227170000046],
              [9.413874559000021, 47.667233278000026],
              [9.414526336000051, 47.667239780000045],
              [9.415209035000032, 47.667048870000031],
              [9.415758125000025, 47.66688358600004],
              [9.416521210000042, 47.666666508000048],
              [9.417110391000051, 47.66649263000005],
              [9.417898110000067, 47.666365658000075],
              [9.418430164000029, 47.666370946000029],
              [9.419113031000052, 47.666171027000075],
              [9.419729777000043, 47.665952473000061],
              [9.420208622000075, 47.665957224000067],
              [9.420594359000063, 47.665961051000068],
              [9.421020780000049, 47.66592933000004],
              [9.421611497000072, 47.665683547000071],
              [9.422149784000055, 47.665401293000059],
              [9.422716422000065, 47.665038433000063],
              [9.423070820000021, 47.664646510000068],
              [9.423184630000037, 47.664306128000078],
              [9.423322702000064, 47.664073830000063],
              [9.423849414000074, 47.663710570000035],
              [9.424485051000033, 47.66323155300006],
              [9.425268731000074, 47.662673111000061],
              [9.425983172000031, 47.662239799000076],
              [9.426626439000074, 47.662021469000081],
              [9.427296301000069, 47.661803398000075],
              [9.427912957000046, 47.661584798000035],
              [9.428494165000075, 47.661159145000056],
              [9.429277186000036, 47.660627631000068],
              [9.430300939000062, 47.660035568000069],
              [9.431018005000055, 47.659476432000076],
              [9.431654872000024, 47.658934479000038],
              [9.432224457000075, 47.658427811000081],
              [9.433318870000051, 47.657638701000053],
              [9.434193141000037, 47.657188931000064],
              [9.435144685000068, 47.65685674100007],
              [9.435906954000075, 47.656666484000027],
              [9.436947338000039, 47.656532861000073],
              [9.437851655000031, 47.656541691000029],
              [9.438687558000026, 47.656639716000029],
              [9.439414964000036, 47.656835534000038],
              [9.440687823000076, 47.657027671000037],
              [9.441778335000038, 47.657038281000041],
              [9.442628892000073, 47.657073509000043],
              [9.443466725000064, 47.657081647000041],
              [9.444600189000028, 47.656948854000063],
              [9.445577685000046, 47.656643786000075],
              [9.446422181000059, 47.656337422000036],
              [9.447226009000076, 47.656066606000081],
              [9.448269393000032, 47.655789113000026],
              [9.449324734000072, 47.655574634000061],
              [9.450261709000074, 47.65529609400005],
              [9.45113161200004, 47.655043861000081],
              [9.452000179000038, 47.654854517000047],
              [9.452884500000039, 47.654548488000046],
              [9.453862465000043, 47.654216391000034],
              [9.454763086000071, 47.653766712000049],
              [9.455355381000061, 47.653430897000078],
              [9.455991150000045, 47.652924745000064],
              [9.456265224000049, 47.652540937000026],
              [9.456392076000043, 47.652200652000033],
              [9.456515907000039, 47.652004127000055],
              [9.456796478000058, 47.651943909000067],
              [9.457353846000046, 47.652003173000026],
              [9.457806719000075, 47.651971564000064],
              [9.458154341000068, 47.65188502400008],
              [9.458263736000049, 47.651742281000054],
              [9.458466590000057, 47.651582458000064],
              [9.459583580000071, 47.65159314400006],
              [9.460088886000051, 47.651597975000072],
              [9.460557307000045, 47.65145866000006],
              [9.46101731300007, 47.651085604000059],
              [9.461330855000028, 47.650720135000029],
              [9.461659567000027, 47.650264942000035],
              [9.461974225000063, 47.649845561000063],
              [9.462158536000061, 47.64929912000008],
              [9.462381420000042, 47.648815954000042],
              [9.462988214000063, 47.648417331000076],
              [9.463653985000064, 47.648378740000055],
              [9.46438530100005, 47.648385703000031],
              [9.465208572000051, 47.648447457000032],
              [9.465495112000042, 47.648737761000064],
              [9.46571461000002, 47.649054388000081],
              [9.466280579000056, 47.649338359000069],
              [9.466686804000062, 47.649629797000046],
              [9.47003455600003, 47.650452382000026],
              [9.470392278000077, 47.650518675000058],
              [9.470423790000041, 47.65092338200003],
              [9.470672345000025, 47.651123445000053],
              [9.471509710000021, 47.651149337000049],
              [9.472227771000064, 47.651156121000042],
              [9.473371350000036, 47.651166917000069],
              [9.474130788000025, 47.65110218500007],
              [9.474943784000061, 47.651019978000079],
              [9.475532946000044, 47.650827815000071],
              [9.476296264000041, 47.650574381000069],
              [9.476941009000029, 47.650265905000026],
              [9.477840610000044, 47.649851977000026],
              [9.478392258000042, 47.649542619000044],
              [9.479197647000035, 47.649181717000033],
              [9.47979730000003, 47.649124433000054],
              [9.480555224000057, 47.649131537000073],
              [9.481229312000039, 47.649335561000044],
              [9.482117037000023, 47.648849593000079],
              [9.48301496800002, 47.649163542000053],
              [9.486965757000064, 47.651078645000041],
              [9.487480878000042, 47.651254189000042],
              [9.48809, 47.65138567200006],
              [9.488502041000061, 47.65139848900003],
              [9.489089143000058, 47.651305090000051],
              [9.491163577000066, 47.650668304000078],
              [9.491456483000036, 47.65065304500007],
              [9.491733175000036, 47.650781425000048],
              [9.491997846000061, 47.650846785000056],
              [9.492345218000025, 47.650769121000053],
              [9.493953640000029, 47.650154927000074],
              [9.494701375000034, 47.650009061000048],
              [9.495284089000052, 47.650131272000067],
              [9.495315589000029, 47.649888919000034],
              [9.495456736000051, 47.649485815000048],
              [9.496069809000062, 47.64876354200004],
              [9.49693441200003, 47.648097506000056],
              [9.497945979000065, 47.64739687000008],
              [9.498711484000069, 47.64702647200005],
              [9.500033613000028, 47.646751054000049],
              [9.501106712000023, 47.646293598000057],
              [9.503082932000041, 47.644568290000052],
              [9.503598981000039, 47.644033812000032],
              [9.50411844100006, 47.64332861400004],
              [9.504826358000059, 47.642508311000029],
              [9.505003874000067, 47.642276280000033],
              [9.50526043800005, 47.642080917000044],
              [9.505719483000064, 47.641734631000077],
              [9.506206728000052, 47.641307720000043],
              [9.506385311000031, 47.64102177500007],
              [9.506738878000021, 47.640629588000081],
              [9.506956621000029, 47.640379947000042],
              [9.507509597000023, 47.639989578000041],
              [9.508102268000073, 47.639608554000063],
              [9.50850970700003, 47.639180906000036],
              [9.509096950000071, 47.638404413000046],
              [9.509531495000033, 47.63795004800005],
              [9.510084244000041, 47.637568652000027],
              [9.510621009000033, 47.637321907000057],
              [9.510969867000028, 47.637163319000081],
              [9.511189540000032, 47.636814835000052],
              [9.511222563000047, 47.636491615000068],
              [9.511243544000024, 47.636105378000082],
              [9.511530213000071, 47.635730542000033],
              [9.511881559000074, 47.635446161000061],
              [9.512226952000049, 47.635386711000081],
              [9.512547296000037, 47.635398286000054],
              [9.512693195000054, 47.635416086000077],
              [9.51334311100004, 47.635495374000072],
              [9.514049975000034, 47.635384956000053],
              [9.514693042000033, 47.635139156000037],
              [9.515055521000022, 47.634962705000078],
              [9.515219135000052, 47.634757493000052],
              [9.515278005000027, 47.634470453000063],
              [9.515522619000023, 47.634203067000044],
              [9.516193186000066, 47.633238575000064],
              [9.516641488000062, 47.632083351000063],
              [9.516707279000059, 47.63144589400008],
              [9.51658449100006, 47.630932546000054],
              [9.516277395000031, 47.630327664000049],
              [9.516195200000027, 47.629778737000038],
              [9.51627890900005, 47.628907791000074],
              [9.517106255000044, 47.627405520000082],
              [9.517654800000059, 47.625882754000031],
              [9.51833907200006, 47.623543434000055],
              [9.518267672000036, 47.623120421000067],
              [9.518043183000032, 47.622372509000058],
              [9.518000851000068, 47.621823946000063],
              [9.518154846000073, 47.621429928000055],
              [9.518532454000024, 47.621154753000042],
              [9.519459888000029, 47.620632913000065],
              [9.51994574500003, 47.620259857000065],
              [9.520569267000042, 47.61964540300005],
              [9.521074942000041, 47.618940020000025],
              [9.521325287000025, 47.618376122000029],
              [9.521670768000035, 47.617705241000067],
              [9.522212031000038, 47.617215851000026],
              [9.523156702000051, 47.616487447000054],
              [9.523842343000069, 47.61608921100003],
              [9.524499282000022, 47.615798552000058],
              [9.525233650000075, 47.615625407000039],
              [9.526178510000022, 47.615561981000042],
              [9.526829624000072, 47.615567811000062],
              [9.527043816000059, 47.61548884900003],
              [9.527458732000071, 47.615339790000064],
              [9.527147631000048, 47.614258628000073],
              [9.526939600000048, 47.614023118000034],
              [9.526651142000048, 47.613822834000075],
              [9.526535952000074, 47.613597140000081],
              [9.526582148000045, 47.613274041000068],
              [9.526841644000058, 47.612916904000031],
              [9.527240513000038, 47.612228515000027],
              [9.527506501000062, 47.611538936000045],
              [9.52793216300006, 47.610158828000067],
              [9.528180514000042, 47.609010782000041],
              [9.528195792000076, 47.608229098000038],
              [9.527981345000057, 47.607643063000069],
              [9.52776321500005, 47.60724570900004],
              [9.527770417000056, 47.606877330000032],
              [9.527897542000062, 47.606492051000032],
              [9.528156291000073, 47.606170853000037],
              [9.528360490000068, 47.605921058000035],
              [9.528499313000054, 47.605616760000032],
              [9.528597225000055, 47.605366016000062],
              [9.529291835000038, 47.603817571000036],
              [9.529564547000064, 47.603460550000079],
              [9.529998600000056, 47.603006117000064],
              [9.530348557000025, 47.602775593000047],
              [9.530711095000072, 47.602581126000075],
              [9.530857926000067, 47.602546489000076],
              [9.53163193000006, 47.602373659000079],
              [9.532217674000037, 47.602315970000063],
              [9.532712347000029, 47.602158618000033],
              [9.533223969000062, 47.601812700000039],
              [9.533697826000036, 47.601358608000055],
              [9.534571916000061, 47.600135242000079],
              [9.535236251000072, 47.59944919000003],
              [9.536142806000043, 47.598603528000069],
              [9.536484468000026, 47.598112308000054],
              [9.536491083000044, 47.597770886000035],
              [9.536473742000055, 47.597294456000043],
              [9.536649382000064, 47.597143245000041],
              [9.537222819000021, 47.597031503000039],
              [9.537930474000063, 47.596849056000053],
              [9.538734752000039, 47.59647874500007],
              [9.53936348600007, 47.596158544000048],
              [9.539969793000068, 47.595815686000037],
              [9.540670031000047, 47.595327621000081],
              [9.541471839000053, 47.595083077000027],
              [9.54208664600003, 47.594890799000041],
              [9.542663504000075, 47.594599333000076],
              [9.543513605000044, 47.593914871000038],
              [9.544014030000028, 47.593451986000048],
              [9.544247942000027, 47.593031687000064],
              [9.544506687000023, 47.592701470000065],
              [9.545244440000033, 47.592330528000048],
              [9.545986145000029, 47.591752933000066],
              [9.546919801000058, 47.590862496000057],
              [9.547745453000061, 47.590060969000035],
              [9.548701656000048, 47.589377401000036],
              [9.549016612000059, 47.589047138000069],
              [9.54929377600007, 47.588756498000066],
              [9.549772490000066, 47.588254501000051],
              [9.550341433000028, 47.587675368000077],
              [9.550972137000031, 47.587339400000076],
              [9.55187864100003, 47.587167588000057],
              [9.552130970000064, 47.587169789000029],
              [9.552502825000033, 47.587173032000067],
              [9.552965933000053, 47.587266930000055],
              [9.553120852000063, 47.587501922000058],
              [9.552469418000044, 47.587532190000047],
              [9.551188652000064, 47.587826548000066],
              [9.550828017000072, 47.587931234000052],
              [9.550070570000059, 47.588643516000047],
              [9.55026600900004, 47.588842921000037],
              [9.550757748000024, 47.588829245000056],
              [9.551333772000021, 47.589552286000071],
              [9.552034528000036, 47.589442467000026],
              [9.55214574200005, 47.589182836000077],
              [9.551928013000065, 47.588758583000072],
              [9.552053706000038, 47.588436175000027],
              [9.552522673000055, 47.588135855000075],
              [9.553253429000051, 47.588212990000045],
              [9.554056677000062, 47.589280361000078],
              [9.553506340000069, 47.589581102000068],
              [9.55380565300004, 47.58990721400005],
              [9.553455382000038, 47.590164765000054],
              [9.55344597800007, 47.59065892700005],
              [9.554028199000072, 47.590777740000078],
              [9.554411938000044, 47.590856047000045],
              [9.555188068000064, 47.59055726400004],
              [9.555952442000034, 47.59017749700007],
              [9.554373116000022, 47.588007069000071],
              [9.553956847000052, 47.587545148000061],
              [9.553935754000065, 47.587257405000059],
              [9.554073002000052, 47.58702495700004],
              [9.554648844000042, 47.586778353000057],
              [9.555234718000065, 47.586702572000036],
              [9.556217654000022, 47.586001201000045],
              [9.557127838000042, 47.585551599000041],
              [9.557381376000023, 47.585570976000042],
              [9.557457992000025, 47.585733393000055],
              [9.557348856000033, 47.585885212000051],
              [9.557078484000044, 47.586134480000055],
              [9.556232794000039, 47.586603409000077],
              [9.556097262000037, 47.586746012000049],
              [9.556107644000065, 47.586898868000048],
              [9.556198732000041, 47.586998507000033],
              [9.556848957000057, 47.58773203700008],
              [9.558093449000069, 47.589351366000074],
              [9.558485930000074, 47.58966928500007],
              [9.558879776000026, 47.58991532500005],
              [9.559096977000024, 47.589949556000079],
              [9.559422778000055, 47.590000902000043],
              [9.560156135000057, 47.589854480000042],
              [9.560612110000022, 47.589624779000076],
              [9.561245313000029, 47.589153980000049],
              [9.561383210000031, 47.588885584000082],
              [9.561345402000029, 47.588777422000078],
              [9.561307594000027, 47.588669261000064],
              [9.561144269000067, 47.588173608000034],
              [9.560857809000026, 47.587164676000043],
              [9.56058876000003, 47.586641150000048],
              [9.560196289000032, 47.58632323900008],
              [9.559709334000047, 47.586085385000047],
              [9.559179483000037, 47.586008910000032],
              [9.558755876000021, 47.58593335200004],
              [9.558454003000065, 47.585742027000038],
              [9.558258543000022, 47.585542636000071],
              [9.558222615000034, 47.585335642000075],
              [9.558630833000052, 47.585073375000036],
              [9.558914625000057, 47.584933177000039],
              [9.559654739000052, 47.584820703000048],
              [9.560110615000042, 47.584872199000074],
              [9.560775965000062, 47.584996832000058],
              [9.561444459000029, 47.58495505500008],
              [9.562079159000064, 47.584841654000058],
              [9.562851266000052, 47.584895868000046],
              [9.563656275000028, 47.585069238000074],
              [9.564358562000052, 47.58509906300003],
              [9.565553657000066, 47.585085569000057],
              [9.566892418000066, 47.58490686500005],
              [9.571966728000064, 47.584165708000057],
              [9.572703257000057, 47.584243323000067],
              [9.573578120000036, 47.584440993000044],
              [9.574380062000046, 47.584780690000059],
              [9.575450386000057, 47.585294862000069],
              [9.576331809000067, 47.585751666000078],
              [9.577658216000032, 47.586140017000048],
              [9.578641187000073, 47.586195907000047],
              [9.579765589000033, 47.586205434000078],
              [9.581068316000028, 47.586073800000065],
              [9.582089935000056, 47.585939778000068],
              [9.583248155000035, 47.58602088300006],
              [9.587100813000063, 47.586785461000034],
              [9.588503536000076, 47.586897247000081],
              [9.589647724000031, 47.586816559000056],
              [9.589685773000042, 47.587287724000078],
              [9.590606822000041, 47.587656830000071],
              [9.591743412000028, 47.58770575300008],
              [9.592949994000037, 47.587823664000041],
              [9.593916546000059, 47.587993477000055],
              [9.594831615000032, 47.588072992000036],
              [9.595548618000066, 47.588087947000076],
              [9.595960978000051, 47.588055433000079],
              [9.596373664000055, 47.588004948000048],
              [9.596773720000044, 47.587918412000079],
              [9.597871547000068, 47.587442277000036],
              [9.598901973000068, 47.587019490000046],
              [9.599854975000028, 47.586470246000033],
              [9.600403593000067, 47.586076657000035],
              [9.601048110000022, 47.585549287000049],
              [9.601567191000072, 47.584934955000051],
              [9.602077153000039, 47.584337997000034]
            ],
            [
              [8.675960362000069, 49.615953255000079],
              [8.67186358400005, 49.615878136000049],
              [8.671998362000068, 49.616699226000037],
              [8.672166964000041, 49.617270254000061],
              [8.67232942000004, 49.617820454000082],
              [8.672807336000062, 49.619448],
              [8.675112579000029, 49.621105028000045],
              [8.676408941000034, 49.619803070000046],
              [8.677987017000021, 49.619828491000078],
              [8.678530027000022, 49.62193400700005],
              [8.680587351000042, 49.622471050000058],
              [8.681346259000065, 49.621457361000068],
              [8.682936998000059, 49.621530405000044],
              [8.685867891000044, 49.62166492700004],
              [8.685890506000021, 49.620146091000038],
              [8.685979754000073, 49.618355087000054],
              [8.683383697000068, 49.617797639000059],
              [8.681418672000063, 49.617372972000055],
              [8.678152852000039, 49.616933476000042],
              [8.677411200000051, 49.616601907000074],
              [8.675960362000069, 49.615953255000079]
            ]
          ]
        ]
      }
    }
  ]
}
